[[1351,1350,1024,901,902,903,904,1027,1026,1025,1352,1353,1360,1359,1358,1357,1364,1363,1362,1361,1028,1029,1030,1031,1032,1033,1034,1371,1372,1373,1365,1366,1445,1082,1081,856,855,854,853,852,851,850,849,848,1016,1017,1018,1238,1237,1342,1343,1344,1345,1582,1583,1584,1585,1586,1587,1376,1375,1374,1348,1347,1346,1019,1020,1021,1022,1035,1036,1037,1038],[1351,1350,1024,901,902,904,1027,1025,1352,1353,1360,1359,1357,1364,1363,1362,1361,1028,1029,1030,1031,1032,1034,1371,1373,1365,1366,1445,1082,1081,856,855,854,853,852,851,850,849,848,1016,1017,1018,1238,1237,1342,1343,1344,1582,1583,1585,1586,1587,1376,1374,1348,1347,1345,1019,1022,1035,1037,1038],[1338,1337,1336,1335,1334,1333,1332,1331,1225,1226,1227,1228,1229,1230,1231,1232,1012,1011,1010,1009,1008,1007,1006,1005,1004,836,837,838,839,840,841,842,843,844,897,896,895,894,893,892,726,727,728,729,905,906,907,731,730,741,740,739,738,737,725,724,621,622,623,624],[1338,1337,1332,1331,1225,1226,1231,1232,1012,1011,1005,1004,836,837,839,840,843,844,897,896,893,892,726,727,730,905,907,731,741,740,739,737,725,724,621,622,623,624],[2520,2519,2518,2517,2287,2286,2516,2741,2742,2743,2744,2745,2521,2522,2523,2524,2525,2750,2749,2748,2747,2746,2957,2956,2955,2954,2953,2952,3152,3153,3154,3155,3156,3157,2958,2959,2960,2961,2962,3162,3161,3160,3159,3158,3348,3347,3346,3345,3344,3343,3525,3526,3527,3528,3529,3349,3350,3351,3352,3353,3534,3533,3532,3531,3530,3702,3701,3700,3699,3698,3751,3752,3753,3754,3755,3756,3757,3758,3913,4061,3912,3911,3910,3909,3908,3907],[2520,2518,2517,2287,2286,2516,2741,2742,2743,2745,2521,2523,2524,2525,2750,2749,2748,2746,2957,2955,2953,2952,3152,3153,3155,3157,2958,2960,2961,2962,3162,3161,3160,3158,3348,3346,3344,3343,3525,3526,3528,3529,3349,3351,3352,3353,3534,3533,3532,3530,3702,3700,3699,3698,3751,3752,3754,3755,3757,3758,3913,4061,3912,3908,3907],[1988,1987,1986,2299,2300,2301,2302,2303,2304,2305,2306,2307,2536,2535,2534,2533,2532,2531,2530,2529,2754,2755,2756,2757,2758,2759,2760,2761,2973,2972,2971,2970,2969,2968,2967,2966,3166,3167,3168,3169,3170,3171,3172,3173,3364,3363,3362,3361,3360,3359,3358,3357,3538,3539,3540,3541,3542,3543,3544,3545,3770,3769,3768,3767,3766,3765,3764,3763],[3763,3764,3769,3770,3545,3544,3539,3538,3357,3358,3363,3364,3173,3172,3167,3166,2966,2967,2972,2973,2761,2760,2755,2754,2529,2530,2535,2536,2307,2306,2302,2300,2299,1986,1987,1988]]

Speedy1
[[],[3269,3271,3278,3460,3461,3469,3641,3643,3650,3651,3703,3705,3712,3866,3868,3875,4021,4022,4029,4169,4170,4177,4308,4310,4314,4315,4439,4441,4443,4565,4567,4444,4446,4448,4449,4569,4568,4570,4572,4574,4684,4686,4799,4797,4887,4889,4970,4968,5043,5041,5105,5107,5162,5161,5208,5209,5247,5245,5275,5277,5299,5297,5310,5312,5317,5315,5313,5309,5308,5301,5300,5287,5280,5278,5257,5250,5248,5219,5218,5212,5210,5172,5165,5163,5117,5110,5108,5053,5052,5046,5044,4980,4973,4971,4899,4892,4890,4810,4809,4802,4800,4710,4689,4687,4451,4562,4564,4438,4437,4325,4324,4323,4321,4189,4191,4192,4194,4305,4307,4168,4166,4055,4053,4052,4050,3905,3906,4018,4020,3865,3863,3755,3754,3700,3702,3530,3532,3638,3640,3459,3457,3351,3349,3529,3528,3346,3348,3158,3160,3266,3268,3068,3066,2960,2958,3157,3155,3079,3071,3069,2869,2870,2955,2957,2746,2748,2855,2857,2632,2630,2626,2396,2395,2388,2387,2635,2633,2073,2071,2386,2293,2291,2523,2521,2745,2743,2647,2860,2858,2646,2644,2643,2641,2639,2638,2636,2412,2414,2415,2417,2418,2419,2421,2518,2520,2290,2288,2285,2284,2196,2195,2191,2190,2189,2188,2186,2184,2411,2409,2400,2402,2406,2408,2086,2084,2080,2079,1866,1868,1873,1874,1875,1876,1878,1879,1880,1967,1969,1769,1771,1772,1774,1775,1777,1849,1654,1652,2074,2076,2078,1851,1852,1859,1860,2397,2399,2064,2063,2062,1979,1977,1976,1974,1972,1970,2183,2181,2095,2093,2092,2090,2089,2087,1674,1668,1666,1474,1472,1239,1241,1242,1243,1469,1470,1471,1244,1245,1338,1339,1340,1573,1571,1483,1482,1481,1675,1676,1677,1679,1766,1768,1574,1576,1577,1579,1580,1582,1585,1586,1642,1645,1865,1863,1861,1431,1429,1422,1665,1663,1662,1660,1078,1080,1418,1391,1444,1442,1433,1432,1380,1379,1376,1374,1348,1347,1345,1344,1343,1238,1236,1139,1137,1135,1133,912,914,1016,1018,1019,1022,1035,1037,1038,1039,1041,1045,1046,1047,1052,1053,1072,1073,891,890,882,1124,1123,1119,1118,1468,1466,1461,1459,1458,1456,1454,1453,1450,1098,1100,1101,1102,1106,1108,1109,1110,1112,869,868,867,866,865,864,1105,1103,1094,1093,1089,1087,857,860,1084,1085,1086,861,862,863,1097,1095,1449,1447,1370,1368,1367,1659,1658,1657,1655,1365,1366,1445,1446,1083,1082,1081,856,854,853,852,851,850,849,840,839,746,744,631,633,725,892,893,896,897,898,900,902,904,1028,1029,1030,1031,1032,1034,1371,1373,1356,1354,1353,1352,1360,1359,1357,1364,1363,1362,1361,1027,1025,1023,1349,1351,1132,1130,1129,1128,1127,1125,905,907,909,911,733,731,730,727,726,737,739,741,743,626,625,624,623,736,734,524,522,622,530,528,336,334,430,432,518,519,520,630,627,422,420,414,413,527,525,325,323,316,429,427,425,423,226,228,312,250,248,247,246,166,165,163,44,46,48,55,67,241,240,230,229,175,187,213,219,333,331,327,326,93,92,85,152,150,143,33,31,142,116,114,4,5,22,23,24,155,153,113,112,103,102,101,100,95,94,3,2,1,36,34,156,159,160,162,37,38,41,43,242,245]]

Speedy2
[[],[3269,3271,3278,3460,3461,3469,3641,3643,3650,3651,3703,3705,3712,3866,3868,3875,4021,4022,4029,4169,4170,4177,4308,4310,4314,4315,4439,4441,4443,4565,4567,4444,4446,4448,4449,4569,4568,4570,4572,4574,4684,4686,4799,4797,4887,4889,4970,4968,5043,5041,5105,5107,5162,5161,5208,5209,5247,5245,5275,5277,5299,5297,5310,5312,5317,5315,5313,5309,5308,5301,5300,5287,5280,5278,5257,5250,5248,5219,5218,5212,5210,5172,5165,5163,5117,5110,5108,5053,5052,5046,5044,4980,4973,4971,4899,4892,4890,4810,4809,4802,4800,4710,4689,4687,4451,4562,4564,4438,4437,4325,4324,4323,4321,4189,4191,4192,4194,4305,4307,4168,4166,4055,4053,4052,4050,3905,3906,4018,4020,3865,3863,3755,3754,3700,3702,3530,3532,3638,3640,3459,3457,3351,3349,3529,3528,3346,3348,3158,3160,3266,3268,3068,3066,2960,2958,3157,3155,3079,3071,3069,2869,2870,2955,2957,2746,2748,2855,2857,2632,2630,2626,2396,2395,2388,2387,2635,2633,2073,2071,2386,2293,2291,2523,2521,2745,2743,2647,2860,2858,2646,2644,2643,2641,2639,2638,2636,2412,2414,2415,2417,2418,2419,2421,2518,2520,2290,2288,2285,2284,2196,2195,2191,2190,2189,2188,2186,2184,2411,2409,2400,2402,2406,2408,2086,2084,2080,2079,1866,1868,1873,1874,1875,1876,1878,1879,1880,1967,1969,1769,1771,1772,1774,1775,1777,1849,1654,1652,2074,2076,2078,1851,1852,1859,1860,2397,2399,2064,2063,2062,1979,1977,1976,1974,1972,1970,2183,2181,2095,2093,2092,2090,2089,2087,1674,1668,1666,1474,1472,1239,1241,1242,1243,1469,1470,1471,1244,1245,1338,1339,1340,1573,1571,1483,1482,1481,1675,1676,1677,1679,1766,1768,1574,1576,1577,1579,1580,1582,1585,1586,1642,1645,1865,1863,1861,1431,1429,1422,1665,1663,1662,1660,1078,1080,1418,1391,1444,1442,1433,1432,1380,1379,1376,1374,1348,1347,1345,1344,1343,1238,1236,1139,1137,1135,1133,912,914,1016,1018,1019,1022,1035,1037,1038,1039,1041,1045,1046,1047,1052,1053,1072,1073,891,890,882,1124,1123,1119,1118,1468,1466,1461,1459,1458,1456,1454,1453,1450,1098,1100,1101,1102,1106,1108,1109,1110,1112,869,868,867,866,865,864,1105,1103,1094,1093,1089,1087,857,860,1084,1085,1086,861,862,863,1097,1095,1449,1447,1370,1368,1367,1659,1658,1657,1655,1365,1366,1445,1446,1083,1082,1081,856,854,853,852,851,850,849,840,839,746,744,631,633,725,892,893,896,897,898,900,902,904,1028,1029,1030,1031,1032,1034,1371,1373,1356,1354,1353,1352,1360,1359,1357,1364,1363,1362,1361,1027,1025,1023,1349,1351,1132,1130,1129,1128,1127,1125,905,907,909,911,733,731,730,727,726,737,739,741,743,626,625,624,623,736,734,524,522,622,530,528,336,334,430,432,518,519,520,630,627,422,420,414,413,527,525,325,323,316,429,427,425,423,226,228,312,250,248,247,246,166,165,163,44,46,48,55,67,241,240,230,229,175,187,213,219,333,331,327,326,93,92,85,152,150,143,33,31,142,116,114,4,5,22,23,24,155,153,113,112,103,102,101,100,95,94,3,2,1,36,34,156,159,160,162,37,38,41,43,242,245]]
Automatic2
[[],[3269,3271,3278,3460,3461,3469,3641,3643,3650,3651,3703,3705,3712,3866,3868,3875,4021,4022,4029,4169,4170,4177,4308,4310,4314,4315,4439,4441,4443,4565,4567,4444,4446,4448,4449,4569,4568,4570,4572,4574,4684,4686,4799,4797,4887,4889,4970,4968,5041,5043,5107,5105,5161,5162,5209,5208,5247,5245,5275,5277,5299,5297,5310,5312,5317,5315,5313,5309,5308,5301,5300,5287,5280,5278,5257,5250,5248,5219,5218,5212,5210,5172,5165,5163,5117,5110,5108,5053,5052,5046,5044,4980,4973,4971,4899,4892,4890,4810,4809,4802,4800,4710,4689,4687,4451,4562,4564,4438,4437,4325,4324,4323,4321,4189,4191,4192,4194,4305,4307,4168,4166,4055,4053,4052,4050,3905,3906,4018,4020,3865,3863,3755,3754,3700,3702,3530,3532,3638,3640,3459,3457,3351,3349,3529,3528,3346,3348,3158,3160,3266,3268,3068,3066,2960,2958,3157,3155,3079,3071,3069,2870,2869,2860,2858,2647,2646,2644,2643,2641,2639,2638,2636,2412,2414,2415,2417,2418,2419,2421,2518,2520,2291,2293,2523,2521,2745,2743,2955,2957,2746,2748,2855,2857,2632,2630,2626,2396,2395,2388,2387,2386,2635,2633,2073,2071,2064,2063,2399,2397,1860,1859,2062,1979,1977,2290,2288,2285,2284,2196,2195,2191,2190,2189,2188,2186,2184,2411,2409,2400,2402,2406,2408,2087,2089,2090,2092,2093,2095,2181,2183,1970,1972,1974,1976,1775,1777,1849,1851,1852,2078,2076,2074,1654,1652,1645,1865,1863,1861,1431,1429,1642,1586,1585,1582,1580,1579,1577,1774,1772,1771,1769,1969,1967,1880,1879,1878,1876,1875,1874,1873,2086,2084,2080,2079,1868,1866,1666,1668,1674,1675,1676,1677,1679,1766,1768,1576,1574,1573,1571,1483,1482,1481,1474,1472,1239,1241,1242,1243,1469,1470,1471,1244,1245,1338,1339,1340,1343,1344,1345,1347,1348,1374,1376,1379,1380,1391,1418,1422,1665,1663,1662,1660,1080,1078,1073,1072,891,890,882,1124,1123,1119,1118,1468,1466,1461,1459,1458,1456,1454,1453,1450,1098,1100,1101,1102,1106,1108,1109,1110,1112,869,868,867,866,865,864,863,862,1097,1095,1449,1447,1370,1368,1367,1659,1658,1657,1655,1365,1366,1445,1446,1083,1084,1085,1086,861,860,857,1082,1081,1031,1032,1034,1371,1373,1356,1354,1353,1352,1360,1359,1357,1361,1362,1364,1363,1030,1029,1028,1027,1025,1023,1349,1351,1132,1130,1129,1128,1127,1125,905,907,909,911,733,731,730,727,726,892,893,896,897,898,900,902,904,851,852,853,854,856,1087,1089,1093,1094,1103,1105,1045,1046,1047,1052,1053,1444,1442,1433,1432,1041,1039,1038,1037,1035,1022,1019,1238,1236,1139,1137,1135,1133,912,914,1016,1018,850,849,840,839,746,744,631,633,725,737,739,741,743,626,625,624,623,736,734,524,522,622,530,528,430,432,518,519,520,630,627,422,420,414,413,527,525,325,323,316,429,427,425,423,226,228,312,250,248,336,334,246,247,166,165,163,44,46,48,55,67,241,240,230,229,175,187,213,219,333,331,327,326,93,92,85,152,150,143,33,31,142,116,114,4,5,22,23,24,155,153,113,112,103,102,101,100,95,94,3,2,1,36,34,156,159,160,162,37,38,41,43,242,245]]

Quality 0.001 (compressed edges are 1/1000 as expensive on average)
[[],[]]
Quality 0.1
[[],[]]
Quality 0.3
[[],[]]
Quality 1
[[],[]]
Quality 100 (compressed edges are 100x as expensive on average)
[[],[]]
Above combined:
[[245,242,43,41,38,37,162,160,159,156,34,36,1,2,3,94,95,100,101,102,103,112,113,153,155,24,23,22,5,4,114,116,142,31,33,143,150,152,85,92,93,326,327,331,333,219,213,187,175,229,230,240,241,67,55,48,46,44,163,165,166,246,247,248,250,312,228,226,423,425,427,429,316,323,325,525,527,414,413,336,334,430,432,518,422,420,627,630,519,520,522,524,734,736,624,625,626,743,741,739,737,623,622,530,528,631,633,725,726,727,730,731,733,911,909,907,905,1125,1127,1128,1129,1130,1132,1351,1349,1023,1025,1027,1028,1029,1030,1363,1364,1362,1361,1357,1359,1360,1352,1353,1354,1356,1373,1371,1034,1032,1031,1081,1082,1083,1446,1445,1366,1365,1655,1657,1658,1659,1367,1368,1370,1447,1449,1095,1097,863,862,861,1086,1085,1084,860,857,856,854,853,852,851,850,849,904,902,900,898,897,896,893,892,840,839,746,744,912,914,1016,1018,1019,1022,1035,1037,1038,1039,1087,1089,1093,1094,1103,1105,864,865,866,867,868,869,882,1124,1123,1119,1118,1468,1466,1461,1459,1458,1456,1454,1453,1450,1098,1100,1101,1102,1106,1108,1109,1110,1112,1052,1047,1046,1045,1041,1432,1433,1442,1444,1053,1072,890,891,1073,1078,1080,1660,1662,1663,1665,1422,1418,1391,1380,1379,1376,1374,1348,1347,1345,1344,1343,1238,1236,1139,1137,1135,1133,1239,1241,1242,1243,1469,1470,1471,1244,1245,1338,1339,1340,1573,1571,1483,1482,1481,1474,1472,1666,1668,1674,1675,1676,1677,1679,1766,1768,1574,1576,1577,1579,1580,1582,1585,1586,1642,1429,1431,1861,1863,1865,1645,1652,1654,2074,2076,2078,1852,1851,1849,1777,1775,1774,1772,1771,1769,1969,1967,1880,1879,1878,1876,1875,1874,1873,1868,1866,2079,2080,2084,2086,2087,2089,2090,2092,2093,2095,2181,2183,1970,1972,1974,1976,1977,1979,2062,1859,1860,2397,2399,2063,2064,2071,2073,2633,2635,2388,2395,2396,2626,2630,2632,2857,2855,2748,2746,2957,2955,3155,3157,2958,2960,3066,3068,3268,3266,3160,3158,3348,3346,3528,3529,3349,3351,3457,3459,3640,3638,3532,3530,3702,3700,3754,3755,3863,3865,4020,4018,3906,3905,4050,4052,4053,4055,4166,4168,4307,4305,4194,4192,4191,4189,4321,4323,4324,4325,4437,4438,4564,4562,4451,4687,4689,4710,4800,4802,4809,4810,4890,4892,4899,4971,4973,4980,5044,5046,5052,5053,5108,5110,5117,5163,5165,5172,5210,5212,5218,5219,5248,5250,5257,5278,5280,5287,5300,5301,5308,5309,5313,5315,5317,5312,5310,5297,5299,5277,5275,5245,5247,5208,5209,5162,5161,5105,5107,5043,5041,4968,4970,4889,4887,4797,4799,4686,4684,4574,4572,4570,4568,4569,4449,4448,4446,4444,4567,4565,4443,4441,4439,4315,4314,4310,4308,4177,4170,4169,4029,4022,4021,3875,3868,3866,3712,3705,3703,3651,3650,3643,3641,3469,3461,3460,3278,3271,3269,3079,3071,3069,2870,2869,2860,2858,2644,2646,2647,2743,2745,2521,2523,2520,2518,2421,2419,2643,2641,2639,2638,2636,2412,2414,2415,2417,2418,2189,2188,2186,2184,2411,2409,2400,2402,2406,2408,2190,2191,2195,2196,2284,2285,2288,2290,2291,2293,2386,2387],[3269,3271,3278,3460,3461,3469,3641,3643,3650,3651,3703,3705,3712,3866,3868,3875,4021,4022,4029,4169,4170,4177,4308,4310,4314,4315,4439,4441,4443,4565,4567,4444,4446,4448,4449,4569,4568,4570,4572,4574,4684,4686,4799,4797,4887,4889,4970,4968,5041,5043,5107,5105,5161,5162,5209,5208,5247,5245,5275,5277,5299,5297,5310,5312,5317,5315,5313,5309,5308,5301,5300,5287,5280,5278,5257,5250,5248,5219,5218,5212,5210,5172,5165,5163,5117,5110,5108,5053,5052,5046,5044,4980,4973,4971,4899,4892,4890,4810,4809,4802,4800,4710,4689,4687,4451,4562,4564,4438,4437,4325,4324,4323,4321,4189,4191,4192,4194,4305,4307,4168,4166,4055,4053,4052,4050,3905,3906,4018,4020,3865,3863,3755,3754,3700,3702,3530,3532,3638,3640,3459,3457,3351,3349,3529,3528,3346,3348,3158,3160,3266,3268,3068,3066,2960,2958,3157,3155,3079,3071,3069,2870,2869,2860,2858,2647,2646,2644,2643,2641,2639,2638,2636,2412,2414,2415,2417,2418,2419,2421,2518,2520,2291,2293,2523,2521,2745,2743,2955,2957,2746,2748,2855,2857,2632,2630,2626,2396,2395,2388,2387,2386,2635,2633,2073,2071,2064,2063,2399,2397,1860,1859,2062,1979,1977,2290,2288,2285,2284,2196,2195,2191,2190,2189,2188,2186,2184,2411,2409,2400,2402,2406,2408,2087,2089,2090,2092,2093,2095,2181,2183,1970,1972,1974,1976,1775,1777,1849,1851,1852,2078,2076,2074,1654,1652,1645,1865,1863,1861,1431,1429,1642,1586,1585,1582,1580,1579,1577,1774,1772,1771,1769,1969,1967,1880,1879,1878,1876,1875,1874,1873,2086,2084,2080,2079,1868,1866,1666,1668,1674,1675,1676,1677,1679,1766,1768,1576,1574,1573,1571,1483,1482,1481,1474,1472,1239,1241,1242,1243,1469,1470,1471,1244,1245,1338,1339,1340,1343,1344,1345,1347,1348,1374,1376,1379,1380,1391,1418,1422,1665,1663,1662,1660,1080,1078,1073,1072,891,890,882,1124,1123,1119,1118,1468,1466,1461,1459,1458,1456,1454,1453,1450,1098,1100,1101,1102,1106,1108,1109,1110,1112,869,868,867,866,865,864,863,862,1097,1095,1449,1447,1370,1368,1367,1659,1658,1657,1655,1365,1366,1445,1446,1083,1084,1085,1086,861,860,857,1082,1081,1031,1032,1034,1371,1373,1356,1354,1353,1352,1360,1359,1357,1361,1362,1364,1363,1030,1029,1028,1027,1025,1023,1349,1351,1132,1130,1129,1128,1127,1125,905,907,909,911,733,731,730,727,726,892,893,896,897,898,900,902,904,851,852,853,854,856,1087,1089,1093,1094,1103,1105,1045,1046,1047,1052,1053,1444,1442,1433,1432,1041,1039,1038,1037,1035,1022,1019,1238,1236,1139,1137,1135,1133,912,914,1016,1018,850,849,840,839,746,744,631,633,725,737,739,741,743,626,625,624,623,736,734,524,522,622,530,528,430,432,518,519,520,630,627,422,420,414,413,527,525,325,323,316,429,427,425,423,226,228,312,250,248,336,334,246,247,166,165,163,44,46,48,55,67,241,240,230,229,175,187,213,219,333,331,327,326,93,92,85,152,150,143,33,31,142,116,114,4,5,22,23,24,155,153,113,112,103,102,101,100,95,94,3,2,1,36,34,156,159,160,162,37,38,41,43,242,245],[3269,3271,3278,3460,3461,3469,3641,3643,3650,3651,3703,3705,3712,3866,3868,3875,4021,4022,4029,4169,4170,4177,4308,4310,4314,4315,4439,4441,4443,4565,4567,4444,4446,4448,4449,4569,4568,4570,4572,4574,4684,4686,4799,4797,4887,4889,4970,4968,5041,5043,5107,5105,5161,5162,5209,5208,5247,5245,5275,5277,5299,5297,5310,5312,5317,5315,5313,5309,5308,5301,5300,5287,5280,5278,5257,5250,5248,5219,5218,5212,5210,5172,5165,5163,5117,5110,5108,5053,5052,5046,5044,4980,4973,4971,4899,4892,4890,4810,4809,4802,4800,4710,4689,4687,4451,4562,4564,4438,4437,4325,4324,4323,4321,4189,4191,4192,4194,4305,4307,4168,4166,4055,4053,4052,4050,3905,3906,4018,4020,3865,3863,3755,3754,3700,3702,3530,3532,3638,3640,3459,3457,3351,3349,3529,3528,3346,3348,3158,3160,3266,3268,3068,3066,2960,2958,3157,3155,3079,3071,3069,2870,2869,2860,2858,2647,2646,2644,2643,2641,2639,2638,2636,2412,2414,2415,2417,2418,2419,2421,2518,2520,2291,2293,2523,2521,2745,2743,2955,2957,2746,2748,2855,2857,2632,2630,2626,2396,2395,2388,2387,2386,2635,2633,2073,2071,2064,2063,2399,2397,1860,1859,2062,1979,1977,2290,2288,2285,2284,2196,2195,2191,2190,2189,2188,2186,2184,2411,2409,2400,2402,2406,2408,2087,2089,2090,2092,2093,2095,2181,2183,1970,1972,1974,1976,1775,1777,1849,1851,1852,2078,2076,2074,1654,1652,1645,1865,1863,1861,1431,1429,1642,1586,1585,1582,1580,1579,1577,1774,1772,1771,1769,1969,1967,1880,1879,1878,1876,1875,1874,1873,2086,2084,2080,2079,1868,1866,1666,1668,1674,1675,1676,1677,1679,1766,1768,1576,1574,1573,1571,1483,1482,1481,1474,1472,1239,1241,1242,1243,1469,1470,1471,1244,1245,1338,1339,1340,1343,1344,1345,1347,1348,1374,1376,1379,1380,1391,1418,1422,1665,1663,1662,1660,1080,1078,1073,1072,891,890,882,1124,1123,1119,1118,1468,1466,1461,1459,1458,1456,1454,1453,1450,1098,1100,1101,1102,1106,1108,1109,1110,1112,869,868,867,866,865,864,863,862,1097,1095,1449,1447,1370,1368,1367,1659,1658,1657,1655,1365,1366,1445,1446,1083,1084,1085,1086,861,860,857,1082,1081,1031,1032,1034,1371,1373,1356,1354,1353,1352,1360,1359,1357,1361,1362,1364,1363,1030,1029,1028,1027,1025,1023,1349,1351,1132,1130,1129,1128,1127,1125,905,907,909,911,733,731,730,727,726,892,893,896,897,898,900,902,904,851,852,853,854,856,1087,1089,1093,1094,1103,1105,1045,1046,1047,1052,1053,1444,1442,1433,1432,1041,1039,1038,1037,1035,1022,1019,1238,1236,1139,1137,1135,1133,912,914,1016,1018,850,849,840,839,746,744,631,633,725,737,739,741,743,626,625,624,623,736,734,524,522,622,530,528,430,432,518,519,520,630,627,422,420,414,413,527,525,325,323,316,429,427,425,423,226,228,312,250,248,336,334,246,247,166,165,163,44,46,48,55,67,241,240,230,229,175,187,213,219,333,331,327,326,93,92,85,152,150,143,33,31,142,116,114,4,5,22,23,24,155,153,113,112,103,102,101,100,95,94,3,2,1,36,34,156,159,160,162,37,38,41,43,242,245],[245,242,43,41,38,37,162,160,159,156,34,36,94,95,100,101,102,103,112,113,153,155,24,23,22,5,4,3,2,1,44,46,48,114,116,142,31,33,143,150,152,85,92,93,326,327,331,333,219,213,187,240,241,67,55,229,230,175,166,165,163,246,247,248,334,336,250,312,228,226,423,425,427,429,316,323,325,525,527,413,414,420,422,627,630,520,519,518,432,430,528,530,622,522,524,734,736,623,624,625,626,743,741,739,737,725,633,631,744,746,839,840,849,850,1018,1016,914,912,1133,1135,1137,1139,1236,1238,1019,1022,1035,1037,1038,1039,1041,1432,1433,1442,1444,1053,1052,1047,1046,1045,1105,1103,1094,1093,1089,1087,856,854,853,852,851,904,902,900,898,897,896,893,892,726,727,730,731,733,911,909,907,905,1125,1127,1128,1129,1130,1132,1351,1349,1023,1025,1027,1028,1029,1030,1363,1364,1362,1361,1357,1359,1360,1352,1353,1354,1356,1373,1371,1034,1032,1031,1081,1082,857,860,861,1086,1085,1084,1083,1446,1445,1366,1365,1655,1657,1658,1659,1367,1368,1370,1447,1449,1095,1097,862,863,864,865,866,867,868,869,1112,1110,1109,1108,1106,1102,1101,1100,1098,1450,1453,1454,1456,1458,1459,1461,1466,1468,1118,1119,1123,1124,882,890,891,1072,1073,1078,1080,1660,1662,1663,1665,1422,1418,1391,1380,1379,1376,1374,1348,1347,1345,1344,1343,1340,1339,1338,1245,1244,1471,1470,1469,1243,1242,1241,1239,1472,1474,1481,1482,1483,1571,1573,1574,1768,1766,1679,1677,1676,1675,1674,1668,1666,1866,1868,2079,2080,2084,2086,1873,1874,1875,1876,1878,1879,1880,1967,1969,1769,1771,1772,1576,1577,1579,1580,1582,1585,1586,1642,1429,1431,1861,1863,1865,1645,1652,1654,2074,2076,2078,1852,1851,1849,1777,1775,1774,1976,1974,1972,1970,2183,2181,2095,2093,2092,2090,2089,2087,2408,2406,2402,2400,2409,2411,2184,2186,2188,2189,2190,2191,2195,2196,2284,2285,2288,2290,1977,1979,2062,1859,1860,2397,2399,2063,2064,2071,2073,2635,2633,2386,2387,2388,2395,2396,2626,2630,2632,2857,2855,2748,2746,2957,2955,2743,2745,2521,2523,2293,2291,2520,2518,2421,2419,2418,2417,2415,2414,2412,2636,2638,2639,2641,2643,2644,2646,2647,2858,2860,2869,2870,3069,3071,3079,3155,3157,2958,2960,3066,3068,3268,3266,3160,3158,3348,3346,3528,3529,3349,3351,3457,3459,3640,3638,3532,3530,3702,3700,3754,3755,3863,3865,4020,4018,3906,3905,4050,4052,4053,4055,4166,4168,4307,4305,4194,4192,4191,4189,4321,4323,4324,4448,4446,4568,4569,4449,4451,4325,4437,4438,4564,4562,4684,4686,4799,4797,4887,4889,4970,4968,5041,5043,5107,5105,5161,5162,5209,5208,5247,5245,5275,5277,5299,5297,5310,5312,5317,5315,5313,5309,5308,5301,5300,5287,5280,5278,5257,5250,5248,5219,5218,5212,5210,5172,5165,5163,5117,5110,5108,5053,5052,5046,5044,4980,4973,4971,4899,4892,4890,4810,4809,4802,4800,4710,4689,4687,4574,4572,4570,4567,4565,4444,4443,4441,4439,4315,4314,4310,4308,4177,4170,4169,4029,4022,4021,3875,3868,3866,3712,3705,3703,3651,3650,3643,3641,3469,3461,3460,3278,3271,3269],[527,414,413,325,525,323,429,316,427,312,425,228,423,226,333,219,331,213,327,326,93,92,152,85,150,33,143,142,31,155,24,23,67,241,187,240,22,153,113,112,230,175,229,55,103,245,102,101,100,43,242,41,162,159,160,37,38,95,94,36,156,34,1,2,3,4,5,116,48,114,46,166,165,44,163,246,247,248,334,250,336,430,528,432,530,631,744,633,746,912,1133,914,1135,1239,1472,1241,1137,1469,1470,1139,1471,1245,1244,1243,1242,1474,1666,1866,1668,1868,2079,2080,2400,2409,2402,2411,2184,2412,2636,2414,2186,2415,2638,2639,2417,2641,2418,2419,2643,2644,2858,2647,2860,2646,2421,2191,2190,2189,2188,2406,2084,2408,2087,2086,1873,1874,1875,1876,1677,1676,1675,1674,1481,1482,1483,1679,1880,1879,1878,2090,2089,2092,2093,2195,2196,2095,2869,3069,2870,3071,3269,3079,3271,3460,3278,3461,3641,3469,3643,3703,3650,3651,3705,3866,3712,3868,4021,3875,4022,4169,4029,4170,4308,4177,4310,4439,4314,4315,4441,4565,4443,4444,4567,4568,4570,4569,4446,4321,4189,4050,3905,3906,4053,4052,4191,4192,4323,4324,4448,4449,4572,4687,4574,4689,4451,4325,4194,4055,3700,3754,3755,3702,3530,3529,3528,3346,3155,2955,2743,2518,2288,1974,1772,1771,1972,2285,2284,2181,1967,2183,1970,1969,1769,1768,1574,1573,1766,1571,1338,1339,1340,1576,1577,1580,1579,1774,1775,1976,1977,2290,2291,2520,2521,2745,2746,2957,2958,3157,3158,3348,3349,3532,3351,3160,2960,2748,2523,2293,1979,1777,1582,1345,1344,1343,1236,1016,1238,1019,1018,850,849,902,1025,1352,1349,900,1023,898,897,896,905,1125,907,731,730,741,625,624,739,727,893,840,839,892,726,725,737,623,622,520,519,518,420,627,422,630,522,734,524,736,626,743,733,909,1127,1128,911,1129,1130,1351,1132,1354,1353,1360,1359,1361,1362,1363,1364,1357,1371,1034,1373,1356,1655,1365,1366,1657,1658,1659,1368,1367,1446,1445,1032,1031,1030,1029,1028,1027,904,851,852,853,854,1035,1022,1347,1348,1374,1585,1586,1376,1037,1038,1039,1379,1380,1433,1432,1041,1089,857,1087,856,1081,1082,1083,1084,1085,1086,1370,1447,1095,1449,1098,1450,1454,1453,1106,1102,1101,1100,1097,863,862,861,860,1093,1094,1103,1045,1046,1047,1105,864,865,866,867,868,869,1110,1109,1108,1456,1459,1458,1461,1112,1052,1442,1391,1444,1053,1466,1118,1119,1468,1123,882,1124,890,1072,1073,891,1078,1660,1080,1418,1662,1663,1422,1665,1429,1861,1431,1642,1863,1645,1865,1652,2074,1654,1849,2076,1851,1852,2078,1859,1860,2397,2062,2063,2064,2399,2071,2386,2387,2388,2633,2073,2635,2395,2396,2626,3066,2855,2630,2857,2632,3068,3268,3459,3640,3457,3266,3638,3863,4018,3865,4020,4168,4307,4166,4305,4437,4438,4564,4686,4562,4684,4797,4887,4799,4889,4970,5043,4968,5041,5105,5161,5107,5162,5209,5247,5208,5245,5275,5297,5277,5299,5312,5317,5310,5315,5309,5308,5313,5301,5287,5300,5280,5257,5278,5250,5219,5218,5248,5212,5172,5210,5165,5117,5163,5110,5053,5052,5108,5046,4980,5044,4973,4899,4971,4892,4810,4809,4890,4802,4710,4800]]

V7 Full 0.3 Quality With 5fromEnd (streamlines from V5-2 full data)
ht:1437.69
hcost:1702.08
[5844,5845,5846,5847,5856,5857,5983,5984,5985,5986,5987,5988,5989,5990,5991,5992,5993,5994,5995,5996,5997,6066,6067,6068,6069,6070,6071,6072,6073,6002,6003,6004,6007,6008,6009,6010,6011,5885,5884,5869,5868,5867,5866,5865,5864,5863,5862,5861,5860,5859,5858,5712,5713,5714,5715,5716,5717,5718,5719,5720,5721,5722,5723,5724,5725,5736,5737,5834,5835,5978,5930,5929,5928,6012,6013,6014,6015,6056,6057,6074,6075,6076,6077,6079,6080,6081,6082,6083,6065,6064,6063,6062,6061,5979,5980,5981,5982,5838,5837,5836,5641,5642,5640,5639,5638,5543,5542,5541,5540,5539,5538,5537,5536,5535,5528,5527,5526,5525,5524,5523,5522,5521,5520,5519,5518,5517,5516,5515,5514,5711,5701,5700,5699,5696,5695,5843,5842,5841,5840,5839,5693,5692,5659,5658,5657,5656,5460,5459,5450,5449,5655,5654,5653,5448,5446,5652,5651,5650,5445,5444,5436,5435,5434,5649,5648,5647,5646,5645,5644,5643,5430,5429,5427,5426,5425,5424,5195,5194,5193,5192,5420,5421,5422,5423,5196,5199,5200,5201,5277,5278,5284,5285,5286,5287,5288,5289,5290,5291,5292,5293,5294,5295,5296,5297,5298,5299,5300,5305,5306,5307,5308,5309,5310,5311,5312,5313,5409,5410,5411,5412,5413,5176,5175,5174,5173,5172,5074,5073,5072,5066,5065,5064,5063,5062,5061,5060,5059,5058,5057,5056,5055,5054,5053,5052,5051,5050,5043,5042,5041,5040,5039,5038,5037,5036,5035,5017,5016,4965,4964,4963,4962,4961,4960,4959,5191,5190,5189,5188,5187,5186,5419,5418,5417,5416,5415,5414,5181,5182,5183,5184,5185,4956,4958,4957,4955,4954,4953,4952,4951,5179,5177,5178,5180,4950,4949,4948,4720,4721,4722,4723,4724,4725,4726,4727,4728,4729,4730,4731,4732,4734,4733,4735,4736,4737,4738,4785,4786,4787,4788,4789,4790,4791,4792,4793,4812,4813,4824,4825,4826,4827,4828,4829,4830,4831,4832,4833,4834,4835,4836,4837,4943,4944,4945,4946,4947,4719,4718,4717,4716,4715,4608,4607,4606,4605,4604,4603,4602,4601,4600,4566,4565,4564,4563,4562,4561,4560,4559,4558,4511,4510,4509,4508,4507,4506,4505,4504,4503,4502,4501,4500,4499,4498,4497,4496,4495,4273,4274,4275,4276,4277,4278,4279,4280,4281,4282,4283,4284,4285,4286,4287,4334,4335,4336,4337,4338,4339,4340,4341,4342,4379,4380,4381,4490,4491,4492,4493,4494,4272,4271,4270,4269,4268,4119,4118,4117,4116,4115,4114,4113,4112,4111,4064,4063,4062,4061,4060,4059,4058,4057,4056,4055,4054,4053,4052,4051,3833,3829,3830,3831,3832,3834,3835,3836,3840,3841,3889,3890,3891,3892,3893,3894,3895,3896,3897,4046,4047,4048,4049,4050,3828,3827,3826,3825,3824,3672,3671,3615,3614,3613,3612,3611,3610,3609,3608,3389,3390,3391,3392,3393,3394,3395,3603,3604,3605,3606,3607,3385,3384,3383,3382,3381,3172,3171,3170,3169,3168,3388,3386,3387,3167,3166,3165,2945,2946,2947,2948,2949,2950,2951,3160,3161,3162,3163,3164,2944,2943,2942,2941,2940,2731,2730,2729,2728,2727,2726,2725,2506,2507,2508,2509,2510,2613,2614,2720,2721,2722,2723,2724,2337,2336,2335,2334,2333,2229,2228,2227,2226,2505,2504,2503,2502,2501,2400,2399,2398,2397,2395,2396,2109,2110,2111,2112,2212,2213,2214,2215,2216,1888,1889,1890,1891,1994,1995,1996,1997,1998,1546,1545,1544,1543,1542,1469,1468,1467,1562,1563,1564,1565,1637,1638,1639,1640,1641,1056,1055,1054,1053,1052,978,977,971,970,969,957,956,1547,1548,1549,1550,1557,1558,1559,1560,1561,1461,1460,1448,1447,1446,1439,1438,1437,1436,1863,1862,1861,1860,1859,1760,1759,1758,1757,2107,2105,2106,2108,1756,1755,1754,1753,1281,1282,1283,1284,1285,1286,1287,1288,1387,1388,1389,1390,1391,946,947,886,885,884,883,882,881,880,869,868,782,781,780,779,778,777,454,455,456,457,461,462,483,484,544,545,546,887,888,889,890,896,897,898,899,900,937,938,939,560,559,555,554,553,552,551,901,902,903,904,905,906,908,909,1395,1396,1397,1398,1869,1403,1404,1405,1406,1407,1874,1873,2220,2221,1872,1871,1870,2219,2217,2218,1885,1868,1867,1884,1886,1887,1430,1432,1431,2003,2002,1645,1644,1433,1434,1435,1643,1642,2001,2000,1999,1647,1646,1408,1409,1410,1411,1412,1413,1653,1652,1650,1649,1651,2006,2005,2004,1648,1061,1060,1059,1058,1057,945,944,943,942,941,940,1429,1428,1427,1426,1883,1866,1865,1864,1425,1424,1394,1393,1392,929,930,931,932,933,934,935,936,561,562,563,564,565,948,949,950,951,1072,1073,1074,1075,1082,1083,1084,1085,1086,1185,1186,1187,1188,1273,1274,1275,1276,1277,673,672,671,670,669,581,580,578,577,574,573,567,566,1062,1063,1064,1065,1066,1067,1068,1069,1070,1071,926,927,928,1087,1088,1089,1090,1091,1092,1093,1094,1180,1181,1182,1183,1184,1752,1751,1750,1749,2104,2103,2102,2101,2100,1748,1662,1661,1660,1659,1658,1657,1656,1655,1654,1423,1422,1421,1878,1879,1880,1881,1882,2007,2008,2009,2010,2011,2012,2013,2014,2015,2058,2059,2060,2061,2394,2393,2392,2391,2390,2389,2388,2387,2386,2346,2345,2344,2343,2342,2341,2340,2339,2338,2225,2224,2223,2222,1877,1876,1875,1416,1417,1418,1419,1420,925,924,921,1415,1414,920,912,911,910,1402,1401,1400,1399,772,771,770,769,768,766,765,700,699,698,697,696,695,694,693,692,677,676,675,674,247,248,269,270,336,337,773,774,775,776,1278,1280,1279,340,339,338,435,434,433,432,163,162,161,431,344,343,342,341,245,244,243,242,241,240,68,69,70,71,72,73,74,148,149,155,156,158,159,160,448,447,446,445,444,443,442,441,440,439,438,437,436,239,238,237,236,235,220,219,218,216,215,167,166,165,164,7,6,4,3,2,1,59,60,61,62,63,64,65,66,67,8,54,55,56,57,58,449,450,451,452,453]
uncompressed:
u_weight=10004.75646555052
[5844, 5845, 5846, 5847, 5848, 5849, 5850, 5851, 5852, 5853, 5854, 5855, 5856, 5857, 5983, 5984, 5985, 5986, 5987, 5988, 5989, 5990, 5991, 5992, 5993, 5994, 5995, 5996, 5997, 6066, 6067, 6068, 6069, 6070, 6071, 6072, 6073, 6002, 6003, 6004, 6005, 6006, 6007, 6008, 6009, 6010, 6011, 5885, 5884, 5883, 5882, 5881, 5880, 5879, 5878, 5877, 5876, 5875, 5874, 5873, 5872, 5871, 5870, 5869, 5868, 5867, 5866, 5865, 5864, 5863, 5862, 5861, 5860, 5859, 5858, 5712, 5713, 5714, 5715, 5716, 5717, 5718, 5719, 5720, 5721, 5722, 5723, 5724, 5725, 5726, 5727, 5728, 5729, 5730, 5731, 5732, 5733, 5734, 5735, 5736, 5737, 5738, 5739, 5740, 5741, 5742, 5743, 5744, 5745, 5746, 5747, 5748, 5749, 5750, 5751, 5752, 5753, 5754, 5755, 5756, 5757, 5758, 5759, 5760, 5761, 5762, 5763, 5764, 5765, 5766, 5767, 5768, 5769, 5770, 5771, 5772, 5773, 5774, 5775, 5776, 5777, 5778, 5779, 5780, 5781, 5782, 5783, 5784, 5785, 5786, 5787, 5788, 5789, 5790, 5791, 5792, 5793, 5794, 5795, 5796, 5797, 5798, 5799, 5800, 5801, 5802, 5803, 5804, 5805, 5806, 5807, 5808, 5809, 5810, 5811, 5812, 5813, 5814, 5815, 5816, 5817, 5818, 5819, 5820, 5821, 5822, 5823, 5824, 5825, 5826, 5827, 5828, 5829, 5830, 5831, 5832, 5833, 5834, 5835, 5978, 5977, 5976, 5975, 5974, 5973, 5972, 5971, 5970, 5969, 5968, 5967, 5966, 5965, 5964, 5963, 5962, 5961, 5960, 5959, 5958, 5957, 5956, 5955, 5954, 5953, 5952, 5951, 5950, 5949, 5948, 5947, 5946, 5945, 5944, 5943, 5942, 5941, 5940, 5939, 5938, 5937, 5936, 5935, 5934, 5933, 5932, 5931, 5930, 5929, 5928, 6012, 6013, 6014, 6015, 6016, 6017, 6018, 6019, 6020, 6021, 6022, 6023, 6024, 6025, 6026, 6027, 6028, 6029, 6030, 6031, 6032, 6033, 6034, 6035, 6036, 6037, 6038, 6039, 6040, 6041, 6042, 6043, 6044, 6045, 6046, 6047, 6048, 6049, 6050, 6051, 6052, 6053, 6054, 6055, 6056, 6057, 6074, 6075, 6076, 6077, 6078, 6079, 6080, 6081, 6082, 6083, 6065, 6064, 6063, 6062, 6061, 5979, 5980, 5981, 5982, 5838, 5837, 5836, 5641, 5642, 5640, 5639, 5638, 5637, 5636, 5635, 5634, 5633, 5632, 5631, 5630, 5629, 5628, 5627, 5626, 5625, 5624, 5623, 5622, 5621, 5620, 5619, 5618, 5617, 5616, 5615, 5614, 5613, 5612, 5611, 5610, 5609, 5608, 5607, 5606, 5605, 5604, 5603, 5602, 5601, 5600, 5599, 5598, 5597, 5596, 5595, 5594, 5593, 5592, 5591, 5590, 5589, 5588, 5587, 5586, 5585, 5584, 5583, 5582, 5581, 5580, 5579, 5578, 5577, 5576, 5575, 5574, 5573, 5572, 5571, 5570, 5569, 5568, 5567, 5566, 5565, 5564, 5563, 5562, 5561, 5560, 5559, 5558, 5557, 5556, 5555, 5554, 5553, 5552, 5551, 5550, 5549, 5548, 5547, 5546, 5545, 5544, 5543, 5542, 5541, 5540, 5539, 5538, 5537, 5536, 5535, 5534, 5533, 5532, 5531, 5530, 5529, 5528, 5527, 5526, 5525, 5524, 5523, 5522, 5521, 5520, 5519, 5518, 5517, 5516, 5515, 5514, 5711, 5710, 5709, 5708, 5707, 5706, 5705, 5704, 5703, 5702, 5701, 5700, 5699, 5698, 5697, 5696, 5695, 5843, 5842, 5841, 5840, 5839, 5693, 5692, 5691, 5690, 5689, 5688, 5687, 5686, 5685, 5684, 5683, 5682, 5681, 5680, 5679, 5678, 5677, 5676, 5675, 5674, 5673, 5672, 5671, 5670, 5669, 5668, 5667, 5666, 5665, 5664, 5663, 5662, 5661, 5660, 5659, 5658, 5657, 5656, 5460, 5459, 5458, 5457, 5456, 5455, 5454, 5453, 5452, 5451, 5450, 5449, 5655, 5654, 5653, 5448, 5447, 5446, 5652, 5651, 5650, 5445, 5444, 5443, 5442, 5441, 5440, 5439, 5438, 5437, 5436, 5435, 5434, 5649, 5648, 5647, 5646, 5645, 5644, 5643, 5430, 5429, 5428, 5427, 5426, 5425, 5424, 5195, 5194, 5193, 5192, 5420, 5421, 5422, 5423, 5196, 5197, 5198, 5199, 5200, 5201, 5202, 5203, 5204, 5205, 5206, 5207, 5208, 5209, 5210, 5211, 5212, 5213, 5214, 5215, 5216, 5217, 5218, 5219, 5220, 5221, 5222, 5223, 5224, 5225, 5226, 5227, 5228, 5229, 5230, 5231, 5232, 5233, 5234, 5235, 5236, 5237, 5238, 5239, 5240, 5241, 5242, 5243, 5244, 5245, 5246, 5247, 5248, 5249, 5250, 5251, 5252, 5253, 5254, 5255, 5256, 5257, 5258, 5259, 5260, 5261, 5262, 5263, 5264, 5265, 5266, 5267, 5268, 5269, 5270, 5271, 5272, 5273, 5274, 5275, 5276, 5277, 5278, 5279, 5280, 5281, 5282, 5283, 5284, 5285, 5286, 5287, 5288, 5289, 5290, 5291, 5292, 5293, 5294, 5295, 5296, 5297, 5298, 5299, 5300, 5301, 5302, 5303, 5304, 5305, 5306, 5307, 5308, 5309, 5310, 5311, 5312, 5313, 5314, 5315, 5316, 5317, 5318, 5319, 5320, 5321, 5322, 5323, 5324, 5325, 5326, 5327, 5328, 5329, 5330, 5331, 5332, 5333, 5334, 5335, 5336, 5337, 5338, 5339, 5340, 5341, 5342, 5343, 5344, 5345, 5346, 5347, 5348, 5349, 5350, 5351, 5352, 5353, 5354, 5355, 5356, 5357, 5358, 5359, 5360, 5361, 5362, 5363, 5364, 5365, 5366, 5367, 5368, 5369, 5370, 5371, 5372, 5373, 5374, 5375, 5376, 5377, 5378, 5379, 5380, 5381, 5382, 5383, 5384, 5385, 5386, 5387, 5388, 5389, 5390, 5391, 5392, 5393, 5394, 5395, 5396, 5397, 5398, 5399, 5400, 5401, 5402, 5403, 5404, 5405, 5406, 5407, 5408, 5409, 5410, 5411, 5412, 5413, 5176, 5175, 5174, 5173, 5172, 5171, 5170, 5169, 5168, 5167, 5166, 5165, 5164, 5163, 5162, 5161, 5160, 5159, 5158, 5157, 5156, 5155, 5154, 5153, 5152, 5151, 5150, 5149, 5148, 5147, 5146, 5145, 5144, 5143, 5142, 5141, 5140, 5139, 5138, 5137, 5136, 5135, 5134, 5133, 5132, 5131, 5130, 5129, 5128, 5127, 5126, 5125, 5124, 5123, 5122, 5121, 5120, 5119, 5118, 5117, 5116, 5115, 5114, 5113, 5112, 5111, 5110, 5109, 5108, 5107, 5106, 5105, 5104, 5103, 5102, 5101, 5100, 5099, 5098, 5097, 5096, 5095, 5094, 5093, 5092, 5091, 5090, 5089, 5088, 5087, 5086, 5085, 5084, 5083, 5082, 5081, 5080, 5079, 5078, 5077, 5076, 5075, 5074, 5073, 5072, 5071, 5070, 5069, 5068, 5067, 5066, 5065, 5064, 5063, 5062, 5061, 5060, 5059, 5058, 5057, 5056, 5055, 5054, 5053, 5052, 5051, 5050, 5049, 5048, 5047, 5046, 5045, 5044, 5043, 5042, 5041, 5040, 5039, 5038, 5037, 5036, 5035, 5034, 5033, 5032, 5031, 5030, 5029, 5028, 5027, 5026, 5025, 5024, 5023, 5022, 5021, 5020, 5019, 5018, 5017, 5016, 5015, 5014, 5013, 5012, 5011, 5010, 5009, 5008, 5007, 5006, 5005, 5004, 5003, 5002, 5001, 5000, 4999, 4998, 4997, 4996, 4995, 4994, 4993, 4992, 4991, 4990, 4989, 4988, 4987, 4986, 4985, 4984, 4983, 4982, 4981, 4980, 4979, 4978, 4977, 4976, 4975, 4974, 4973, 4972, 4971, 4970, 4969, 4968, 4967, 4966, 4965, 4964, 4963, 4962, 4961, 4960, 4959, 5191, 5190, 5189, 5188, 5187, 5186, 5419, 5418, 5417, 5416, 5415, 5414, 5181, 5182, 5183, 5184, 5185, 4956, 4958, 4957, 4955, 4954, 4953, 4952, 4951, 5179, 5177, 5178, 5180, 4950, 4949, 4948, 4720, 4721, 4722, 4723, 4724, 4725, 4726, 4727, 4728, 4729, 4730, 4731, 4732, 4734, 4733, 4735, 4736, 4737, 4738, 4739, 4740, 4741, 4742, 4743, 4744, 4745, 4746, 4747, 4748, 4749, 4750, 4751, 4752, 4753, 4754, 4755, 4756, 4757, 4758, 4759, 4760, 4761, 4762, 4763, 4764, 4765, 4766, 4767, 4768, 4769, 4770, 4771, 4772, 4773, 4774, 4775, 4776, 4777, 4778, 4779, 4780, 4781, 4782, 4783, 4784, 4785, 4786, 4787, 4788, 4789, 4790, 4791, 4792, 4793, 4794, 4795, 4796, 4797, 4798, 4799, 4800, 4801, 4802, 4803, 4804, 4805, 4806, 4807, 4808, 4809, 4810, 4811, 4812, 4813, 4814, 4815, 4816, 4817, 4818, 4819, 4820, 4821, 4822, 4823, 4824, 4825, 4826, 4827, 4828, 4829, 4830, 4831, 4832, 4833, 4834, 4835, 4836, 4837, 4838, 4839, 4840, 4841, 4842, 4843, 4844, 4845, 4846, 4847, 4848, 4849, 4850, 4851, 4852, 4853, 4854, 4855, 4856, 4857, 4858, 4859, 4860, 4861, 4862, 4863, 4864, 4865, 4866, 4867, 4868, 4869, 4870, 4871, 4872, 4873, 4874, 4875, 4876, 4877, 4878, 4879, 4880, 4881, 4882, 4883, 4884, 4885, 4886, 4887, 4888, 4889, 4890, 4891, 4892, 4893, 4894, 4895, 4896, 4897, 4898, 4899, 4900, 4901, 4902, 4903, 4904, 4905, 4906, 4907, 4908, 4909, 4910, 4911, 4912, 4913, 4914, 4915, 4916, 4917, 4918, 4919, 4920, 4921, 4922, 4923, 4924, 4925, 4926, 4927, 4928, 4929, 4930, 4931, 4932, 4933, 4934, 4935, 4936, 4937, 4938, 4939, 4940, 4941, 4942, 4943, 4944, 4945, 4946, 4947, 4719, 4718, 4717, 4716, 4715, 4714, 4713, 4712, 4711, 4710, 4709, 4708, 4707, 4706, 4705, 4704, 4703, 4702, 4701, 4700, 4699, 4698, 4697, 4696, 4695, 4694, 4693, 4692, 4691, 4690, 4689, 4688, 4687, 4686, 4685, 4684, 4683, 4682, 4681, 4680, 4679, 4678, 4677, 4676, 4675, 4674, 4673, 4672, 4671, 4670, 4669, 4668, 4667, 4666, 4665, 4664, 4663, 4662, 4661, 4660, 4659, 4658, 4657, 4656, 4655, 4654, 4653, 4652, 4651, 4650, 4649, 4648, 4647, 4646, 4645, 4644, 4643, 4642, 4641, 4640, 4639, 4638, 4637, 4636, 4635, 4634, 4633, 4632, 4631, 4630, 4629, 4628, 4627, 4626, 4625, 4624, 4623, 4622, 4621, 4620, 4619, 4618, 4617, 4616, 4615, 4614, 4613, 4612, 4611, 4610, 4609, 4608, 4607, 4606, 4605, 4604, 4603, 4602, 4601, 4600, 4599, 4598, 4597, 4596, 4595, 4594, 4593, 4592, 4591, 4590, 4589, 4588, 4587, 4586, 4585, 4584, 4583, 4582, 4581, 4580, 4579, 4578, 4577, 4576, 4575, 4574, 4573, 4572, 4571, 4570, 4569, 4568, 4567, 4566, 4565, 4564, 4563, 4562, 4561, 4560, 4559, 4558, 4557, 4556, 4555, 4554, 4553, 4552, 4551, 4550, 4549, 4548, 4547, 4546, 4545, 4544, 4543, 4542, 4541, 4540, 4539, 4538, 4537, 4536, 4535, 4534, 4533, 4532, 4531, 4530, 4529, 4528, 4527, 4526, 4525, 4524, 4523, 4522, 4521, 4520, 4519, 4518, 4517, 4516, 4515, 4514, 4513, 4512, 4511, 4510, 4509, 4508, 4507, 4506, 4505, 4504, 4503, 4502, 4501, 4500, 4499, 4498, 4497, 4496, 4495, 4273, 4274, 4275, 4276, 4277, 4278, 4279, 4280, 4281, 4282, 4283, 4284, 4285, 4286, 4287, 4288, 4289, 4290, 4291, 4292, 4293, 4294, 4295, 4296, 4297, 4298, 4299, 4300, 4301, 4302, 4303, 4304, 4305, 4306, 4307, 4308, 4309, 4310, 4311, 4312, 4313, 4314, 4315, 4316, 4317, 4318, 4319, 4320, 4321, 4322, 4323, 4324, 4325, 4326, 4327, 4328, 4329, 4330, 4331, 4332, 4333, 4334, 4335, 4336, 4337, 4338, 4339, 4340, 4341, 4342, 4343, 4344, 4345, 4346, 4347, 4348, 4349, 4350, 4351, 4352, 4353, 4354, 4355, 4356, 4357, 4358, 4359, 4360, 4361, 4362, 4363, 4364, 4365, 4366, 4367, 4368, 4369, 4370, 4371, 4372, 4373, 4374, 4375, 4376, 4377, 4378, 4379, 4380, 4381, 4382, 4383, 4384, 4385, 4386, 4387, 4388, 4389, 4390, 4391, 4392, 4393, 4394, 4395, 4396, 4397, 4398, 4399, 4400, 4401, 4402, 4403, 4404, 4405, 4406, 4407, 4408, 4409, 4410, 4411, 4412, 4413, 4414, 4415, 4416, 4417, 4418, 4419, 4420, 4421, 4422, 4423, 4424, 4425, 4426, 4427, 4428, 4429, 4430, 4431, 4432, 4433, 4434, 4435, 4436, 4437, 4438, 4439, 4440, 4441, 4442, 4443, 4444, 4445, 4446, 4447, 4448, 4449, 4450, 4451, 4452, 4453, 4454, 4455, 4456, 4457, 4458, 4459, 4460, 4461, 4462, 4463, 4464, 4465, 4466, 4467, 4468, 4469, 4470, 4471, 4472, 4473, 4474, 4475, 4476, 4477, 4478, 4479, 4480, 4481, 4482, 4483, 4484, 4485, 4486, 4487, 4488, 4489, 4490, 4491, 4492, 4493, 4494, 4272, 4271, 4270, 4269, 4268, 4267, 4266, 4265, 4264, 4263, 4262, 4261, 4260, 4259, 4258, 4257, 4256, 4255, 4254, 4253, 4252, 4251, 4250, 4249, 4248, 4247, 4246, 4245, 4244, 4243, 4242, 4241, 4240, 4239, 4238, 4237, 4236, 4235, 4234, 4233, 4232, 4231, 4230, 4229, 4228, 4227, 4226, 4225, 4224, 4223, 4222, 4221, 4220, 4219, 4218, 4217, 4216, 4215, 4214, 4213, 4212, 4211, 4210, 4209, 4208, 4207, 4206, 4205, 4204, 4203, 4202, 4201, 4200, 4199, 4198, 4197, 4196, 4195, 4194, 4193, 4192, 4191, 4190, 4189, 4188, 4187, 4186, 4185, 4184, 4183, 4182, 4181, 4180, 4179, 4178, 4177, 4176, 4175, 4174, 4173, 4172, 4171, 4170, 4169, 4168, 4167, 4166, 4165, 4164, 4163, 4162, 4161, 4160, 4159, 4158, 4157, 4156, 4155, 4154, 4153, 4152, 4151, 4150, 4149, 4148, 4147, 4146, 4145, 4144, 4143, 4142, 4141, 4140, 4139, 4138, 4137, 4136, 4135, 4134, 4133, 4132, 4131, 4130, 4129, 4128, 4127, 4126, 4125, 4124, 4123, 4122, 4121, 4120, 4119, 4118, 4117, 4116, 4115, 4114, 4113, 4112, 4111, 4110, 4109, 4108, 4107, 4106, 4105, 4104, 4103, 4102, 4101, 4100, 4099, 4098, 4097, 4096, 4095, 4094, 4093, 4092, 4091, 4090, 4089, 4088, 4087, 4086, 4085, 4084, 4083, 4082, 4081, 4080, 4079, 4078, 4077, 4076, 4075, 4074, 4073, 4072, 4071, 4070, 4069, 4068, 4067, 4066, 4065, 4064, 4063, 4062, 4061, 4060, 4059, 4058, 4057, 4056, 4055, 4054, 4053, 4052, 4051, 3833, 3829, 3830, 3831, 3832, 3834, 3835, 3836, 3837, 3838, 3839, 3840, 3841, 3842, 3843, 3844, 3845, 3846, 3847, 3848, 3849, 3850, 3851, 3852, 3853, 3854, 3855, 3856, 3857, 3858, 3859, 3860, 3861, 3862, 3863, 3864, 3865, 3866, 3867, 3868, 3869, 3870, 3871, 3872, 3873, 3874, 3875, 3876, 3877, 3878, 3879, 3880, 3881, 3882, 3883, 3884, 3885, 3886, 3887, 3888, 3889, 3890, 3891, 3892, 3893, 3894, 3895, 3896, 3897, 3898, 3899, 3900, 3901, 3902, 3903, 3904, 3905, 3906, 3907, 3908, 3909, 3910, 3911, 3912, 3913, 3914, 3915, 3916, 3917, 3918, 3919, 3920, 3921, 3922, 3923, 3924, 3925, 3926, 3927, 3928, 3929, 3930, 3931, 3932, 3933, 3934, 3935, 3936, 3937, 3938, 3939, 3940, 3941, 3942, 3943, 3944, 3945, 3946, 3947, 3948, 3949, 3950, 3951, 3952, 3953, 3954, 3955, 3956, 3957, 3958, 3959, 3960, 3961, 3962, 3963, 3964, 3965, 3966, 3967, 3968, 3969, 3970, 3971, 3972, 3973, 3974, 3975, 3976, 3977, 3978, 3979, 3980, 3981, 3982, 3983, 3984, 3985, 3986, 3987, 3988, 3989, 3990, 3991, 3992, 3993, 3994, 3995, 3996, 3997, 3998, 3999, 4000, 4001, 4002, 4003, 4004, 4005, 4006, 4007, 4008, 4009, 4010, 4011, 4012, 4013, 4014, 4015, 4016, 4017, 4018, 4019, 4020, 4021, 4022, 4023, 4024, 4025, 4026, 4027, 4028, 4029, 4030, 4031, 4032, 4033, 4034, 4035, 4036, 4037, 4038, 4039, 4040, 4041, 4042, 4043, 4044, 4045, 4046, 4047, 4048, 4049, 4050, 3828, 3827, 3826, 3825, 3824, 3823, 3822, 3821, 3820, 3819, 3818, 3817, 3816, 3815, 3814, 3813, 3812, 3811, 3810, 3809, 3808, 3807, 3806, 3805, 3804, 3803, 3802, 3801, 3800, 3799, 3798, 3797, 3796, 3795, 3794, 3793, 3792, 3791, 3790, 3789, 3788, 3787, 3786, 3785, 3784, 3783, 3782, 3781, 3780, 3779, 3778, 3777, 3776, 3775, 3774, 3773, 3772, 3771, 3770, 3769, 3768, 3767, 3766, 3765, 3764, 3763, 3762, 3761, 3760, 3759, 3758, 3757, 3756, 3755, 3754, 3753, 3752, 3751, 3750, 3749, 3748, 3747, 3746, 3745, 3744, 3743, 3742, 3741, 3740, 3739, 3738, 3737, 3736, 3735, 3734, 3733, 3732, 3731, 3730, 3729, 3728, 3727, 3726, 3725, 3724, 3723, 3722, 3721, 3720, 3719, 3718, 3717, 3716, 3715, 3714, 3713, 3712, 3711, 3710, 3709, 3708, 3707, 3706, 3705, 3704, 3703, 3702, 3701, 3700, 3699, 3698, 3697, 3696, 3695, 3694, 3693, 3692, 3691, 3690, 3689, 3688, 3687, 3686, 3685, 3684, 3683, 3682, 3681, 3680, 3679, 3678, 3677, 3676, 3675, 3674, 3673, 3672, 3671, 3670, 3669, 3668, 3667, 3666, 3665, 3664, 3663, 3662, 3661, 3660, 3659, 3658, 3657, 3656, 3655, 3654, 3653, 3652, 3651, 3650, 3649, 3648, 3647, 3646, 3645, 3644, 3643, 3642, 3641, 3640, 3639, 3638, 3637, 3636, 3635, 3634, 3633, 3632, 3631, 3630, 3629, 3628, 3627, 3626, 3625, 3624, 3623, 3622, 3621, 3620, 3619, 3618, 3617, 3616, 3615, 3614, 3613, 3612, 3611, 3610, 3609, 3608, 3389, 3390, 3391, 3392, 3393, 3394, 3395, 3396, 3397, 3398, 3399, 3400, 3401, 3402, 3403, 3404, 3405, 3406, 3407, 3408, 3409, 3410, 3411, 3412, 3413, 3414, 3415, 3416, 3417, 3418, 3419, 3420, 3421, 3422, 3423, 3424, 3425, 3426, 3427, 3428, 3429, 3430, 3431, 3432, 3433, 3434, 3435, 3436, 3437, 3438, 3439, 3440, 3441, 3442, 3443, 3444, 3445, 3446, 3447, 3448, 3449, 3450, 3451, 3452, 3453, 3454, 3455, 3456, 3457, 3458, 3459, 3460, 3461, 3462, 3463, 3464, 3465, 3466, 3467, 3468, 3469, 3470, 3471, 3472, 3473, 3474, 3475, 3476, 3477, 3478, 3479, 3480, 3481, 3482, 3483, 3484, 3485, 3486, 3487, 3488, 3489, 3490, 3491, 3492, 3493, 3494, 3495, 3496, 3497, 3498, 3499, 3500, 3501, 3502, 3503, 3504, 3505, 3506, 3507, 3508, 3509, 3510, 3511, 3512, 3513, 3514, 3515, 3516, 3517, 3518, 3519, 3520, 3521, 3522, 3523, 3524, 3525, 3526, 3527, 3528, 3529, 3530, 3531, 3532, 3533, 3534, 3535, 3536, 3537, 3538, 3539, 3540, 3541, 3542, 3543, 3544, 3545, 3546, 3547, 3548, 3549, 3550, 3551, 3552, 3553, 3554, 3555, 3556, 3557, 3558, 3559, 3560, 3561, 3562, 3563, 3564, 3565, 3566, 3567, 3568, 3569, 3570, 3571, 3572, 3573, 3574, 3575, 3576, 3577, 3578, 3579, 3580, 3581, 3582, 3583, 3584, 3585, 3586, 3587, 3588, 3589, 3590, 3591, 3592, 3593, 3594, 3595, 3596, 3597, 3598, 3599, 3600, 3601, 3602, 3603, 3604, 3605, 3606, 3607, 3385, 3384, 3383, 3382, 3381, 3380, 3379, 3378, 3377, 3376, 3375, 3374, 3373, 3372, 3371, 3370, 3369, 3368, 3367, 3366, 3365, 3364, 3363, 3362, 3361, 3360, 3359, 3358, 3357, 3356, 3355, 3354, 3353, 3352, 3351, 3350, 3349, 3348, 3347, 3346, 3345, 3344, 3343, 3342, 3341, 3340, 3339, 3338, 3337, 3336, 3335, 3334, 3333, 3332, 3331, 3330, 3329, 3328, 3327, 3326, 3325, 3324, 3323, 3322, 3321, 3320, 3319, 3318, 3317, 3316, 3315, 3314, 3313, 3312, 3311, 3310, 3309, 3308, 3307, 3306, 3305, 3304, 3303, 3302, 3301, 3300, 3299, 3298, 3297, 3296, 3295, 3294, 3293, 3292, 3291, 3290, 3289, 3288, 3287, 3286, 3285, 3284, 3283, 3282, 3281, 3280, 3279, 3278, 3277, 3276, 3275, 3274, 3273, 3272, 3271, 3270, 3269, 3268, 3267, 3266, 3265, 3264, 3263, 3262, 3261, 3260, 3259, 3258, 3257, 3256, 3255, 3254, 3253, 3252, 3251, 3250, 3249, 3248, 3247, 3246, 3245, 3244, 3243, 3242, 3241, 3240, 3239, 3238, 3237, 3236, 3235, 3234, 3233, 3232, 3231, 3230, 3229, 3228, 3227, 3226, 3225, 3224, 3223, 3222, 3221, 3220, 3219, 3218, 3217, 3216, 3215, 3214, 3213, 3212, 3211, 3210, 3209, 3208, 3207, 3206, 3205, 3204, 3203, 3202, 3201, 3200, 3199, 3198, 3197, 3196, 3195, 3194, 3193, 3192, 3191, 3190, 3189, 3188, 3187, 3186, 3185, 3184, 3183, 3182, 3181, 3180, 3179, 3178, 3177, 3176, 3175, 3174, 3173, 3172, 3171, 3170, 3169, 3168, 3388, 3386, 3387, 3167, 3166, 3165, 2945, 2946, 2947, 2948, 2949, 2950, 2951, 2952, 2953, 2954, 2955, 2956, 2957, 2958, 2959, 2960, 2961, 2962, 2963, 2964, 2965, 2966, 2967, 2968, 2969, 2970, 2971, 2972, 2973, 2974, 2975, 2976, 2977, 2978, 2979, 2980, 2981, 2982, 2983, 2984, 2985, 2986, 2987, 2988, 2989, 2990, 2991, 2992, 2993, 2994, 2995, 2996, 2997, 2998, 2999, 3000, 3001, 3002, 3003, 3004, 3005, 3006, 3007, 3008, 3009, 3010, 3011, 3012, 3013, 3014, 3015, 3016, 3017, 3018, 3019, 3020, 3021, 3022, 3023, 3024, 3025, 3026, 3027, 3028, 3029, 3030, 3031, 3032, 3033, 3034, 3035, 3036, 3037, 3038, 3039, 3040, 3041, 3042, 3043, 3044, 3045, 3046, 3047, 3048, 3049, 3050, 3051, 3052, 3053, 3054, 3055, 3056, 3057, 3058, 3059, 3060, 3061, 3062, 3063, 3064, 3065, 3066, 3067, 3068, 3069, 3070, 3071, 3072, 3073, 3074, 3075, 3076, 3077, 3078, 3079, 3080, 3081, 3082, 3083, 3084, 3085, 3086, 3087, 3088, 3089, 3090, 3091, 3092, 3093, 3094, 3095, 3096, 3097, 3098, 3099, 3100, 3101, 3102, 3103, 3104, 3105, 3106, 3107, 3108, 3109, 3110, 3111, 3112, 3113, 3114, 3115, 3116, 3117, 3118, 3119, 3120, 3121, 3122, 3123, 3124, 3125, 3126, 3127, 3128, 3129, 3130, 3131, 3132, 3133, 3134, 3135, 3136, 3137, 3138, 3139, 3140, 3141, 3142, 3143, 3144, 3145, 3146, 3147, 3148, 3149, 3150, 3151, 3152, 3153, 3154, 3155, 3156, 3157, 3158, 3159, 3160, 3161, 3162, 3163, 3164, 2944, 2943, 2942, 2941, 2940, 2939, 2938, 2937, 2936, 2935, 2934, 2933, 2932, 2931, 2930, 2929, 2928, 2927, 2926, 2925, 2924, 2923, 2922, 2921, 2920, 2919, 2918, 2917, 2916, 2915, 2914, 2913, 2912, 2911, 2910, 2909, 2908, 2907, 2906, 2905, 2904, 2903, 2902, 2901, 2900, 2899, 2898, 2897, 2896, 2895, 2894, 2893, 2892, 2891, 2890, 2889, 2888, 2887, 2886, 2885, 2884, 2883, 2882, 2881, 2880, 2879, 2878, 2877, 2876, 2875, 2874, 2873, 2872, 2871, 2870, 2869, 2868, 2867, 2866, 2865, 2864, 2863, 2862, 2861, 2860, 2859, 2858, 2857, 2856, 2855, 2854, 2853, 2852, 2851, 2850, 2849, 2848, 2847, 2846, 2845, 2844, 2843, 2842, 2841, 2840, 2839, 2838, 2837, 2836, 2835, 2834, 2833, 2832, 2831, 2830, 2829, 2828, 2827, 2826, 2825, 2824, 2823, 2822, 2821, 2820, 2819, 2818, 2817, 2816, 2815, 2814, 2813, 2812, 2811, 2810, 2809, 2808, 2807, 2806, 2805, 2804, 2803, 2802, 2801, 2800, 2799, 2798, 2797, 2796, 2795, 2794, 2793, 2792, 2791, 2790, 2789, 2788, 2787, 2786, 2785, 2784, 2783, 2782, 2781, 2780, 2779, 2778, 2777, 2776, 2775, 2774, 2773, 2772, 2771, 2770, 2769, 2768, 2767, 2766, 2765, 2764, 2763, 2762, 2761, 2760, 2759, 2758, 2757, 2756, 2755, 2754, 2753, 2752, 2751, 2750, 2749, 2748, 2747, 2746, 2745, 2744, 2743, 2742, 2741, 2740, 2739, 2738, 2737, 2736, 2735, 2734, 2733, 2732, 2731, 2730, 2729, 2728, 2727, 2726, 2725, 2506, 2507, 2508, 2509, 2510, 2511, 2512, 2513, 2514, 2515, 2516, 2517, 2518, 2519, 2520, 2521, 2522, 2523, 2524, 2525, 2526, 2527, 2528, 2529, 2530, 2531, 2532, 2533, 2534, 2535, 2536, 2537, 2538, 2539, 2540, 2541, 2542, 2543, 2544, 2545, 2546, 2547, 2548, 2549, 2550, 2551, 2552, 2553, 2554, 2555, 2556, 2557, 2558, 2559, 2560, 2561, 2562, 2563, 2564, 2565, 2566, 2567, 2568, 2569, 2570, 2571, 2572, 2573, 2574, 2575, 2576, 2577, 2578, 2579, 2580, 2581, 2582, 2583, 2584, 2585, 2586, 2587, 2588, 2589, 2590, 2591, 2592, 2593, 2594, 2595, 2596, 2597, 2598, 2599, 2600, 2601, 2602, 2603, 2604, 2605, 2606, 2607, 2608, 2609, 2610, 2611, 2612, 2613, 2614, 2615, 2616, 2617, 2618, 2619, 2620, 2621, 2622, 2623, 2624, 2625, 2626, 2627, 2628, 2629, 2630, 2631, 2632, 2633, 2634, 2635, 2636, 2637, 2638, 2639, 2640, 2641, 2642, 2643, 2644, 2645, 2646, 2647, 2648, 2649, 2650, 2651, 2652, 2653, 2654, 2655, 2656, 2657, 2658, 2659, 2660, 2661, 2662, 2663, 2664, 2665, 2666, 2667, 2668, 2669, 2670, 2671, 2672, 2673, 2674, 2675, 2676, 2677, 2678, 2679, 2680, 2681, 2682, 2683, 2684, 2685, 2686, 2687, 2688, 2689, 2690, 2691, 2692, 2693, 2694, 2695, 2696, 2697, 2698, 2699, 2700, 2701, 2702, 2703, 2704, 2705, 2706, 2707, 2708, 2709, 2710, 2711, 2712, 2713, 2714, 2715, 2716, 2717, 2718, 2719, 2720, 2721, 2722, 2723, 2724, 2337, 2336, 2335, 2334, 2333, 2332, 2331, 2330, 2329, 2328, 2327, 2326, 2325, 2324, 2323, 2322, 2321, 2320, 2319, 2318, 2317, 2316, 2315, 2314, 2313, 2312, 2311, 2310, 2309, 2308, 2307, 2306, 2305, 2304, 2303, 2302, 2301, 2300, 2299, 2298, 2297, 2296, 2295, 2294, 2293, 2292, 2291, 2290, 2289, 2288, 2287, 2286, 2285, 2284, 2283, 2282, 2281, 2280, 2279, 2278, 2277, 2276, 2275, 2274, 2273, 2272, 2271, 2270, 2269, 2268, 2267, 2266, 2265, 2264, 2263, 2262, 2261, 2260, 2259, 2258, 2257, 2256, 2255, 2254, 2253, 2252, 2251, 2250, 2249, 2248, 2247, 2246, 2245, 2244, 2243, 2242, 2241, 2240, 2239, 2238, 2237, 2236, 2235, 2234, 2233, 2232, 2231, 2230, 2229, 2228, 2227, 2226, 2505, 2504, 2503, 2502, 2501, 2500, 2499, 2498, 2497, 2496, 2495, 2494, 2493, 2492, 2491, 2490, 2489, 2488, 2487, 2486, 2485, 2484, 2483, 2482, 2481, 2480, 2479, 2478, 2477, 2476, 2475, 2474, 2473, 2472, 2471, 2470, 2469, 2468, 2467, 2466, 2465, 2464, 2463, 2462, 2461, 2460, 2459, 2458, 2457, 2456, 2455, 2454, 2453, 2452, 2451, 2450, 2449, 2448, 2447, 2446, 2445, 2444, 2443, 2442, 2441, 2440, 2439, 2438, 2437, 2436, 2435, 2434, 2433, 2432, 2431, 2430, 2429, 2428, 2427, 2426, 2425, 2424, 2423, 2422, 2421, 2420, 2419, 2418, 2417, 2416, 2415, 2414, 2413, 2412, 2411, 2410, 2409, 2408, 2407, 2406, 2405, 2404, 2403, 2402, 2401, 2400, 2399, 2398, 2397, 2395, 2396, 2109, 2110, 2111, 2112, 2113, 2114, 2115, 2116, 2117, 2118, 2119, 2120, 2121, 2122, 2123, 2124, 2125, 2126, 2127, 2128, 2129, 2130, 2131, 2132, 2133, 2134, 2135, 2136, 2137, 2138, 2139, 2140, 2141, 2142, 2143, 2144, 2145, 2146, 2147, 2148, 2149, 2150, 2151, 2152, 2153, 2154, 2155, 2156, 2157, 2158, 2159, 2160, 2161, 2162, 2163, 2164, 2165, 2166, 2167, 2168, 2169, 2170, 2171, 2172, 2173, 2174, 2175, 2176, 2177, 2178, 2179, 2180, 2181, 2182, 2183, 2184, 2185, 2186, 2187, 2188, 2189, 2190, 2191, 2192, 2193, 2194, 2195, 2196, 2197, 2198, 2199, 2200, 2201, 2202, 2203, 2204, 2205, 2206, 2207, 2208, 2209, 2210, 2211, 2212, 2213, 2214, 2215, 2216, 1888, 1889, 1890, 1891, 1892, 1893, 1894, 1895, 1896, 1897, 1898, 1899, 1900, 1901, 1902, 1903, 1904, 1905, 1906, 1907, 1908, 1909, 1910, 1911, 1912, 1913, 1914, 1915, 1916, 1917, 1918, 1919, 1920, 1921, 1922, 1923, 1924, 1925, 1926, 1927, 1928, 1929, 1930, 1931, 1932, 1933, 1934, 1935, 1936, 1937, 1938, 1939, 1940, 1941, 1942, 1943, 1944, 1945, 1946, 1947, 1948, 1949, 1950, 1951, 1952, 1953, 1954, 1955, 1956, 1957, 1958, 1959, 1960, 1961, 1962, 1963, 1964, 1965, 1966, 1967, 1968, 1969, 1970, 1971, 1972, 1973, 1974, 1975, 1976, 1977, 1978, 1979, 1980, 1981, 1982, 1983, 1984, 1985, 1986, 1987, 1988, 1989, 1990, 1991, 1992, 1993, 1994, 1995, 1996, 1997, 1998, 1546, 1545, 1544, 1543, 1542, 1541, 1540, 1539, 1538, 1537, 1536, 1535, 1534, 1533, 1532, 1531, 1530, 1529, 1528, 1527, 1526, 1525, 1524, 1523, 1522, 1521, 1520, 1519, 1518, 1517, 1516, 1515, 1514, 1513, 1512, 1511, 1510, 1509, 1508, 1507, 1506, 1505, 1504, 1503, 1502, 1501, 1500, 1499, 1498, 1497, 1496, 1495, 1494, 1493, 1492, 1491, 1490, 1489, 1488, 1487, 1486, 1485, 1484, 1483, 1482, 1481, 1480, 1479, 1478, 1477, 1476, 1475, 1474, 1473, 1472, 1471, 1470, 1469, 1468, 1467, 1562, 1563, 1564, 1565, 1566, 1567, 1568, 1569, 1570, 1571, 1572, 1573, 1574, 1575, 1576, 1577, 1578, 1579, 1580, 1581, 1582, 1583, 1584, 1585, 1586, 1587, 1588, 1589, 1590, 1591, 1592, 1593, 1594, 1595, 1596, 1597, 1598, 1599, 1600, 1601, 1602, 1603, 1604, 1605, 1606, 1607, 1608, 1609, 1610, 1611, 1612, 1613, 1614, 1615, 1616, 1617, 1618, 1619, 1620, 1621, 1622, 1623, 1624, 1625, 1626, 1627, 1628, 1629, 1630, 1631, 1632, 1633, 1634, 1635, 1636, 1637, 1638, 1639, 1640, 1641, 1056, 1055, 1054, 1053, 1052, 1051, 1050, 1049, 1048, 1047, 1046, 1045, 1044, 1043, 1042, 1041, 1040, 1039, 1038, 1037, 1036, 1035, 1034, 1033, 1032, 1031, 1030, 1029, 1028, 1027, 1026, 1025, 1024, 1023, 1022, 1021, 1020, 1019, 1018, 1017, 1016, 1015, 1014, 1013, 1012, 1011, 1010, 1009, 1008, 1007, 1006, 1005, 1004, 1003, 1002, 1001, 1000, 999, 998, 997, 996, 995, 994, 993, 992, 991, 990, 989, 988, 987, 986, 985, 984, 983, 982, 981, 980, 979, 978, 977, 976, 975, 974, 973, 972, 971, 970, 969, 968, 967, 966, 965, 964, 963, 962, 961, 960, 959, 958, 957, 956, 1547, 1548, 1549, 1550, 1551, 1552, 1553, 1554, 1555, 1556, 1557, 1558, 1559, 1560, 1561, 1461, 1460, 1459, 1458, 1457, 1456, 1455, 1454, 1453, 1452, 1451, 1450, 1449, 1448, 1447, 1446, 1445, 1444, 1443, 1442, 1441, 1440, 1439, 1438, 1437, 1436, 1863, 1862, 1861, 1860, 1859, 1858, 1857, 1856, 1855, 1854, 1853, 1852, 1851, 1850, 1849, 1848, 1847, 1846, 1845, 1844, 1843, 1842, 1841, 1840, 1839, 1838, 1837, 1836, 1835, 1834, 1833, 1832, 1831, 1830, 1829, 1828, 1827, 1826, 1825, 1824, 1823, 1822, 1821, 1820, 1819, 1818, 1817, 1816, 1815, 1814, 1813, 1812, 1811, 1810, 1809, 1808, 1807, 1806, 1805, 1804, 1803, 1802, 1801, 1800, 1799, 1798, 1797, 1796, 1795, 1794, 1793, 1792, 1791, 1790, 1789, 1788, 1787, 1786, 1785, 1784, 1783, 1782, 1781, 1780, 1779, 1778, 1777, 1776, 1775, 1774, 1773, 1772, 1771, 1770, 1769, 1768, 1767, 1766, 1765, 1764, 1763, 1762, 1761, 1760, 1759, 1758, 1757, 2107, 2105, 2106, 2108, 1756, 1755, 1754, 1753, 1281, 1282, 1283, 1284, 1285, 1286, 1287, 1288, 1289, 1290, 1291, 1292, 1293, 1294, 1295, 1296, 1297, 1298, 1299, 1300, 1301, 1302, 1303, 1304, 1305, 1306, 1307, 1308, 1309, 1310, 1311, 1312, 1313, 1314, 1315, 1316, 1317, 1318, 1319, 1320, 1321, 1322, 1323, 1324, 1325, 1326, 1327, 1328, 1329, 1330, 1331, 1332, 1333, 1334, 1335, 1336, 1337, 1338, 1339, 1340, 1341, 1342, 1343, 1344, 1345, 1346, 1347, 1348, 1349, 1350, 1351, 1352, 1353, 1354, 1355, 1356, 1357, 1358, 1359, 1360, 1361, 1362, 1363, 1364, 1365, 1366, 1367, 1368, 1369, 1370, 1371, 1372, 1373, 1374, 1375, 1376, 1377, 1378, 1379, 1380, 1381, 1382, 1383, 1384, 1385, 1386, 1387, 1388, 1389, 1390, 1391, 946, 947, 886, 885, 884, 883, 882, 881, 880, 879, 878, 877, 876, 875, 874, 873, 872, 871, 870, 869, 868, 867, 866, 865, 864, 863, 862, 861, 860, 859, 858, 857, 856, 855, 854, 853, 852, 851, 850, 849, 848, 847, 846, 845, 844, 843, 842, 841, 840, 839, 838, 837, 836, 835, 834, 833, 832, 831, 830, 829, 828, 827, 826, 825, 824, 823, 822, 821, 820, 819, 818, 817, 816, 815, 814, 813, 812, 811, 810, 809, 808, 807, 806, 805, 804, 803, 802, 801, 800, 799, 798, 797, 796, 795, 794, 793, 792, 791, 790, 789, 788, 787, 786, 785, 784, 783, 782, 781, 780, 779, 778, 777, 454, 455, 456, 457, 458, 459, 460, 461, 462, 463, 464, 465, 466, 467, 468, 469, 470, 471, 472, 473, 474, 475, 476, 477, 478, 479, 480, 481, 482, 483, 484, 485, 486, 487, 488, 489, 490, 491, 492, 493, 494, 495, 496, 497, 498, 499, 500, 501, 502, 503, 504, 505, 506, 507, 508, 509, 510, 511, 512, 513, 514, 515, 516, 517, 518, 519, 520, 521, 522, 523, 524, 525, 526, 527, 528, 529, 530, 531, 532, 533, 534, 535, 536, 537, 538, 539, 540, 541, 542, 543, 544, 545, 546, 887, 888, 889, 890, 891, 892, 893, 894, 895, 896, 897, 898, 899, 900, 937, 938, 939, 560, 559, 558, 557, 556, 555, 554, 553, 552, 551, 901, 902, 903, 904, 905, 906, 907, 908, 909, 1395, 1396, 1397, 1398, 1869, 1403, 1404, 1405, 1406, 1407, 1874, 1873, 2220, 2221, 1872, 1871, 1870, 2219, 2217, 2218, 1885, 1868, 1867, 1884, 1886, 1887, 1430, 1432, 1431, 2003, 2002, 1645, 1644, 1433, 1434, 1435, 1643, 1642, 2001, 2000, 1999, 1647, 1646, 1408, 1409, 1410, 1411, 1412, 1413, 1653, 1652, 1650, 1649, 1651, 2006, 2005, 2004, 1648, 1061, 1060, 1059, 1058, 1057, 945, 944, 943, 942, 941, 940, 1429, 1428, 1427, 1426, 1883, 1866, 1865, 1864, 1425, 1424, 1394, 1393, 1392, 929, 930, 931, 932, 933, 934, 935, 936, 561, 562, 563, 564, 565, 948, 949, 950, 951, 1072, 1073, 1074, 1075, 1076, 1077, 1078, 1079, 1080, 1081, 1082, 1083, 1084, 1085, 1086, 1185, 1186, 1187, 1188, 1189, 1190, 1191, 1192, 1193, 1194, 1195, 1196, 1197, 1198, 1199, 1200, 1201, 1202, 1203, 1204, 1205, 1206, 1207, 1208, 1209, 1210, 1211, 1212, 1213, 1214, 1215, 1216, 1217, 1218, 1219, 1220, 1221, 1222, 1223, 1224, 1225, 1226, 1227, 1228, 1229, 1230, 1231, 1232, 1233, 1234, 1235, 1236, 1237, 1238, 1239, 1240, 1241, 1242, 1243, 1244, 1245, 1246, 1247, 1248, 1249, 1250, 1251, 1252, 1253, 1254, 1255, 1256, 1257, 1258, 1259, 1260, 1261, 1262, 1263, 1264, 1265, 1266, 1267, 1268, 1269, 1270, 1271, 1272, 1273, 1274, 1275, 1276, 1277, 673, 672, 671, 670, 669, 668, 667, 666, 665, 664, 663, 662, 661, 660, 659, 658, 657, 656, 655, 654, 653, 652, 651, 650, 649, 648, 647, 646, 645, 644, 643, 642, 641, 640, 639, 638, 637, 636, 635, 634, 633, 632, 631, 630, 629, 628, 627, 626, 625, 624, 623, 622, 621, 620, 619, 618, 617, 616, 615, 614, 613, 612, 611, 610, 609, 608, 607, 606, 605, 604, 603, 602, 601, 600, 599, 598, 597, 596, 595, 594, 593, 592, 591, 590, 589, 588, 587, 586, 585, 584, 583, 582, 581, 580, 579, 578, 577, 576, 575, 574, 573, 572, 571, 570, 569, 568, 567, 566, 1062, 1063, 1064, 1065, 1066, 1067, 1068, 1069, 1070, 1071, 926, 927, 928, 1087, 1088, 1089, 1090, 1091, 1092, 1093, 1094, 1095, 1096, 1097, 1098, 1099, 1100, 1101, 1102, 1103, 1104, 1105, 1106, 1107, 1108, 1109, 1110, 1111, 1112, 1113, 1114, 1115, 1116, 1117, 1118, 1119, 1120, 1121, 1122, 1123, 1124, 1125, 1126, 1127, 1128, 1129, 1130, 1131, 1132, 1133, 1134, 1135, 1136, 1137, 1138, 1139, 1140, 1141, 1142, 1143, 1144, 1145, 1146, 1147, 1148, 1149, 1150, 1151, 1152, 1153, 1154, 1155, 1156, 1157, 1158, 1159, 1160, 1161, 1162, 1163, 1164, 1165, 1166, 1167, 1168, 1169, 1170, 1171, 1172, 1173, 1174, 1175, 1176, 1177, 1178, 1179, 1180, 1181, 1182, 1183, 1184, 1752, 1751, 1750, 1749, 2104, 2103, 2102, 2101, 2100, 1748, 1747, 1746, 1745, 1744, 1743, 1742, 1741, 1740, 1739, 1738, 1737, 1736, 1735, 1734, 1733, 1732, 1731, 1730, 1729, 1728, 1727, 1726, 1725, 1724, 1723, 1722, 1721, 1720, 1719, 1718, 1717, 1716, 1715, 1714, 1713, 1712, 1711, 1710, 1709, 1708, 1707, 1706, 1705, 1704, 1703, 1702, 1701, 1700, 1699, 1698, 1697, 1696, 1695, 1694, 1693, 1692, 1691, 1690, 1689, 1688, 1687, 1686, 1685, 1684, 1683, 1682, 1681, 1680, 1679, 1678, 1677, 1676, 1675, 1674, 1673, 1672, 1671, 1670, 1669, 1668, 1667, 1666, 1665, 1664, 1663, 1662, 1661, 1660, 1659, 1658, 1657, 1656, 1655, 1654, 1423, 1422, 1421, 1878, 1879, 1880, 1881, 1882, 2007, 2008, 2009, 2010, 2011, 2012, 2013, 2014, 2015, 2016, 2017, 2018, 2019, 2020, 2021, 2022, 2023, 2024, 2025, 2026, 2027, 2028, 2029, 2030, 2031, 2032, 2033, 2034, 2035, 2036, 2037, 2038, 2039, 2040, 2041, 2042, 2043, 2044, 2045, 2046, 2047, 2048, 2049, 2050, 2051, 2052, 2053, 2054, 2055, 2056, 2057, 2058, 2059, 2060, 2061, 2394, 2393, 2392, 2391, 2390, 2389, 2388, 2387, 2386, 2385, 2384, 2383, 2382, 2381, 2380, 2379, 2378, 2377, 2376, 2375, 2374, 2373, 2372, 2371, 2370, 2369, 2368, 2367, 2366, 2365, 2364, 2363, 2362, 2361, 2360, 2359, 2358, 2357, 2356, 2355, 2354, 2353, 2352, 2351, 2350, 2349, 2348, 2347, 2346, 2345, 2344, 2343, 2342, 2341, 2340, 2339, 2338, 2225, 2224, 2223, 2222, 1877, 1876, 1875, 1416, 1417, 1418, 1419, 1420, 925, 924, 923, 922, 921, 1415, 1414, 920, 919, 918, 917, 916, 915, 914, 913, 912, 911, 910, 1402, 1401, 1400, 1399, 772, 771, 770, 769, 768, 767, 766, 765, 764, 763, 762, 761, 760, 759, 758, 757, 756, 755, 754, 753, 752, 751, 750, 749, 748, 747, 746, 745, 744, 743, 742, 741, 740, 739, 738, 737, 736, 735, 734, 733, 732, 731, 730, 729, 728, 727, 726, 725, 724, 723, 722, 721, 720, 719, 718, 717, 716, 715, 714, 713, 712, 711, 710, 709, 708, 707, 706, 705, 704, 703, 702, 701, 700, 699, 698, 697, 696, 695, 694, 693, 692, 691, 690, 689, 688, 687, 686, 685, 684, 683, 682, 681, 680, 679, 678, 677, 676, 675, 674, 247, 248, 249, 250, 251, 252, 253, 254, 255, 256, 257, 258, 259, 260, 261, 262, 263, 264, 265, 266, 267, 268, 269, 270, 271, 272, 273, 274, 275, 276, 277, 278, 279, 280, 281, 282, 283, 284, 285, 286, 287, 288, 289, 290, 291, 292, 293, 294, 295, 296, 297, 298, 299, 300, 301, 302, 303, 304, 305, 306, 307, 308, 309, 310, 311, 312, 313, 314, 315, 316, 317, 318, 319, 320, 321, 322, 323, 324, 325, 326, 327, 328, 329, 330, 331, 332, 333, 334, 335, 336, 337, 773, 774, 775, 776, 1278, 1280, 1279, 340, 339, 338, 435, 434, 433, 432, 163, 162, 161, 431, 430, 429, 428, 427, 426, 425, 424, 423, 422, 421, 420, 419, 418, 417, 416, 415, 414, 413, 412, 411, 410, 409, 408, 407, 406, 405, 404, 403, 402, 401, 400, 399, 398, 397, 396, 395, 394, 393, 392, 391, 390, 389, 388, 387, 386, 385, 384, 383, 382, 381, 380, 379, 378, 377, 376, 375, 374, 373, 372, 371, 370, 369, 368, 367, 366, 365, 364, 363, 362, 361, 360, 359, 358, 357, 356, 355, 354, 353, 352, 351, 350, 349, 348, 347, 346, 345, 344, 343, 342, 341, 245, 244, 243, 242, 241, 240, 68, 69, 70, 71, 72, 73, 74, 75, 76, 77, 78, 79, 80, 81, 82, 83, 84, 85, 86, 87, 88, 89, 90, 91, 92, 93, 94, 95, 96, 97, 98, 99, 100, 101, 102, 103, 104, 105, 106, 107, 108, 109, 110, 111, 112, 113, 114, 115, 116, 117, 118, 119, 120, 121, 122, 123, 124, 125, 126, 127, 128, 129, 130, 131, 132, 133, 134, 135, 136, 137, 138, 139, 140, 141, 142, 143, 144, 145, 146, 147, 148, 149, 150, 151, 152, 153, 154, 155, 156, 157, 158, 159, 160, 448, 447, 446, 445, 444, 443, 442, 441, 440, 439, 438, 437, 436, 239, 238, 237, 236, 235, 234, 233, 232, 231, 230, 229, 228, 227, 226, 225, 224, 223, 222, 221, 220, 219, 218, 217, 216, 215, 214, 213, 212, 211, 210, 209, 208, 207, 206, 205, 204, 203, 202, 201, 200, 199, 198, 197, 196, 195, 194, 193, 192, 191, 190, 189, 188, 187, 186, 185, 184, 183, 182, 181, 180, 179, 178, 177, 176, 175, 174, 173, 172, 171, 170, 169, 168, 167, 166, 165, 164, 7, 6, 5, 4, 3, 2, 1, 59, 60, 61, 62, 63, 64, 65, 66, 67, 8, 9, 10, 11, 12, 13, 14, 15, 16, 17, 18, 19, 20, 21, 22, 23, 24, 25, 26, 27, 28, 29, 30, 31, 32, 33, 34, 35, 36, 37, 38, 39, 40, 41, 42, 43, 44, 45, 46, 47, 48, 49, 50, 51, 52, 53, 54, 55, 56, 57, 58, 449, 450, 451, 452, 453]
complete (without updating cost during greedy search):
weight=75978.90651505666
[5844, 5845, 5846, 5847, 5848, 5849, 5850, 5851, 5852, 5853, 5854, 5855, 5856, 5857, 5983, 5984, 5985, 5986, 5987, 5988, 5989, 5990, 5991, 5992, 5993, 5994, 5995, 5996, 5997, 6066, 6067, 6068, 6069, 6070, 6071, 6072, 6073, 6002, 6003, 6004, 6005, 6006, 6007, 6008, 6009, 6010, 6011, 5885, 5884, 5883, 5882, 5881, 5880, 5879, 5878, 5877, 5876, 5875, 5874, 5873, 5872, 5871, 5870, 5869, 5868, 5867, 5866, 5865, 5864, 5863, 5862, 5861, 5860, 5859, 5858, 5712, 5713, 5714, 5715, 5716, 5717, 5718, 5719, 5720, 5721, 5722, 5723, 5724, 5725, 5726, 5727, 5728, 5729, 5730, 5731, 5732, 5733, 5734, 5735, 5736, 5737, 5738, 5739, 5740, 5741, 5742, 5743, 5744, 5745, 5746, 5747, 5748, 5749, 5750, 5751, 5752, 5753, 5754, 5755, 5756, 5757, 5758, 5759, 5760, 5761, 5762, 5763, 5764, 5765, 5766, 5767, 5768, 5769, 5770, 5771, 5772, 5773, 5774, 5775, 5776, 5777, 5778, 5779, 5780, 5781, 5782, 5783, 5784, 5785, 5786, 5787, 5788, 5789, 5790, 5791, 5792, 5793, 5794, 5795, 5796, 5797, 5798, 5799, 5800, 5801, 5802, 5803, 5804, 5805, 5806, 5807, 5808, 5809, 5810, 5811, 5812, 5813, 5814, 5815, 5816, 5817, 5818, 5819, 5820, 5821, 5822, 5823, 5824, 5825, 5826, 5827, 5828, 5829, 5830, 5831, 5832, 5833, 5834, 5835, 5978, 5977, 5976, 5975, 5974, 5973, 5972, 5971, 5970, 5969, 5968, 5967, 5966, 5965, 5964, 5963, 5962, 5961, 5960, 5959, 5958, 5957, 5956, 5955, 5954, 5953, 5952, 5951, 5950, 5949, 5948, 5947, 5946, 5945, 5944, 5943, 5942, 5941, 5940, 5939, 5938, 5937, 5936, 5935, 5934, 5933, 5932, 5931, 5930, 5929, 5928, 6012, 6013, 6014, 6015, 6016, 6017, 6018, 6019, 6020, 6021, 6022, 6023, 6024, 6025, 6026, 6027, 6028, 6029, 6030, 6031, 6032, 6033, 6034, 6035, 6036, 6037, 6038, 6039, 6040, 6041, 6042, 6043, 6044, 6045, 6046, 6047, 6048, 6049, 6050, 6051, 6052, 6053, 6054, 6055, 6056, 6057, 6074, 6075, 6076, 6077, 6078, 6079, 6080, 6081, 6082, 6083, 6065, 6064, 6063, 6062, 6061, 5979, 5980, 5981, 5982, 5838, 5837, 5836, 5641, 5642, 5640, 5639, 5638, 5637, 5636, 5635, 5634, 5633, 5632, 5631, 5630, 5629, 5628, 5627, 5626, 5625, 5624, 5623, 5622, 5621, 5620, 5619, 5618, 5617, 5616, 5615, 5614, 5613, 5612, 5611, 5610, 5609, 5608, 5607, 5606, 5605, 5604, 5603, 5602, 5601, 5600, 5599, 5598, 5597, 5596, 5595, 5594, 5593, 5592, 5591, 5590, 5589, 5588, 5587, 5586, 5585, 5584, 5583, 5582, 5581, 5580, 5579, 5578, 5577, 5576, 5575, 5574, 5573, 5572, 5571, 5570, 5569, 5568, 5567, 5566, 5565, 5564, 5563, 5562, 5561, 5560, 5559, 5558, 5557, 5556, 5555, 5554, 5553, 5552, 5551, 5550, 5549, 5548, 5547, 5546, 5545, 5544, 5543, 5542, 5541, 5540, 5539, 5538, 5537, 5536, 5535, 5534, 5533, 5532, 5531, 5530, 5529, 5528, 5527, 5526, 5525, 5524, 5523, 5522, 5521, 5520, 5519, 5518, 5517, 5516, 5515, 5514, 5711, 5710, 5709, 5708, 5707, 5706, 5705, 5704, 5703, 5702, 5701, 5700, 5699, 5698, 5697, 5696, 5695, 5843, 5842, 5841, 5840, 5839, 5693, 5692, 5691, 5690, 5689, 5688, 5687, 5686, 5685, 5684, 5683, 5682, 5681, 5680, 5679, 5678, 5677, 5676, 5675, 5674, 5673, 5672, 5671, 5670, 5669, 5668, 5667, 5666, 5665, 5664, 5663, 5662, 5661, 5660, 5659, 5658, 5657, 5656, 5460, 5459, 5458, 5457, 5456, 5455, 5454, 5453, 5452, 5451, 5450, 5449, 5655, 5654, 5653, 5448, 5447, 5446, 5652, 5651, 5650, 5445, 5444, 5443, 5442, 5441, 5440, 5439, 5438, 5437, 5436, 5435, 5434, 5649, 5648, 5647, 5646, 5645, 5644, 5643, 5430, 5429, 5428, 5427, 5426, 5425, 5424, 5195, 5194, 5193, 5192, 5420, 5421, 5422, 5423, 5196, 5197, 5198, 5199, 5200, 5201, 5202, 5203, 5204, 5205, 5206, 5207, 5208, 5209, 5210, 5211, 5212, 5213, 5214, 5215, 5216, 5217, 5218, 5219, 5220, 5221, 5222, 5223, 5224, 5225, 5226, 5227, 5228, 5229, 5230, 5231, 5232, 5233, 5234, 5235, 5236, 5237, 5238, 5239, 5240, 5241, 5242, 5243, 5244, 5245, 5246, 5247, 5248, 5249, 5250, 5251, 5252, 5253, 5254, 5255, 5256, 5257, 5258, 5259, 5260, 5261, 5262, 5263, 5264, 5265, 5266, 5267, 5268, 5269, 5270, 5271, 5272, 5273, 5274, 5275, 5276, 5277, 5278, 5279, 5280, 5281, 5282, 5283, 5284, 5285, 5286, 5287, 5288, 5289, 5290, 5291, 5292, 5293, 5294, 5295, 5296, 5297, 5298, 5299, 5300, 5301, 5302, 5303, 5304, 5305, 5306, 5307, 5308, 5309, 5310, 5311, 5312, 5313, 5314, 5315, 5316, 5317, 5318, 5319, 5320, 5321, 5322, 5323, 5324, 5325, 5326, 5327, 5328, 5329, 5330, 5331, 5332, 5333, 5334, 5335, 5336, 5337, 5338, 5339, 5340, 5341, 5342, 5343, 5344, 5345, 5346, 5347, 5348, 5349, 5350, 5351, 5352, 5353, 5354, 5355, 5356, 5357, 5358, 5359, 5360, 5361, 5362, 5363, 5364, 5365, 5366, 5367, 5368, 5369, 5370, 5371, 5372, 5373, 5374, 5375, 5376, 5377, 5378, 5379, 5380, 5381, 5382, 5383, 5384, 5385, 5386, 5387, 5388, 5389, 5390, 5391, 5392, 5393, 5394, 5395, 5396, 5397, 5398, 5399, 5400, 5401, 5402, 5403, 5404, 5405, 5406, 5407, 5408, 5409, 5410, 5411, 5412, 5413, 5176, 5175, 5174, 5173, 5172, 5171, 5170, 5169, 5168, 5167, 5166, 5165, 5164, 5163, 5162, 5161, 5160, 5159, 5158, 5157, 5156, 5155, 5154, 5153, 5152, 5151, 5150, 5149, 5148, 5147, 5146, 5145, 5144, 5143, 5142, 5141, 5140, 5139, 5138, 5137, 5136, 5135, 5134, 5133, 5132, 5131, 5130, 5129, 5128, 5127, 5126, 5125, 5124, 5123, 5122, 5121, 5120, 5119, 5118, 5117, 5116, 5115, 5114, 5113, 5112, 5111, 5110, 5109, 5108, 5107, 5106, 5105, 5104, 5103, 5102, 5101, 5100, 5099, 5098, 5097, 5096, 5095, 5094, 5093, 5092, 5091, 5090, 5089, 5088, 5087, 5086, 5085, 5084, 5083, 5082, 5081, 5080, 5079, 5078, 5077, 5076, 5075, 5074, 5073, 5072, 5071, 5070, 5069, 5068, 5067, 5066, 5065, 5064, 5063, 5062, 5061, 5060, 5059, 5058, 5057, 5056, 5055, 5054, 5053, 5052, 5051, 5050, 5049, 5048, 5047, 5046, 5045, 5044, 5043, 5042, 5041, 5040, 5039, 5038, 5037, 5036, 5035, 5034, 5033, 5032, 5031, 5030, 5029, 5028, 5027, 5026, 5025, 5024, 5023, 5022, 5021, 5020, 5019, 5018, 5017, 5016, 5015, 5014, 5013, 5012, 5011, 5010, 5009, 5008, 5007, 5006, 5005, 5004, 5003, 5002, 5001, 5000, 4999, 4998, 4997, 4996, 4995, 4994, 4993, 4992, 4991, 4990, 4989, 4988, 4987, 4986, 4985, 4984, 4983, 4982, 4981, 4980, 4979, 4978, 4977, 4976, 4975, 4974, 4973, 4972, 4971, 4970, 4969, 4968, 4967, 4966, 4965, 4964, 4963, 4962, 4961, 4960, 4959, 5191, 5190, 5189, 5188, 5187, 5186, 5419, 5418, 5417, 5416, 5415, 5414, 5181, 5182, 5183, 5184, 5185, 4956, 4958, 4957, 4955, 4954, 4953, 4952, 4951, 5179, 5177, 5178, 5180, 4950, 4949, 4948, 4720, 4721, 4722, 4723, 4724, 4725, 4726, 4727, 4728, 4729, 4730, 4731, 4732, 4734, 4733, 4735, 4736, 4737, 4738, 4739, 4740, 4741, 4742, 4743, 4744, 4745, 4746, 4747, 4748, 4749, 4750, 4751, 4752, 4753, 4754, 4755, 4756, 4757, 4758, 4759, 4760, 4761, 4762, 4763, 4764, 4765, 4766, 4767, 4768, 4769, 4770, 4771, 4772, 4773, 4774, 4775, 4776, 4777, 4778, 4779, 4780, 4781, 4782, 4783, 4784, 4785, 4786, 4787, 4788, 4789, 4790, 4791, 4792, 4793, 4794, 4795, 4796, 4797, 4798, 4799, 4800, 4801, 4802, 4803, 4804, 4805, 4806, 4807, 4808, 4809, 4810, 4811, 4812, 4813, 4814, 4815, 4816, 4817, 4818, 4819, 4820, 4821, 4822, 4823, 4824, 4825, 4826, 4827, 4828, 4829, 4830, 4831, 4832, 4833, 4834, 4835, 4836, 4837, 4838, 4839, 4840, 4841, 4842, 4843, 4844, 4845, 4846, 4847, 4848, 4849, 4850, 4851, 4852, 4853, 4854, 4855, 4856, 4857, 4858, 4859, 4860, 4861, 4862, 4863, 4864, 4865, 4866, 4867, 4868, 4869, 4870, 4871, 4872, 4873, 4874, 4875, 4876, 4877, 4878, 4879, 4880, 4881, 4882, 4883, 4884, 4885, 4886, 4887, 4888, 4889, 4890, 4891, 4892, 4893, 4894, 4895, 4896, 4897, 4898, 4899, 4900, 4901, 4902, 4903, 4904, 4905, 4906, 4907, 4908, 4909, 4910, 4911, 4912, 4913, 4914, 4915, 4916, 4917, 4918, 4919, 4920, 4921, 4922, 4923, 4924, 4925, 4926, 4927, 4928, 4929, 4930, 4931, 4932, 4933, 4934, 4935, 4936, 4937, 4938, 4939, 4940, 4941, 4942, 4943, 4944, 4945, 4946, 4947, 4719, 4718, 4717, 4716, 4715, 4714, 4713, 4712, 4711, 4710, 4709, 4708, 4707, 4706, 4705, 4704, 4703, 4702, 4701, 4700, 4699, 4698, 4697, 4696, 4695, 4694, 4693, 4692, 4691, 4690, 4689, 4688, 4687, 4686, 4685, 4684, 4683, 4682, 4681, 4680, 4679, 4678, 4677, 4676, 4675, 4674, 4673, 4672, 4671, 4670, 4669, 4668, 4667, 4666, 4665, 4664, 4663, 4662, 4661, 4660, 4659, 4658, 4657, 4656, 4655, 4654, 4653, 4652, 4651, 4650, 4649, 4648, 4647, 4646, 4645, 4644, 4643, 4642, 4641, 4640, 4639, 4638, 4637, 4636, 4635, 4634, 4633, 4632, 4631, 4630, 4629, 4628, 4627, 4626, 4625, 4624, 4623, 4622, 4621, 4620, 4619, 4618, 4617, 4616, 4615, 4614, 4613, 4612, 4611, 4610, 4609, 4608, 4607, 4606, 4605, 4604, 4603, 4602, 4601, 4600, 4599, 4598, 4597, 4596, 4595, 4594, 4593, 4592, 4591, 4590, 4589, 4588, 4587, 4586, 4585, 4584, 4583, 4582, 4581, 4580, 4579, 4578, 4577, 4576, 4575, 4574, 4573, 4572, 4571, 4570, 4569, 4568, 4567, 4566, 4565, 4564, 4563, 4562, 4561, 4560, 4559, 4558, 4557, 4556, 4555, 4554, 4553, 4552, 4551, 4550, 4549, 4548, 4547, 4546, 4545, 4544, 4543, 4542, 4541, 4540, 4539, 4538, 4537, 4536, 4535, 4534, 4533, 4532, 4531, 4530, 4529, 4528, 4527, 4526, 4525, 4524, 4523, 4522, 4521, 4520, 4519, 4518, 4517, 4516, 4515, 4514, 4513, 4512, 4511, 4510, 4509, 4508, 4507, 4506, 4505, 4504, 4503, 4502, 4501, 4500, 4499, 4498, 4497, 4496, 4495, 4273, 4274, 4275, 4276, 4277, 4278, 4279, 4280, 4281, 4282, 4283, 4284, 4285, 4286, 4287, 4288, 4289, 4290, 4291, 4292, 4293, 4294, 4295, 4296, 4297, 4298, 4299, 4300, 4301, 4302, 4303, 4304, 4305, 4306, 4307, 4308, 4309, 4310, 4311, 4312, 4313, 4314, 4315, 4316, 4317, 4318, 4319, 4320, 4321, 4322, 4323, 4324, 4325, 4326, 4327, 4328, 4329, 4330, 4331, 4332, 4333, 4334, 4335, 4336, 4337, 4338, 4339, 4340, 4341, 4342, 4343, 4344, 4345, 4346, 4347, 4348, 4349, 4350, 4351, 4352, 4353, 4354, 4355, 4356, 4357, 4358, 4359, 4360, 4361, 4362, 4363, 4364, 4365, 4366, 4367, 4368, 4369, 4370, 4371, 4372, 4373, 4374, 4375, 4376, 4377, 4378, 4379, 4380, 4381, 4382, 4383, 4384, 4385, 4386, 4387, 4388, 4389, 4390, 4391, 4392, 4393, 4394, 4395, 4396, 4397, 4398, 4399, 4400, 4401, 4402, 4403, 4404, 4405, 4406, 4407, 4408, 4409, 4410, 4411, 4412, 4413, 4414, 4415, 4416, 4417, 4418, 4419, 4420, 4421, 4422, 4423, 4424, 4425, 4426, 4427, 4428, 4429, 4430, 4431, 4432, 4433, 4434, 4435, 4436, 4437, 4438, 4439, 4440, 4441, 4442, 4443, 4444, 4445, 4446, 4447, 4448, 4449, 4450, 4451, 4452, 4453, 4454, 4455, 4456, 4457, 4458, 4459, 4460, 4461, 4462, 4463, 4464, 4465, 4466, 4467, 4468, 4469, 4470, 4471, 4472, 4473, 4474, 4475, 4476, 4477, 4478, 4479, 4480, 4481, 4482, 4483, 4484, 4485, 4486, 4487, 4488, 4489, 4490, 4491, 4492, 4493, 4494, 4272, 4271, 4270, 4269, 4268, 4267, 4266, 4265, 4264, 4263, 4262, 4261, 4260, 4259, 4258, 4257, 4256, 4255, 4254, 4253, 4252, 4251, 4250, 4249, 4248, 4247, 4246, 4245, 4244, 4243, 4242, 4241, 4240, 4239, 4238, 4237, 4236, 4235, 4234, 4233, 4232, 4231, 4230, 4229, 4228, 4227, 4226, 4225, 4224, 4223, 4222, 4221, 4220, 4219, 4218, 4217, 4216, 4215, 4214, 4213, 4212, 4211, 4210, 4209, 4208, 4207, 4206, 4205, 4204, 4203, 4202, 4201, 4200, 4199, 4198, 4197, 4196, 4195, 4194, 4193, 4192, 4191, 4190, 4189, 4188, 4187, 4186, 4185, 4184, 4183, 4182, 4181, 4180, 4179, 4178, 4177, 4176, 4175, 4174, 4173, 4172, 4171, 4170, 4169, 4168, 4167, 4166, 4165, 4164, 4163, 4162, 4161, 4160, 4159, 4158, 4157, 4156, 4155, 4154, 4153, 4152, 4151, 4150, 4149, 4148, 4147, 4146, 4145, 4144, 4143, 4142, 4141, 4140, 4139, 4138, 4137, 4136, 4135, 4134, 4133, 4132, 4131, 4130, 4129, 4128, 4127, 4126, 4125, 4124, 4123, 4122, 4121, 4120, 4119, 4118, 4117, 4116, 4115, 4114, 4113, 4112, 4111, 4110, 4109, 4108, 4107, 4106, 4105, 4104, 4103, 4102, 4101, 4100, 4099, 4098, 4097, 4096, 4095, 4094, 4093, 4092, 4091, 4090, 4089, 4088, 4087, 4086, 4085, 4084, 4083, 4082, 4081, 4080, 4079, 4078, 4077, 4076, 4075, 4074, 4073, 4072, 4071, 4070, 4069, 4068, 4067, 4066, 4065, 4064, 4063, 4062, 4061, 4060, 4059, 4058, 4057, 4056, 4055, 4054, 4053, 4052, 4051, 3833, 3829, 3830, 3831, 3832, 3834, 3835, 3836, 3837, 3838, 3839, 3840, 3841, 3842, 3843, 3844, 3845, 3846, 3847, 3848, 3849, 3850, 3851, 3852, 3853, 3854, 3855, 3856, 3857, 3858, 3859, 3860, 3861, 3862, 3863, 3864, 3865, 3866, 3867, 3868, 3869, 3870, 3871, 3872, 3873, 3874, 3875, 3876, 3877, 3878, 3879, 3880, 3881, 3882, 3883, 3884, 3885, 3886, 3887, 3888, 3889, 3890, 3891, 3892, 3893, 3894, 3895, 3896, 3897, 3898, 3899, 3900, 3901, 3902, 3903, 3904, 3905, 3906, 3907, 3908, 3909, 3910, 3911, 3912, 3913, 3914, 3915, 3916, 3917, 3918, 3919, 3920, 3921, 3922, 3923, 3924, 3925, 3926, 3927, 3928, 3929, 3930, 3931, 3932, 3933, 3934, 3935, 3936, 3937, 3938, 3939, 3940, 3941, 3942, 3943, 3944, 3945, 3946, 3947, 3948, 3949, 3950, 3951, 3952, 3953, 3954, 3955, 3956, 3957, 3958, 3959, 3960, 3961, 3962, 3963, 3964, 3965, 3966, 3967, 3968, 3969, 3970, 3971, 3972, 3973, 3974, 3975, 3976, 3977, 3978, 3979, 3980, 3981, 3982, 3983, 3984, 3985, 3986, 3987, 3988, 3989, 3990, 3991, 3992, 3993, 3994, 3995, 3996, 3997, 3998, 3999, 4000, 4001, 4002, 4003, 4004, 4005, 4006, 4007, 4008, 4009, 4010, 4011, 4012, 4013, 4014, 4015, 4016, 4017, 4018, 4019, 4020, 4021, 4022, 4023, 4024, 4025, 4026, 4027, 4028, 4029, 4030, 4031, 4032, 4033, 4034, 4035, 4036, 4037, 4038, 4039, 4040, 4041, 4042, 4043, 4044, 4045, 4046, 4047, 4048, 4049, 4050, 3828, 3827, 3826, 3825, 3824, 3823, 3822, 3821, 3820, 3819, 3818, 3817, 3816, 3815, 3814, 3813, 3812, 3811, 3810, 3809, 3808, 3807, 3806, 3805, 3804, 3803, 3802, 3801, 3800, 3799, 3798, 3797, 3796, 3795, 3794, 3793, 3792, 3791, 3790, 3789, 3788, 3787, 3786, 3785, 3784, 3783, 3782, 3781, 3780, 3779, 3778, 3777, 3776, 3775, 3774, 3773, 3772, 3771, 3770, 3769, 3768, 3767, 3766, 3765, 3764, 3763, 3762, 3761, 3760, 3759, 3758, 3757, 3756, 3755, 3754, 3753, 3752, 3751, 3750, 3749, 3748, 3747, 3746, 3745, 3744, 3743, 3742, 3741, 3740, 3739, 3738, 3737, 3736, 3735, 3734, 3733, 3732, 3731, 3730, 3729, 3728, 3727, 3726, 3725, 3724, 3723, 3722, 3721, 3720, 3719, 3718, 3717, 3716, 3715, 3714, 3713, 3712, 3711, 3710, 3709, 3708, 3707, 3706, 3705, 3704, 3703, 3702, 3701, 3700, 3699, 3698, 3697, 3696, 3695, 3694, 3693, 3692, 3691, 3690, 3689, 3688, 3687, 3686, 3685, 3684, 3683, 3682, 3681, 3680, 3679, 3678, 3677, 3676, 3675, 3674, 3673, 3672, 3671, 3670, 3669, 3668, 3667, 3666, 3665, 3664, 3663, 3662, 3661, 3660, 3659, 3658, 3657, 3656, 3655, 3654, 3653, 3652, 3651, 3650, 3649, 3648, 3647, 3646, 3645, 3644, 3643, 3642, 3641, 3640, 3639, 3638, 3637, 3636, 3635, 3634, 3633, 3632, 3631, 3630, 3629, 3628, 3627, 3626, 3625, 3624, 3623, 3622, 3621, 3620, 3619, 3618, 3617, 3616, 3615, 3614, 3613, 3612, 3611, 3610, 3609, 3608, 3389, 3390, 3391, 3392, 3393, 3394, 3395, 3396, 3397, 3398, 3399, 3400, 3401, 3402, 3403, 3404, 3405, 3406, 3407, 3408, 3409, 3410, 3411, 3412, 3413, 3414, 3415, 3416, 3417, 3418, 3419, 3420, 3421, 3422, 3423, 3424, 3425, 3426, 3427, 3428, 3429, 3430, 3431, 3432, 3433, 3434, 3435, 3436, 3437, 3438, 3439, 3440, 3441, 3442, 3443, 3444, 3445, 3446, 3447, 3448, 3449, 3450, 3451, 3452, 3453, 3454, 3455, 3456, 3457, 3458, 3459, 3460, 3461, 3462, 3463, 3464, 3465, 3466, 3467, 3468, 3469, 3470, 3471, 3472, 3473, 3474, 3475, 3476, 3477, 3478, 3479, 3480, 3481, 3482, 3483, 3484, 3485, 3486, 3487, 3488, 3489, 3490, 3491, 3492, 3493, 3494, 3495, 3496, 3497, 3498, 3499, 3500, 3501, 3502, 3503, 3504, 3505, 3506, 3507, 3508, 3509, 3510, 3511, 3512, 3513, 3514, 3515, 3516, 3517, 3518, 3519, 3520, 3521, 3522, 3523, 3524, 3525, 3526, 3527, 3528, 3529, 3530, 3531, 3532, 3533, 3534, 3535, 3536, 3537, 3538, 3539, 3540, 3541, 3542, 3543, 3544, 3545, 3546, 3547, 3548, 3549, 3550, 3551, 3552, 3553, 3554, 3555, 3556, 3557, 3558, 3559, 3560, 3561, 3562, 3563, 3564, 3565, 3566, 3567, 3568, 3569, 3570, 3571, 3572, 3573, 3574, 3575, 3576, 3577, 3578, 3579, 3580, 3581, 3582, 3583, 3584, 3585, 3586, 3587, 3588, 3589, 3590, 3591, 3592, 3593, 3594, 3595, 3596, 3597, 3598, 3599, 3600, 3601, 3602, 3603, 3604, 3605, 3606, 3607, 3385, 3384, 3383, 3382, 3381, 3380, 3379, 3378, 3377, 3376, 3375, 3374, 3373, 3372, 3371, 3370, 3369, 3368, 3367, 3366, 3365, 3364, 3363, 3362, 3361, 3360, 3359, 3358, 3357, 3356, 3355, 3354, 3353, 3352, 3351, 3350, 3349, 3348, 3347, 3346, 3345, 3344, 3343, 3342, 3341, 3340, 3339, 3338, 3337, 3336, 3335, 3334, 3333, 3332, 3331, 3330, 3329, 3328, 3327, 3326, 3325, 3324, 3323, 3322, 3321, 3320, 3319, 3318, 3317, 3316, 3315, 3314, 3313, 3312, 3311, 3310, 3309, 3308, 3307, 3306, 3305, 3304, 3303, 3302, 3301, 3300, 3299, 3298, 3297, 3296, 3295, 3294, 3293, 3292, 3291, 3290, 3289, 3288, 3287, 3286, 3285, 3284, 3283, 3282, 3281, 3280, 3279, 3278, 3277, 3276, 3275, 3274, 3273, 3272, 3271, 3270, 3269, 3268, 3267, 3266, 3265, 3264, 3263, 3262, 3261, 3260, 3259, 3258, 3257, 3256, 3255, 3254, 3253, 3252, 3251, 3250, 3249, 3248, 3247, 3246, 3245, 3244, 3243, 3242, 3241, 3240, 3239, 3238, 3237, 3236, 3235, 3234, 3233, 3232, 3231, 3230, 3229, 3228, 3227, 3226, 3225, 3224, 3223, 3222, 3221, 3220, 3219, 3218, 3217, 3216, 3215, 3214, 3213, 3212, 3211, 3210, 3209, 3208, 3207, 3206, 3205, 3204, 3203, 3202, 3201, 3200, 3199, 3198, 3197, 3196, 3195, 3194, 3193, 3192, 3191, 3190, 3189, 3188, 3187, 3186, 3185, 3184, 3183, 3182, 3181, 3180, 3179, 3178, 3177, 3176, 3175, 3174, 3173, 3172, 3171, 3170, 3169, 3168, 3388, 3386, 3387, 3167, 3166, 3165, 2945, 2946, 2947, 2948, 2949, 2950, 2951, 2952, 2953, 2954, 2955, 2956, 2957, 2958, 2959, 2960, 2961, 2962, 2963, 2964, 2965, 2966, 2967, 2968, 2969, 2970, 2971, 2972, 2973, 2974, 2975, 2976, 2977, 2978, 2979, 2980, 2981, 2982, 2983, 2984, 2985, 2986, 2987, 2988, 2989, 2990, 2991, 2992, 2993, 2994, 2995, 2996, 2997, 2998, 2999, 3000, 3001, 3002, 3003, 3004, 3005, 3006, 3007, 3008, 3009, 3010, 3011, 3012, 3013, 3014, 3015, 3016, 3017, 3018, 3019, 3020, 3021, 3022, 3023, 3024, 3025, 3026, 3027, 3028, 3029, 3030, 3031, 3032, 3033, 3034, 3035, 3036, 3037, 3038, 3039, 3040, 3041, 3042, 3043, 3044, 3045, 3046, 3047, 3048, 3049, 3050, 3051, 3052, 3053, 3054, 3055, 3056, 3057, 3058, 3059, 3060, 3061, 3062, 3063, 3064, 3065, 3066, 3067, 3068, 3069, 3070, 3071, 3072, 3073, 3074, 3075, 3076, 3077, 3078, 3079, 3080, 3081, 3082, 3083, 3084, 3085, 3086, 3087, 3088, 3089, 3090, 3091, 3092, 3093, 3094, 3095, 3096, 3097, 3098, 3099, 3100, 3101, 3102, 3103, 3104, 3105, 3106, 3107, 3108, 3109, 3110, 3111, 3112, 3113, 3114, 3115, 3116, 3117, 3118, 3119, 3120, 3121, 3122, 3123, 3124, 3125, 3126, 3127, 3128, 3129, 3130, 3131, 3132, 3133, 3134, 3135, 3136, 3137, 3138, 3139, 3140, 3141, 3142, 3143, 3144, 3145, 3146, 3147, 3148, 3149, 3150, 3151, 3152, 3153, 3154, 3155, 3156, 3157, 3158, 3159, 3160, 3161, 3162, 3163, 3164, 2944, 2943, 2942, 2941, 2940, 2939, 2938, 2937, 2936, 2935, 2934, 2933, 2932, 2931, 2930, 2929, 2928, 2927, 2926, 2925, 2924, 2923, 2922, 2921, 2920, 2919, 2918, 2917, 2916, 2915, 2914, 2913, 2912, 2911, 2910, 2909, 2908, 2907, 2906, 2905, 2904, 2903, 2902, 2901, 2900, 2899, 2898, 2897, 2896, 2895, 2894, 2893, 2892, 2891, 2890, 2889, 2888, 2887, 2886, 2885, 2884, 2883, 2882, 2881, 2880, 2879, 2878, 2877, 2876, 2875, 2874, 2873, 2872, 2871, 2870, 2869, 2868, 2867, 2866, 2865, 2864, 2863, 2862, 2861, 2860, 2859, 2858, 2857, 2856, 2855, 2854, 2853, 2852, 2851, 2850, 2849, 2848, 2847, 2846, 2845, 2844, 2843, 2842, 2841, 2840, 2839, 2838, 2837, 2836, 2835, 2834, 2833, 2832, 2831, 2830, 2829, 2828, 2827, 2826, 2825, 2824, 2823, 2822, 2821, 2820, 2819, 2818, 2817, 2816, 2815, 2814, 2813, 2812, 2811, 2810, 2809, 2808, 2807, 2806, 2805, 2804, 2803, 2802, 2801, 2800, 2799, 2798, 2797, 2796, 2795, 2794, 2793, 2792, 2791, 2790, 2789, 2788, 2787, 2786, 2785, 2784, 2783, 2782, 2781, 2780, 2779, 2778, 2777, 2776, 2775, 2774, 2773, 2772, 2771, 2770, 2769, 2768, 2767, 2766, 2765, 2764, 2763, 2762, 2761, 2760, 2759, 2758, 2757, 2756, 2755, 2754, 2753, 2752, 2751, 2750, 2749, 2748, 2747, 2746, 2745, 2744, 2743, 2742, 2741, 2740, 2739, 2738, 2737, 2736, 2735, 2734, 2733, 2732, 2731, 2730, 2729, 2728, 2727, 2726, 2725, 2506, 2507, 2508, 2509, 2510, 2511, 2512, 2513, 2514, 2515, 2516, 2517, 2518, 2519, 2520, 2521, 2522, 2523, 2524, 2525, 2526, 2527, 2528, 2529, 2530, 2531, 2532, 2533, 2534, 2535, 2536, 2537, 2538, 2539, 2540, 2541, 2542, 2543, 2544, 2545, 2546, 2547, 2548, 2549, 2550, 2551, 2552, 2553, 2554, 2555, 2556, 2557, 2558, 2559, 2560, 2561, 2562, 2563, 2564, 2565, 2566, 2567, 2568, 2569, 2570, 2571, 2572, 2573, 2574, 2575, 2576, 2577, 2578, 2579, 2580, 2581, 2582, 2583, 2584, 2585, 2586, 2587, 2588, 2589, 2590, 2591, 2592, 2593, 2594, 2595, 2596, 2597, 2598, 2599, 2600, 2601, 2602, 2603, 2604, 2605, 2606, 2607, 2608, 2609, 2610, 2611, 2612, 2613, 2614, 2615, 2616, 2617, 2618, 2619, 2620, 2621, 2622, 2623, 2624, 2625, 2626, 2627, 2628, 2629, 2630, 2631, 2632, 2633, 2634, 2635, 2636, 2637, 2638, 2639, 2640, 2641, 2642, 2643, 2644, 2645, 2646, 2647, 2648, 2649, 2650, 2651, 2652, 2653, 2654, 2655, 2656, 2657, 2658, 2659, 2660, 2661, 2662, 2663, 2664, 2665, 2666, 2667, 2668, 2669, 2670, 2671, 2672, 2673, 2674, 2675, 2676, 2677, 2678, 2679, 2680, 2681, 2682, 2683, 2684, 2685, 2686, 2687, 2688, 2689, 2690, 2691, 2692, 2693, 2694, 2695, 2696, 2697, 2698, 2699, 2700, 2701, 2702, 2703, 2704, 2705, 2706, 2707, 2708, 2709, 2710, 2711, 2712, 2713, 2714, 2715, 2716, 2717, 2718, 2719, 2720, 2721, 2722, 2723, 2724, 2337, 2336, 2335, 2334, 2333, 2332, 2331, 2330, 2329, 2328, 2327, 2326, 2325, 2324, 2323, 2322, 2321, 2320, 2319, 2318, 2317, 2316, 2315, 2314, 2313, 2312, 2311, 2310, 2309, 2308, 2307, 2306, 2305, 2304, 2303, 2302, 2301, 2300, 2299, 2298, 2297, 2296, 2295, 2294, 2293, 2292, 2291, 2290, 2289, 2288, 2287, 2286, 2285, 2284, 2283, 2282, 2281, 2280, 2279, 2278, 2277, 2276, 2275, 2274, 2273, 2272, 2271, 2270, 2269, 2268, 2267, 2266, 2265, 2264, 2263, 2262, 2261, 2260, 2259, 2258, 2257, 2256, 2255, 2254, 2253, 2252, 2251, 2250, 2249, 2248, 2247, 2246, 2245, 2244, 2243, 2242, 2241, 2240, 2239, 2238, 2237, 2236, 2235, 2234, 2233, 2232, 2231, 2230, 2229, 2228, 2227, 2226, 2505, 2504, 2503, 2502, 2501, 2500, 2499, 2498, 2497, 2496, 2495, 2494, 2493, 2492, 2491, 2490, 2489, 2488, 2487, 2486, 2485, 2484, 2483, 2482, 2481, 2480, 2479, 2478, 2477, 2476, 2475, 2474, 2473, 2472, 2471, 2470, 2469, 2468, 2467, 2466, 2465, 2464, 2463, 2462, 2461, 2460, 2459, 2458, 2457, 2456, 2455, 2454, 2453, 2452, 2451, 2450, 2449, 2448, 2447, 2446, 2445, 2444, 2443, 2442, 2441, 2440, 2439, 2438, 2437, 2436, 2435, 2434, 2433, 2432, 2431, 2430, 2429, 2428, 2427, 2426, 2425, 2424, 2423, 2422, 2421, 2420, 2419, 2418, 2417, 2416, 2415, 2414, 2413, 2412, 2411, 2410, 2409, 2408, 2407, 2406, 2405, 2404, 2403, 2402, 2401, 2400, 2399, 2398, 2397, 2395, 2396, 2109, 2110, 2111, 2112, 2113, 2114, 2115, 2116, 2117, 2118, 2119, 2120, 2121, 2122, 2123, 2124, 2125, 2126, 2127, 2128, 2129, 2130, 2131, 2132, 2133, 2134, 2135, 2136, 2137, 2138, 2139, 2140, 2141, 2142, 2143, 2144, 2145, 2146, 2147, 2148, 2149, 2150, 2151, 2152, 2153, 2154, 2155, 2156, 2157, 2158, 2159, 2160, 2161, 2162, 2163, 2164, 2165, 2166, 2167, 2168, 2169, 2170, 2171, 2172, 2173, 2174, 2175, 2176, 2177, 2178, 2179, 2180, 2181, 2182, 2183, 2184, 2185, 2186, 2187, 2188, 2189, 2190, 2191, 2192, 2193, 2194, 2195, 2196, 2197, 2198, 2199, 2200, 2201, 2202, 2203, 2204, 2205, 2206, 2207, 2208, 2209, 2210, 2211, 2212, 2213, 2214, 2215, 2216, 1888, 1889, 1890, 1891, 1892, 1893, 1894, 1895, 1896, 1897, 1898, 1899, 1900, 1901, 1902, 1903, 1904, 1905, 1906, 1907, 1908, 1909, 1910, 1911, 1912, 1913, 1914, 1915, 1916, 1917, 1918, 1919, 1920, 1921, 1922, 1923, 1924, 1925, 1926, 1927, 1928, 1929, 1930, 1931, 1932, 1933, 1934, 1935, 1936, 1937, 1938, 1939, 1940, 1941, 1942, 1943, 1944, 1945, 1946, 1947, 1948, 1949, 1950, 1951, 1952, 1953, 1954, 1955, 1956, 1957, 1958, 1959, 1960, 1961, 1962, 1963, 1964, 1965, 1966, 1967, 1968, 1969, 1970, 1971, 1972, 1973, 1974, 1975, 1976, 1977, 1978, 1979, 1980, 1981, 1982, 1983, 1984, 1985, 1986, 1987, 1988, 1989, 1990, 1991, 1992, 1993, 1994, 1995, 1996, 1997, 1998, 1546, 1545, 1544, 1543, 1542, 1541, 1540, 1539, 1538, 1537, 1536, 1535, 1534, 1533, 1532, 1531, 1530, 1529, 1528, 1527, 1526, 1525, 1524, 1523, 1522, 1521, 1520, 1519, 1518, 1517, 1516, 1515, 1514, 1513, 1512, 1511, 1510, 1509, 1508, 1507, 1506, 1505, 1504, 1503, 1502, 1501, 1500, 1499, 1498, 1497, 1496, 1495, 1494, 1493, 1492, 1491, 1490, 1489, 1488, 1487, 1486, 1485, 1484, 1483, 1482, 1481, 1480, 1479, 1478, 1477, 1476, 1475, 1474, 1473, 1472, 1471, 1470, 1469, 1468, 1467, 1562, 1563, 1564, 1565, 1566, 1567, 1568, 1569, 1570, 1571, 1572, 1573, 1574, 1575, 1576, 1577, 1578, 1579, 1580, 1581, 1582, 1583, 1584, 1585, 1586, 1587, 1588, 1589, 1590, 1591, 1592, 1593, 1594, 1595, 1596, 1597, 1598, 1599, 1600, 1601, 1602, 1603, 1604, 1605, 1606, 1607, 1608, 1609, 1610, 1611, 1612, 1613, 1614, 1615, 1616, 1617, 1618, 1619, 1620, 1621, 1622, 1623, 1624, 1625, 1626, 1627, 1628, 1629, 1630, 1631, 1632, 1633, 1634, 1635, 1636, 1637, 1638, 1639, 1640, 1641, 1056, 1055, 1054, 1053, 1052, 1051, 1050, 1049, 1048, 1047, 1046, 1045, 1044, 1043, 1042, 1041, 1040, 1039, 1038, 1037, 1036, 1035, 1034, 1033, 1032, 1031, 1030, 1029, 1028, 1027, 1026, 1025, 1024, 1023, 1022, 1021, 1020, 1019, 1018, 1017, 1016, 1015, 1014, 1013, 1012, 1011, 1010, 1009, 1008, 1007, 1006, 1005, 1004, 1003, 1002, 1001, 1000, 999, 998, 997, 996, 995, 994, 993, 992, 991, 990, 989, 988, 987, 986, 985, 984, 983, 982, 981, 980, 979, 978, 977, 976, 975, 974, 973, 972, 971, 970, 969, 968, 967, 966, 965, 964, 963, 962, 961, 960, 959, 958, 957, 956, 1547, 1548, 1549, 1550, 1551, 1552, 1553, 1554, 1555, 1556, 1557, 1558, 1559, 1560, 1561, 1461, 1460, 1459, 1458, 1457, 1456, 1455, 1454, 1453, 1452, 1451, 1450, 1449, 1448, 1447, 1446, 1445, 1444, 1443, 1442, 1441, 1440, 1439, 1438, 1437, 1436, 1863, 1862, 1861, 1860, 1859, 1858, 1857, 1856, 1855, 1854, 1853, 1852, 1851, 1850, 1849, 1848, 1847, 1846, 1845, 1844, 1843, 1842, 1841, 1840, 1839, 1838, 1837, 1836, 1835, 1834, 1833, 1832, 1831, 1830, 1829, 1828, 1827, 1826, 1825, 1824, 1823, 1822, 1821, 1820, 1819, 1818, 1817, 1816, 1815, 1814, 1813, 1812, 1811, 1810, 1809, 1808, 1807, 1806, 1805, 1804, 1803, 1802, 1801, 1800, 1799, 1798, 1797, 1796, 1795, 1794, 1793, 1792, 1791, 1790, 1789, 1788, 1787, 1786, 1785, 1784, 1783, 1782, 1781, 1780, 1779, 1778, 1777, 1776, 1775, 1774, 1773, 1772, 1771, 1770, 1769, 1768, 1767, 1766, 1765, 1764, 1763, 1762, 1761, 1760, 1759, 1758, 1757, 2107, 2105, 2106, 2108, 1756, 1755, 1754, 1753, 1281, 1282, 1283, 1284, 1285, 1286, 1287, 1288, 1289, 1290, 1291, 1292, 1293, 1294, 1295, 1296, 1297, 1298, 1299, 1300, 1301, 1302, 1303, 1304, 1305, 1306, 1307, 1308, 1309, 1310, 1311, 1312, 1313, 1314, 1315, 1316, 1317, 1318, 1319, 1320, 1321, 1322, 1323, 1324, 1325, 1326, 1327, 1328, 1329, 1330, 1331, 1332, 1333, 1334, 1335, 1336, 1337, 1338, 1339, 1340, 1341, 1342, 1343, 1344, 1345, 1346, 1347, 1348, 1349, 1350, 1351, 1352, 1353, 1354, 1355, 1356, 1357, 1358, 1359, 1360, 1361, 1362, 1363, 1364, 1365, 1366, 1367, 1368, 1369, 1370, 1371, 1372, 1373, 1374, 1375, 1376, 1377, 1378, 1379, 1380, 1381, 1382, 1383, 1384, 1385, 1386, 1387, 1388, 1389, 1390, 1391, 946, 947, 886, 885, 884, 883, 882, 881, 880, 879, 878, 877, 876, 875, 874, 873, 872, 871, 870, 869, 868, 867, 866, 865, 864, 863, 862, 861, 860, 859, 858, 857, 856, 855, 854, 853, 852, 851, 850, 849, 848, 847, 846, 845, 844, 843, 842, 841, 840, 839, 838, 837, 836, 835, 834, 833, 832, 831, 830, 829, 828, 827, 826, 825, 824, 823, 822, 821, 820, 819, 818, 817, 816, 815, 814, 813, 812, 811, 810, 809, 808, 807, 806, 805, 804, 803, 802, 801, 800, 799, 798, 797, 796, 795, 794, 793, 792, 791, 790, 789, 788, 787, 786, 785, 784, 783, 782, 781, 780, 779, 778, 777, 454, 455, 456, 457, 458, 459, 460, 461, 462, 463, 464, 465, 466, 467, 468, 469, 470, 471, 472, 473, 474, 475, 476, 477, 478, 479, 480, 481, 482, 483, 484, 485, 486, 487, 488, 489, 490, 491, 492, 493, 494, 495, 496, 497, 498, 499, 500, 501, 502, 503, 504, 505, 506, 507, 508, 509, 510, 511, 512, 513, 514, 515, 516, 517, 518, 519, 520, 521, 522, 523, 524, 525, 526, 527, 528, 529, 530, 531, 532, 533, 534, 535, 536, 537, 538, 539, 540, 541, 542, 543, 544, 545, 546, 887, 888, 889, 890, 891, 892, 893, 894, 895, 896, 897, 898, 899, 900, 937, 938, 939, 560, 559, 558, 557, 556, 555, 554, 553, 552, 551, 901, 902, 903, 904, 905, 906, 907, 908, 909, 1395, 1396, 1397, 1398, 1869, 1403, 1404, 1405, 1406, 1407, 1874, 1873, 2220, 2221, 1872, 1871, 1870, 2219, 2217, 2218, 1885, 1868, 1867, 1884, 1886, 1887, 1430, 1432, 1431, 2003, 2002, 1645, 1644, 1433, 1434, 1435, 1643, 1642, 2001, 2000, 1999, 1647, 1646, 1408, 1409, 1410, 1411, 1412, 1413, 1653, 1652, 1650, 1649, 1651, 2006, 2005, 2004, 1648, 1061, 1060, 1059, 1058, 1057, 945, 944, 943, 942, 941, 940, 1429, 1428, 1427, 1426, 1883, 1866, 1865, 1864, 1425, 1424, 1394, 1393, 1392, 929, 930, 931, 932, 933, 934, 935, 936, 561, 562, 563, 564, 565, 948, 949, 950, 951, 1072, 1073, 1074, 1075, 1076, 1077, 1078, 1079, 1080, 1081, 1082, 1083, 1084, 1085, 1086, 1185, 1186, 1187, 1188, 1189, 1190, 1191, 1192, 1193, 1194, 1195, 1196, 1197, 1198, 1199, 1200, 1201, 1202, 1203, 1204, 1205, 1206, 1207, 1208, 1209, 1210, 1211, 1212, 1213, 1214, 1215, 1216, 1217, 1218, 1219, 1220, 1221, 1222, 1223, 1224, 1225, 1226, 1227, 1228, 1229, 1230, 1231, 1232, 1233, 1234, 1235, 1236, 1237, 1238, 1239, 1240, 1241, 1242, 1243, 1244, 1245, 1246, 1247, 1248, 1249, 1250, 1251, 1252, 1253, 1254, 1255, 1256, 1257, 1258, 1259, 1260, 1261, 1262, 1263, 1264, 1265, 1266, 1267, 1268, 1269, 1270, 1271, 1272, 1273, 1274, 1275, 1276, 1277, 673, 672, 671, 670, 669, 668, 667, 666, 665, 664, 663, 662, 661, 660, 659, 658, 657, 656, 655, 654, 653, 652, 651, 650, 649, 648, 647, 646, 645, 644, 643, 642, 641, 640, 639, 638, 637, 636, 635, 634, 633, 632, 631, 630, 629, 628, 627, 626, 625, 624, 623, 622, 621, 620, 619, 618, 617, 616, 615, 614, 613, 612, 611, 610, 609, 608, 607, 606, 605, 604, 603, 602, 601, 600, 599, 598, 597, 596, 595, 594, 593, 592, 591, 590, 589, 588, 587, 586, 585, 584, 583, 582, 581, 580, 579, 578, 577, 576, 575, 574, 573, 572, 571, 570, 569, 568, 567, 566, 1062, 1063, 1064, 1065, 1066, 1067, 1068, 1069, 1070, 1071, 926, 927, 928, 1087, 1088, 1089, 1090, 1091, 1092, 1093, 1094, 1095, 1096, 1097, 1098, 1099, 1100, 1101, 1102, 1103, 1104, 1105, 1106, 1107, 1108, 1109, 1110, 1111, 1112, 1113, 1114, 1115, 1116, 1117, 1118, 1119, 1120, 1121, 1122, 1123, 1124, 1125, 1126, 1127, 1128, 1129, 1130, 1131, 1132, 1133, 1134, 1135, 1136, 1137, 1138, 1139, 1140, 1141, 1142, 1143, 1144, 1145, 1146, 1147, 1148, 1149, 1150, 1151, 1152, 1153, 1154, 1155, 1156, 1157, 1158, 1159, 1160, 1161, 1162, 1163, 1164, 1165, 1166, 1167, 1168, 1169, 1170, 1171, 1172, 1173, 1174, 1175, 1176, 1177, 1178, 1179, 1180, 1181, 1182, 1183, 1184, 1752, 1751, 1750, 1749, 2104, 2103, 2102, 2101, 2100, 1748, 1747, 1746, 1745, 1744, 1743, 1742, 1741, 1740, 1739, 1738, 1737, 1736, 1735, 1734, 1733, 1732, 1731, 1730, 1729, 1728, 1727, 1726, 1725, 1724, 1723, 1722, 1721, 1720, 1719, 1718, 1717, 1716, 1715, 1714, 1713, 1712, 1711, 1710, 1709, 1708, 1707, 1706, 1705, 1704, 1703, 1702, 1701, 1700, 1699, 1698, 1697, 1696, 1695, 1694, 1693, 1692, 1691, 1690, 1689, 1688, 1687, 1686, 1685, 1684, 1683, 1682, 1681, 1680, 1679, 1678, 1677, 1676, 1675, 1674, 1673, 1672, 1671, 1670, 1669, 1668, 1667, 1666, 1665, 1664, 1663, 1662, 1661, 1660, 1659, 1658, 1657, 1656, 1655, 1654, 1423, 1422, 1421, 1878, 1879, 1880, 1881, 1882, 2007, 2008, 2009, 2010, 2011, 2012, 2013, 2014, 2015, 2016, 2017, 2018, 2019, 2020, 2021, 2022, 2023, 2024, 2025, 2026, 2027, 2028, 2029, 2030, 2031, 2032, 2033, 2034, 2035, 2036, 2037, 2038, 2039, 2040, 2041, 2042, 2043, 2044, 2045, 2046, 2047, 2048, 2049, 2050, 2051, 2052, 2053, 2054, 2055, 2056, 2057, 2058, 2059, 2060, 2061, 2394, 2393, 2392, 2391, 2390, 2389, 2388, 2387, 2386, 2385, 2384, 2383, 2382, 2381, 2380, 2379, 2378, 2377, 2376, 2375, 2374, 2373, 2372, 2371, 2370, 2369, 2368, 2367, 2366, 2365, 2364, 2363, 2362, 2361, 2360, 2359, 2358, 2357, 2356, 2355, 2354, 2353, 2352, 2351, 2350, 2349, 2348, 2347, 2346, 2345, 2344, 2343, 2342, 2341, 2340, 2339, 2338, 2225, 2224, 2223, 2222, 1877, 1876, 1875, 1416, 1417, 1418, 1419, 1420, 925, 924, 923, 922, 921, 1415, 1414, 920, 919, 918, 917, 916, 915, 914, 913, 912, 911, 910, 1402, 1401, 1400, 1399, 772, 771, 770, 769, 768, 767, 766, 765, 764, 763, 762, 761, 760, 759, 758, 757, 756, 755, 754, 753, 752, 751, 750, 749, 748, 747, 746, 745, 744, 743, 742, 741, 740, 739, 738, 737, 736, 735, 734, 733, 732, 731, 730, 729, 728, 727, 726, 725, 724, 723, 722, 721, 720, 719, 718, 717, 716, 715, 714, 713, 712, 711, 710, 709, 708, 707, 706, 705, 704, 703, 702, 701, 700, 699, 698, 697, 696, 695, 694, 693, 692, 691, 690, 689, 688, 687, 686, 685, 684, 683, 682, 681, 680, 679, 678, 677, 676, 675, 674, 247, 248, 249, 250, 251, 252, 253, 254, 255, 256, 257, 258, 259, 260, 261, 262, 263, 264, 265, 266, 267, 268, 269, 270, 271, 272, 273, 274, 275, 276, 277, 278, 279, 280, 281, 282, 283, 284, 285, 286, 287, 288, 289, 290, 291, 292, 293, 294, 295, 296, 297, 298, 299, 300, 301, 302, 303, 304, 305, 306, 307, 308, 309, 310, 311, 312, 313, 314, 315, 316, 317, 318, 319, 320, 321, 322, 323, 324, 325, 326, 327, 328, 329, 330, 331, 332, 333, 334, 335, 336, 337, 773, 774, 775, 776, 1278, 1280, 1279, 340, 339, 338, 435, 434, 433, 432, 163, 162, 161, 431, 430, 429, 428, 427, 426, 425, 424, 423, 422, 421, 420, 419, 418, 417, 416, 415, 414, 413, 412, 411, 410, 409, 408, 407, 406, 405, 404, 403, 402, 401, 400, 399, 398, 397, 396, 395, 394, 393, 392, 391, 390, 389, 388, 387, 386, 385, 384, 383, 382, 381, 380, 379, 378, 377, 376, 375, 374, 373, 372, 371, 370, 369, 368, 367, 366, 365, 364, 363, 362, 361, 360, 359, 358, 357, 356, 355, 354, 353, 352, 351, 350, 349, 348, 347, 346, 345, 344, 343, 342, 341, 245, 244, 243, 242, 241, 240, 68, 69, 70, 71, 72, 73, 74, 75, 76, 77, 78, 79, 80, 81, 82, 83, 84, 85, 86, 87, 88, 89, 90, 91, 92, 93, 94, 95, 96, 97, 98, 99, 100, 101, 102, 103, 104, 105, 106, 107, 108, 109, 110, 111, 112, 113, 114, 115, 116, 117, 118, 119, 120, 121, 122, 123, 124, 125, 126, 127, 128, 129, 130, 131, 132, 133, 134, 135, 136, 137, 138, 139, 140, 141, 142, 143, 144, 145, 146, 147, 148, 149, 150, 151, 152, 153, 154, 155, 156, 157, 158, 159, 160, 448, 447, 446, 445, 444, 443, 442, 441, 440, 439, 438, 437, 436, 239, 238, 237, 236, 235, 234, 233, 232, 231, 230, 229, 228, 227, 226, 225, 224, 223, 222, 221, 220, 219, 218, 217, 216, 215, 214, 213, 212, 211, 210, 209, 208, 207, 206, 205, 204, 203, 202, 201, 200, 199, 198, 197, 196, 195, 194, 193, 192, 191, 190, 189, 188, 187, 186, 185, 184, 183, 182, 181, 180, 179, 178, 177, 176, 175, 174, 173, 172, 171, 170, 169, 168, 167, 166, 165, 164, 7, 6, 5, 4, 3, 2, 1, 59, 60, 61, 62, 63, 64, 65, 66, 67, 8, 9, 10, 11, 12, 13, 14, 15, 16, 17, 18, 19, 20, 21, 22, 23, 24, 25, 26, 27, 28, 29, 30, 31, 32, 33, 34, 35, 36, 37, 38, 39, 40, 41, 42, 43, 44, 45, 46, 47, 48, 49, 50, 51, 52, 53, 54, 55, 56, 57, 58, 449, 450, 451, 452, 453, 2062, 2063, 2064, 2065, 2066, 2067, 2068, 2069, 2070, 2071, 2072, 2073, 2074, 2075, 2076, 2077, 2078, 2079, 2080, 2081, 2082, 547, 548, 549, 550, 2083, 2084, 2085, 2086, 2087, 2088, 2089, 2090, 2091, 2092, 2093, 2094, 2095, 2096, 2097, 2098, 2099, 5694, 246, 5886, 5887, 5888, 5889, 5890, 5891, 5892, 5893, 5894, 5895, 5896, 5897, 5898, 5899, 5900, 5901, 5902, 5903, 5904, 5905, 5906, 5907, 5908, 5909, 5910, 5911, 5912, 5913, 5914, 5915, 5916, 5917, 5918, 5919, 5920, 5921, 5922, 5923, 5924, 5925, 5926, 5927, 5431, 5432, 5433, 5461, 5462, 5463, 5464, 5465, 5466, 5467, 5468, 5469, 5470, 5471, 5472, 5473, 5474, 5475, 5476, 5477, 5478, 5479, 5480, 5481, 5482, 5483, 5484, 5485, 5486, 5487, 5488, 5489, 5490, 5491, 5492, 5493, 5494, 5495, 5496, 5497, 5498, 5499, 5500, 5501, 5502, 5503, 5504, 5505, 5506, 5507, 5508, 5509, 5510, 5511, 5512, 5513, 6058, 6059, 6060, 1462, 1463, 1464, 1465, 1466, 952, 953, 954, 955, 5998, 5999, 6000, 6001]
complete (real):
10523.03055651199
[5844, 5845, 5846, 5847, 5848, 5849, 5850, 5851, 5852, 5853, 5854, 5855, 5856, 5857, 5983, 5984, 5985, 5986, 5987, 5988, 5989, 5990, 5991, 5992, 5993, 5994, 5995, 5996, 5997, 5999, 6000, 5998, 6066, 6067, 6068, 6069, 6070, 6071, 6072, 6073, 6001, 6002, 6003, 6004, 6005, 6006, 6007, 6008, 6009, 6010, 6011, 5886, 5888, 5890, 5892, 5894, 5896, 5898, 5900, 5902, 5904, 5906, 5908, 5910, 5912, 5914, 5916, 5918, 5920, 5922, 5924, 5926, 5925, 5923, 5921, 5919, 5917, 5915, 5913, 5911, 5909, 5907, 5905, 5903, 5901, 5899, 5897, 5895, 5893, 5891, 5889, 5887, 5885, 5884, 5883, 5882, 5881, 5880, 5879, 5878, 5877, 5876, 5875, 5874, 5873, 5872, 5871, 5870, 5869, 5868, 5867, 5866, 5865, 5864, 5863, 5862, 5861, 5860, 5859, 5858, 5712, 5713, 5714, 5715, 5716, 5717, 5718, 5719, 5720, 5721, 5722, 5723, 5724, 5725, 5726, 5727, 5728, 5729, 5730, 5731, 5732, 5733, 5734, 5735, 5736, 5737, 5738, 5739, 5740, 5741, 5742, 5743, 5744, 5745, 5746, 5747, 5748, 5749, 5750, 5751, 5752, 5753, 5754, 5755, 5756, 5757, 5758, 5759, 5760, 5761, 5762, 5763, 5764, 5765, 5766, 5767, 5768, 5769, 5770, 5771, 5772, 5773, 5774, 5775, 5776, 5777, 5778, 5779, 5780, 5781, 5782, 5783, 5784, 5785, 5786, 5787, 5788, 5789, 5790, 5791, 5792, 5793, 5794, 5795, 5796, 5797, 5798, 5799, 5800, 5801, 5802, 5803, 5804, 5805, 5806, 5807, 5808, 5809, 5810, 5811, 5812, 5813, 5814, 5815, 5816, 5817, 5818, 5819, 5820, 5821, 5822, 5823, 5824, 5825, 5826, 5827, 5828, 5829, 5830, 5831, 5832, 5833, 5834, 5835, 5978, 5977, 5976, 5975, 5974, 5973, 5972, 5971, 5970, 5969, 5968, 5967, 5966, 5965, 5964, 5963, 5962, 5961, 5960, 5959, 5958, 5957, 5956, 5955, 5954, 5953, 5952, 5951, 5950, 5949, 5948, 5947, 5946, 5945, 5944, 5943, 5942, 5941, 5940, 5939, 5938, 5937, 5936, 5935, 5934, 5933, 5932, 5931, 5930, 5929, 5928, 5927, 6012, 6013, 6014, 6015, 6016, 6017, 6018, 6019, 6020, 6021, 6022, 6023, 6024, 6025, 6026, 6027, 6028, 6029, 6030, 6031, 6032, 6033, 6034, 6035, 6036, 6037, 6038, 6039, 6040, 6041, 6042, 6043, 6044, 6045, 6046, 6047, 6048, 6049, 6050, 6051, 6052, 6053, 6054, 6055, 6056, 6057, 6059, 6058, 6074, 6075, 6076, 6077, 6078, 6079, 6080, 6081, 6082, 6083, 6065, 6064, 6063, 6062, 6061, 6060, 5979, 5980, 5981, 5982, 5838, 5837, 5836, 5641, 5642, 5640, 5639, 5638, 5637, 5636, 5635, 5634, 5633, 5632, 5631, 5630, 5629, 5628, 5627, 5626, 5625, 5624, 5623, 5622, 5621, 5620, 5619, 5618, 5617, 5616, 5615, 5614, 5613, 5612, 5611, 5610, 5609, 5608, 5607, 5606, 5605, 5604, 5603, 5602, 5601, 5600, 5599, 5598, 5597, 5596, 5595, 5594, 5593, 5592, 5591, 5590, 5589, 5588, 5587, 5586, 5585, 5584, 5583, 5582, 5581, 5580, 5579, 5578, 5577, 5576, 5575, 5574, 5573, 5572, 5571, 5570, 5569, 5568, 5567, 5566, 5565, 5564, 5563, 5562, 5561, 5560, 5559, 5558, 5557, 5556, 5555, 5554, 5553, 5552, 5551, 5550, 5549, 5548, 5547, 5546, 5545, 5544, 5543, 5542, 5541, 5540, 5539, 5538, 5537, 5536, 5535, 5534, 5533, 5532, 5531, 5530, 5529, 5528, 5527, 5526, 5525, 5524, 5523, 5522, 5521, 5520, 5519, 5518, 5517, 5516, 5515, 5514, 5513, 5711, 5710, 5709, 5708, 5707, 5706, 5705, 5704, 5703, 5702, 5701, 5700, 5699, 5698, 5697, 5696, 5695, 5694, 5843, 5842, 5841, 5840, 5839, 5693, 5692, 5691, 5690, 5689, 5688, 5687, 5686, 5685, 5684, 5683, 5682, 5681, 5680, 5679, 5678, 5677, 5676, 5675, 5674, 5673, 5672, 5671, 5670, 5669, 5668, 5667, 5666, 5665, 5664, 5663, 5662, 5661, 5660, 5659, 5658, 5657, 5656, 5461, 5463, 5465, 5467, 5469, 5471, 5473, 5475, 5477, 5479, 5481, 5483, 5485, 5487, 5489, 5491, 5493, 5495, 5497, 5499, 5501, 5503, 5505, 5507, 5509, 5511, 5512, 5510, 5508, 5506, 5504, 5502, 5500, 5498, 5496, 5494, 5492, 5490, 5488, 5486, 5484, 5482, 5480, 5478, 5476, 5474, 5472, 5470, 5468, 5466, 5464, 5462, 5460, 5459, 5458, 5457, 5456, 5455, 5454, 5453, 5452, 5451, 5450, 5449, 5655, 5654, 5653, 5448, 5447, 5446, 5652, 5651, 5650, 5445, 5444, 5443, 5442, 5441, 5440, 5439, 5438, 5437, 5436, 5435, 5434, 5649, 5648, 5647, 5646, 5433, 5432, 5645, 5644, 5643, 5431, 5430, 5429, 5428, 5427, 5426, 5425, 5424, 5195, 5194, 5193, 5192, 5420, 5421, 5422, 5423, 5196, 5197, 5198, 5199, 5200, 5201, 5202, 5203, 5204, 5205, 5206, 5207, 5208, 5209, 5210, 5211, 5212, 5213, 5214, 5215, 5216, 5217, 5218, 5219, 5220, 5221, 5222, 5223, 5224, 5225, 5226, 5227, 5228, 5229, 5230, 5231, 5232, 5233, 5234, 5235, 5236, 5237, 5238, 5239, 5240, 5241, 5242, 5243, 5244, 5245, 5246, 5247, 5248, 5249, 5250, 5251, 5252, 5253, 5254, 5255, 5256, 5257, 5258, 5259, 5260, 5261, 5262, 5263, 5264, 5265, 5266, 5267, 5268, 5269, 5270, 5271, 5272, 5273, 5274, 5275, 5276, 5277, 5278, 5279, 5280, 5281, 5282, 5283, 5284, 5285, 5286, 5287, 5288, 5289, 5290, 5291, 5292, 5293, 5294, 5295, 5296, 5297, 5298, 5299, 5300, 5301, 5302, 5303, 5304, 5305, 5306, 5307, 5308, 5309, 5310, 5311, 5312, 5313, 5314, 5315, 5316, 5317, 5318, 5319, 5320, 5321, 5322, 5323, 5324, 5325, 5326, 5327, 5328, 5329, 5330, 5331, 5332, 5333, 5334, 5335, 5336, 5337, 5338, 5339, 5340, 5341, 5342, 5343, 5344, 5345, 5346, 5347, 5348, 5349, 5350, 5351, 5352, 5353, 5354, 5355, 5356, 5357, 5358, 5359, 5360, 5361, 5362, 5363, 5364, 5365, 5366, 5367, 5368, 5369, 5370, 5371, 5372, 5373, 5374, 5375, 5376, 5377, 5378, 5379, 5380, 5381, 5382, 5383, 5384, 5385, 5386, 5387, 5388, 5389, 5390, 5391, 5392, 5393, 5394, 5395, 5396, 5397, 5398, 5399, 5400, 5401, 5402, 5403, 5404, 5405, 5406, 5407, 5408, 5409, 5410, 5411, 5412, 5413, 5176, 5175, 5174, 5173, 5172, 5171, 5170, 5169, 5168, 5167, 5166, 5165, 5164, 5163, 5162, 5161, 5160, 5159, 5158, 5157, 5156, 5155, 5154, 5153, 5152, 5151, 5150, 5149, 5148, 5147, 5146, 5145, 5144, 5143, 5142, 5141, 5140, 5139, 5138, 5137, 5136, 5135, 5134, 5133, 5132, 5131, 5130, 5129, 5128, 5127, 5126, 5125, 5124, 5123, 5122, 5121, 5120, 5119, 5118, 5117, 5116, 5115, 5114, 5113, 5112, 5111, 5110, 5109, 5108, 5107, 5106, 5105, 5104, 5103, 5102, 5101, 5100, 5099, 5098, 5097, 5096, 5095, 5094, 5093, 5092, 5091, 5090, 5089, 5088, 5087, 5086, 5085, 5084, 5083, 5082, 5081, 5080, 5079, 5078, 5077, 5076, 5075, 5074, 5073, 5072, 5071, 5070, 5069, 5068, 5067, 5066, 5065, 5064, 5063, 5062, 5061, 5060, 5059, 5058, 5057, 5056, 5055, 5054, 5053, 5052, 5051, 5050, 5049, 5048, 5047, 5046, 5045, 5044, 5043, 5042, 5041, 5040, 5039, 5038, 5037, 5036, 5035, 5034, 5033, 5032, 5031, 5030, 5029, 5028, 5027, 5026, 5025, 5024, 5023, 5022, 5021, 5020, 5019, 5018, 5017, 5016, 5015, 5014, 5013, 5012, 5011, 5010, 5009, 5008, 5007, 5006, 5005, 5004, 5003, 5002, 5001, 5000, 4999, 4998, 4997, 4996, 4995, 4994, 4993, 4992, 4991, 4990, 4989, 4988, 4987, 4986, 4985, 4984, 4983, 4982, 4981, 4980, 4979, 4978, 4977, 4976, 4975, 4974, 4973, 4972, 4971, 4970, 4969, 4968, 4967, 4966, 4965, 4964, 4963, 4962, 4961, 4960, 4959, 5191, 5190, 5189, 5188, 5187, 5186, 5419, 5418, 5417, 5416, 5415, 5414, 5181, 5182, 5183, 5184, 5185, 4956, 4958, 4957, 4955, 4954, 4953, 4952, 4951, 5179, 5177, 5178, 5180, 4950, 4949, 4948, 4720, 4721, 4722, 4723, 4724, 4725, 4726, 4727, 4728, 4729, 4730, 4731, 4732, 4734, 4733, 4735, 4736, 4737, 4738, 4739, 4740, 4741, 4742, 4743, 4744, 4745, 4746, 4747, 4748, 4749, 4750, 4751, 4752, 4753, 4754, 4755, 4756, 4757, 4758, 4759, 4760, 4761, 4762, 4763, 4764, 4765, 4766, 4767, 4768, 4769, 4770, 4771, 4772, 4773, 4774, 4775, 4776, 4777, 4778, 4779, 4780, 4781, 4782, 4783, 4784, 4785, 4786, 4787, 4788, 4789, 4790, 4791, 4792, 4793, 4794, 4795, 4796, 4797, 4798, 4799, 4800, 4801, 4802, 4803, 4804, 4805, 4806, 4807, 4808, 4809, 4810, 4811, 4812, 4813, 4814, 4815, 4816, 4817, 4818, 4819, 4820, 4821, 4822, 4823, 4824, 4825, 4826, 4827, 4828, 4829, 4830, 4831, 4832, 4833, 4834, 4835, 4836, 4837, 4838, 4839, 4840, 4841, 4842, 4843, 4844, 4845, 4846, 4847, 4848, 4849, 4850, 4851, 4852, 4853, 4854, 4855, 4856, 4857, 4858, 4859, 4860, 4861, 4862, 4863, 4864, 4865, 4866, 4867, 4868, 4869, 4870, 4871, 4872, 4873, 4874, 4875, 4876, 4877, 4878, 4879, 4880, 4881, 4882, 4883, 4884, 4885, 4886, 4887, 4888, 4889, 4890, 4891, 4892, 4893, 4894, 4895, 4896, 4897, 4898, 4899, 4900, 4901, 4902, 4903, 4904, 4905, 4906, 4907, 4908, 4909, 4910, 4911, 4912, 4913, 4914, 4915, 4916, 4917, 4918, 4919, 4920, 4921, 4922, 4923, 4924, 4925, 4926, 4927, 4928, 4929, 4930, 4931, 4932, 4933, 4934, 4935, 4936, 4937, 4938, 4939, 4940, 4941, 4942, 4943, 4944, 4945, 4946, 4947, 4719, 4718, 4717, 4716, 4715, 4714, 4713, 4712, 4711, 4710, 4709, 4708, 4707, 4706, 4705, 4704, 4703, 4702, 4701, 4700, 4699, 4698, 4697, 4696, 4695, 4694, 4693, 4692, 4691, 4690, 4689, 4688, 4687, 4686, 4685, 4684, 4683, 4682, 4681, 4680, 4679, 4678, 4677, 4676, 4675, 4674, 4673, 4672, 4671, 4670, 4669, 4668, 4667, 4666, 4665, 4664, 4663, 4662, 4661, 4660, 4659, 4658, 4657, 4656, 4655, 4654, 4653, 4652, 4651, 4650, 4649, 4648, 4647, 4646, 4645, 4644, 4643, 4642, 4641, 4640, 4639, 4638, 4637, 4636, 4635, 4634, 4633, 4632, 4631, 4630, 4629, 4628, 4627, 4626, 4625, 4624, 4623, 4622, 4621, 4620, 4619, 4618, 4617, 4616, 4615, 4614, 4613, 4612, 4611, 4610, 4609, 4608, 4607, 4606, 4605, 4604, 4603, 4602, 4601, 4600, 4599, 4598, 4597, 4596, 4595, 4594, 4593, 4592, 4591, 4590, 4589, 4588, 4587, 4586, 4585, 4584, 4583, 4582, 4581, 4580, 4579, 4578, 4577, 4576, 4575, 4574, 4573, 4572, 4571, 4570, 4569, 4568, 4567, 4566, 4565, 4564, 4563, 4562, 4561, 4560, 4559, 4558, 4557, 4556, 4555, 4554, 4553, 4552, 4551, 4550, 4549, 4548, 4547, 4546, 4545, 4544, 4543, 4542, 4541, 4540, 4539, 4538, 4537, 4536, 4535, 4534, 4533, 4532, 4531, 4530, 4529, 4528, 4527, 4526, 4525, 4524, 4523, 4522, 4521, 4520, 4519, 4518, 4517, 4516, 4515, 4514, 4513, 4512, 4511, 4510, 4509, 4508, 4507, 4506, 4505, 4504, 4503, 4502, 4501, 4500, 4499, 4498, 4497, 4496, 4495, 4273, 4274, 4275, 4276, 4277, 4278, 4279, 4280, 4281, 4282, 4283, 4284, 4285, 4286, 4287, 4288, 4289, 4290, 4291, 4292, 4293, 4294, 4295, 4296, 4297, 4298, 4299, 4300, 4301, 4302, 4303, 4304, 4305, 4306, 4307, 4308, 4309, 4310, 4311, 4312, 4313, 4314, 4315, 4316, 4317, 4318, 4319, 4320, 4321, 4322, 4323, 4324, 4325, 4326, 4327, 4328, 4329, 4330, 4331, 4332, 4333, 4334, 4335, 4336, 4337, 4338, 4339, 4340, 4341, 4342, 4343, 4344, 4345, 4346, 4347, 4348, 4349, 4350, 4351, 4352, 4353, 4354, 4355, 4356, 4357, 4358, 4359, 4360, 4361, 4362, 4363, 4364, 4365, 4366, 4367, 4368, 4369, 4370, 4371, 4372, 4373, 4374, 4375, 4376, 4377, 4378, 4379, 4380, 4381, 4382, 4383, 4384, 4385, 4386, 4387, 4388, 4389, 4390, 4391, 4392, 4393, 4394, 4395, 4396, 4397, 4398, 4399, 4400, 4401, 4402, 4403, 4404, 4405, 4406, 4407, 4408, 4409, 4410, 4411, 4412, 4413, 4414, 4415, 4416, 4417, 4418, 4419, 4420, 4421, 4422, 4423, 4424, 4425, 4426, 4427, 4428, 4429, 4430, 4431, 4432, 4433, 4434, 4435, 4436, 4437, 4438, 4439, 4440, 4441, 4442, 4443, 4444, 4445, 4446, 4447, 4448, 4449, 4450, 4451, 4452, 4453, 4454, 4455, 4456, 4457, 4458, 4459, 4460, 4461, 4462, 4463, 4464, 4465, 4466, 4467, 4468, 4469, 4470, 4471, 4472, 4473, 4474, 4475, 4476, 4477, 4478, 4479, 4480, 4481, 4482, 4483, 4484, 4485, 4486, 4487, 4488, 4489, 4490, 4491, 4492, 4493, 4494, 4272, 4271, 4270, 4269, 4268, 4267, 4266, 4265, 4264, 4263, 4262, 4261, 4260, 4259, 4258, 4257, 4256, 4255, 4254, 4253, 4252, 4251, 4250, 4249, 4248, 4247, 4246, 4245, 4244, 4243, 4242, 4241, 4240, 4239, 4238, 4237, 4236, 4235, 4234, 4233, 4232, 4231, 4230, 4229, 4228, 4227, 4226, 4225, 4224, 4223, 4222, 4221, 4220, 4219, 4218, 4217, 4216, 4215, 4214, 4213, 4212, 4211, 4210, 4209, 4208, 4207, 4206, 4205, 4204, 4203, 4202, 4201, 4200, 4199, 4198, 4197, 4196, 4195, 4194, 4193, 4192, 4191, 4190, 4189, 4188, 4187, 4186, 4185, 4184, 4183, 4182, 4181, 4180, 4179, 4178, 4177, 4176, 4175, 4174, 4173, 4172, 4171, 4170, 4169, 4168, 4167, 4166, 4165, 4164, 4163, 4162, 4161, 4160, 4159, 4158, 4157, 4156, 4155, 4154, 4153, 4152, 4151, 4150, 4149, 4148, 4147, 4146, 4145, 4144, 4143, 4142, 4141, 4140, 4139, 4138, 4137, 4136, 4135, 4134, 4133, 4132, 4131, 4130, 4129, 4128, 4127, 4126, 4125, 4124, 4123, 4122, 4121, 4120, 4119, 4118, 4117, 4116, 4115, 4114, 4113, 4112, 4111, 4110, 4109, 4108, 4107, 4106, 4105, 4104, 4103, 4102, 4101, 4100, 4099, 4098, 4097, 4096, 4095, 4094, 4093, 4092, 4091, 4090, 4089, 4088, 4087, 4086, 4085, 4084, 4083, 4082, 4081, 4080, 4079, 4078, 4077, 4076, 4075, 4074, 4073, 4072, 4071, 4070, 4069, 4068, 4067, 4066, 4065, 4064, 4063, 4062, 4061, 4060, 4059, 4058, 4057, 4056, 4055, 4054, 4053, 4052, 4051, 3833, 3829, 3830, 3831, 3832, 3834, 3835, 3836, 3837, 3838, 3839, 3840, 3841, 3842, 3843, 3844, 3845, 3846, 3847, 3848, 3849, 3850, 3851, 3852, 3853, 3854, 3855, 3856, 3857, 3858, 3859, 3860, 3861, 3862, 3863, 3864, 3865, 3866, 3867, 3868, 3869, 3870, 3871, 3872, 3873, 3874, 3875, 3876, 3877, 3878, 3879, 3880, 3881, 3882, 3883, 3884, 3885, 3886, 3887, 3888, 3889, 3890, 3891, 3892, 3893, 3894, 3895, 3896, 3897, 3898, 3899, 3900, 3901, 3902, 3903, 3904, 3905, 3906, 3907, 3908, 3909, 3910, 3911, 3912, 3913, 3914, 3915, 3916, 3917, 3918, 3919, 3920, 3921, 3922, 3923, 3924, 3925, 3926, 3927, 3928, 3929, 3930, 3931, 3932, 3933, 3934, 3935, 3936, 3937, 3938, 3939, 3940, 3941, 3942, 3943, 3944, 3945, 3946, 3947, 3948, 3949, 3950, 3951, 3952, 3953, 3954, 3955, 3956, 3957, 3958, 3959, 3960, 3961, 3962, 3963, 3964, 3965, 3966, 3967, 3968, 3969, 3970, 3971, 3972, 3973, 3974, 3975, 3976, 3977, 3978, 3979, 3980, 3981, 3982, 3983, 3984, 3985, 3986, 3987, 3988, 3989, 3990, 3991, 3992, 3993, 3994, 3995, 3996, 3997, 3998, 3999, 4000, 4001, 4002, 4003, 4004, 4005, 4006, 4007, 4008, 4009, 4010, 4011, 4012, 4013, 4014, 4015, 4016, 4017, 4018, 4019, 4020, 4021, 4022, 4023, 4024, 4025, 4026, 4027, 4028, 4029, 4030, 4031, 4032, 4033, 4034, 4035, 4036, 4037, 4038, 4039, 4040, 4041, 4042, 4043, 4044, 4045, 4046, 4047, 4048, 4049, 4050, 3828, 3827, 3826, 3825, 3824, 3823, 3822, 3821, 3820, 3819, 3818, 3817, 3816, 3815, 3814, 3813, 3812, 3811, 3810, 3809, 3808, 3807, 3806, 3805, 3804, 3803, 3802, 3801, 3800, 3799, 3798, 3797, 3796, 3795, 3794, 3793, 3792, 3791, 3790, 3789, 3788, 3787, 3786, 3785, 3784, 3783, 3782, 3781, 3780, 3779, 3778, 3777, 3776, 3775, 3774, 3773, 3772, 3771, 3770, 3769, 3768, 3767, 3766, 3765, 3764, 3763, 3762, 3761, 3760, 3759, 3758, 3757, 3756, 3755, 3754, 3753, 3752, 3751, 3750, 3749, 3748, 3747, 3746, 3745, 3744, 3743, 3742, 3741, 3740, 3739, 3738, 3737, 3736, 3735, 3734, 3733, 3732, 3731, 3730, 3729, 3728, 3727, 3726, 3725, 3724, 3723, 3722, 3721, 3720, 3719, 3718, 3717, 3716, 3715, 3714, 3713, 3712, 3711, 3710, 3709, 3708, 3707, 3706, 3705, 3704, 3703, 3702, 3701, 3700, 3699, 3698, 3697, 3696, 3695, 3694, 3693, 3692, 3691, 3690, 3689, 3688, 3687, 3686, 3685, 3684, 3683, 3682, 3681, 3680, 3679, 3678, 3677, 3676, 3675, 3674, 3673, 3672, 3671, 3670, 3669, 3668, 3667, 3666, 3665, 3664, 3663, 3662, 3661, 3660, 3659, 3658, 3657, 3656, 3655, 3654, 3653, 3652, 3651, 3650, 3649, 3648, 3647, 3646, 3645, 3644, 3643, 3642, 3641, 3640, 3639, 3638, 3637, 3636, 3635, 3634, 3633, 3632, 3631, 3630, 3629, 3628, 3627, 3626, 3625, 3624, 3623, 3622, 3621, 3620, 3619, 3618, 3617, 3616, 3615, 3614, 3613, 3612, 3611, 3610, 3609, 3608, 3389, 3390, 3391, 3392, 3393, 3394, 3395, 3396, 3397, 3398, 3399, 3400, 3401, 3402, 3403, 3404, 3405, 3406, 3407, 3408, 3409, 3410, 3411, 3412, 3413, 3414, 3415, 3416, 3417, 3418, 3419, 3420, 3421, 3422, 3423, 3424, 3425, 3426, 3427, 3428, 3429, 3430, 3431, 3432, 3433, 3434, 3435, 3436, 3437, 3438, 3439, 3440, 3441, 3442, 3443, 3444, 3445, 3446, 3447, 3448, 3449, 3450, 3451, 3452, 3453, 3454, 3455, 3456, 3457, 3458, 3459, 3460, 3461, 3462, 3463, 3464, 3465, 3466, 3467, 3468, 3469, 3470, 3471, 3472, 3473, 3474, 3475, 3476, 3477, 3478, 3479, 3480, 3481, 3482, 3483, 3484, 3485, 3486, 3487, 3488, 3489, 3490, 3491, 3492, 3493, 3494, 3495, 3496, 3497, 3498, 3499, 3500, 3501, 3502, 3503, 3504, 3505, 3506, 3507, 3508, 3509, 3510, 3511, 3512, 3513, 3514, 3515, 3516, 3517, 3518, 3519, 3520, 3521, 3522, 3523, 3524, 3525, 3526, 3527, 3528, 3529, 3530, 3531, 3532, 3533, 3534, 3535, 3536, 3537, 3538, 3539, 3540, 3541, 3542, 3543, 3544, 3545, 3546, 3547, 3548, 3549, 3550, 3551, 3552, 3553, 3554, 3555, 3556, 3557, 3558, 3559, 3560, 3561, 3562, 3563, 3564, 3565, 3566, 3567, 3568, 3569, 3570, 3571, 3572, 3573, 3574, 3575, 3576, 3577, 3578, 3579, 3580, 3581, 3582, 3583, 3584, 3585, 3586, 3587, 3588, 3589, 3590, 3591, 3592, 3593, 3594, 3595, 3596, 3597, 3598, 3599, 3600, 3601, 3602, 3603, 3604, 3605, 3606, 3607, 3385, 3384, 3383, 3382, 3381, 3380, 3379, 3378, 3377, 3376, 3375, 3374, 3373, 3372, 3371, 3370, 3369, 3368, 3367, 3366, 3365, 3364, 3363, 3362, 3361, 3360, 3359, 3358, 3357, 3356, 3355, 3354, 3353, 3352, 3351, 3350, 3349, 3348, 3347, 3346, 3345, 3344, 3343, 3342, 3341, 3340, 3339, 3338, 3337, 3336, 3335, 3334, 3333, 3332, 3331, 3330, 3329, 3328, 3327, 3326, 3325, 3324, 3323, 3322, 3321, 3320, 3319, 3318, 3317, 3316, 3315, 3314, 3313, 3312, 3311, 3310, 3309, 3308, 3307, 3306, 3305, 3304, 3303, 3302, 3301, 3300, 3299, 3298, 3297, 3296, 3295, 3294, 3293, 3292, 3291, 3290, 3289, 3288, 3287, 3286, 3285, 3284, 3283, 3282, 3281, 3280, 3279, 3278, 3277, 3276, 3275, 3274, 3273, 3272, 3271, 3270, 3269, 3268, 3267, 3266, 3265, 3264, 3263, 3262, 3261, 3260, 3259, 3258, 3257, 3256, 3255, 3254, 3253, 3252, 3251, 3250, 3249, 3248, 3247, 3246, 3245, 3244, 3243, 3242, 3241, 3240, 3239, 3238, 3237, 3236, 3235, 3234, 3233, 3232, 3231, 3230, 3229, 3228, 3227, 3226, 3225, 3224, 3223, 3222, 3221, 3220, 3219, 3218, 3217, 3216, 3215, 3214, 3213, 3212, 3211, 3210, 3209, 3208, 3207, 3206, 3205, 3204, 3203, 3202, 3201, 3200, 3199, 3198, 3197, 3196, 3195, 3194, 3193, 3192, 3191, 3190, 3189, 3188, 3187, 3186, 3185, 3184, 3183, 3182, 3181, 3180, 3179, 3178, 3177, 3176, 3175, 3174, 3173, 3172, 3171, 3170, 3169, 3168, 3388, 3386, 3387, 3167, 3166, 3165, 2945, 2946, 2947, 2948, 2949, 2950, 2951, 2952, 2953, 2954, 2955, 2956, 2957, 2958, 2959, 2960, 2961, 2962, 2963, 2964, 2965, 2966, 2967, 2968, 2969, 2970, 2971, 2972, 2973, 2974, 2975, 2976, 2977, 2978, 2979, 2980, 2981, 2982, 2983, 2984, 2985, 2986, 2987, 2988, 2989, 2990, 2991, 2992, 2993, 2994, 2995, 2996, 2997, 2998, 2999, 3000, 3001, 3002, 3003, 3004, 3005, 3006, 3007, 3008, 3009, 3010, 3011, 3012, 3013, 3014, 3015, 3016, 3017, 3018, 3019, 3020, 3021, 3022, 3023, 3024, 3025, 3026, 3027, 3028, 3029, 3030, 3031, 3032, 3033, 3034, 3035, 3036, 3037, 3038, 3039, 3040, 3041, 3042, 3043, 3044, 3045, 3046, 3047, 3048, 3049, 3050, 3051, 3052, 3053, 3054, 3055, 3056, 3057, 3058, 3059, 3060, 3061, 3062, 3063, 3064, 3065, 3066, 3067, 3068, 3069, 3070, 3071, 3072, 3073, 3074, 3075, 3076, 3077, 3078, 3079, 3080, 3081, 3082, 3083, 3084, 3085, 3086, 3087, 3088, 3089, 3090, 3091, 3092, 3093, 3094, 3095, 3096, 3097, 3098, 3099, 3100, 3101, 3102, 3103, 3104, 3105, 3106, 3107, 3108, 3109, 3110, 3111, 3112, 3113, 3114, 3115, 3116, 3117, 3118, 3119, 3120, 3121, 3122, 3123, 3124, 3125, 3126, 3127, 3128, 3129, 3130, 3131, 3132, 3133, 3134, 3135, 3136, 3137, 3138, 3139, 3140, 3141, 3142, 3143, 3144, 3145, 3146, 3147, 3148, 3149, 3150, 3151, 3152, 3153, 3154, 3155, 3156, 3157, 3158, 3159, 3160, 3161, 3162, 3163, 3164, 2944, 2943, 2942, 2941, 2940, 2939, 2938, 2937, 2936, 2935, 2934, 2933, 2932, 2931, 2930, 2929, 2928, 2927, 2926, 2925, 2924, 2923, 2922, 2921, 2920, 2919, 2918, 2917, 2916, 2915, 2914, 2913, 2912, 2911, 2910, 2909, 2908, 2907, 2906, 2905, 2904, 2903, 2902, 2901, 2900, 2899, 2898, 2897, 2896, 2895, 2894, 2893, 2892, 2891, 2890, 2889, 2888, 2887, 2886, 2885, 2884, 2883, 2882, 2881, 2880, 2879, 2878, 2877, 2876, 2875, 2874, 2873, 2872, 2871, 2870, 2869, 2868, 2867, 2866, 2865, 2864, 2863, 2862, 2861, 2860, 2859, 2858, 2857, 2856, 2855, 2854, 2853, 2852, 2851, 2850, 2849, 2848, 2847, 2846, 2845, 2844, 2843, 2842, 2841, 2840, 2839, 2838, 2837, 2836, 2835, 2834, 2833, 2832, 2831, 2830, 2829, 2828, 2827, 2826, 2825, 2824, 2823, 2822, 2821, 2820, 2819, 2818, 2817, 2816, 2815, 2814, 2813, 2812, 2811, 2810, 2809, 2808, 2807, 2806, 2805, 2804, 2803, 2802, 2801, 2800, 2799, 2798, 2797, 2796, 2795, 2794, 2793, 2792, 2791, 2790, 2789, 2788, 2787, 2786, 2785, 2784, 2783, 2782, 2781, 2780, 2779, 2778, 2777, 2776, 2775, 2774, 2773, 2772, 2771, 2770, 2769, 2768, 2767, 2766, 2765, 2764, 2763, 2762, 2761, 2760, 2759, 2758, 2757, 2756, 2755, 2754, 2753, 2752, 2751, 2750, 2749, 2748, 2747, 2746, 2745, 2744, 2743, 2742, 2741, 2740, 2739, 2738, 2737, 2736, 2735, 2734, 2733, 2732, 2731, 2730, 2729, 2728, 2727, 2726, 2725, 2506, 2507, 2508, 2509, 2510, 2511, 2512, 2513, 2514, 2515, 2516, 2517, 2518, 2519, 2520, 2521, 2522, 2523, 2524, 2525, 2526, 2527, 2528, 2529, 2530, 2531, 2532, 2533, 2534, 2535, 2536, 2537, 2538, 2539, 2540, 2541, 2542, 2543, 2544, 2545, 2546, 2547, 2548, 2549, 2550, 2551, 2552, 2553, 2554, 2555, 2556, 2557, 2558, 2559, 2560, 2561, 2562, 2563, 2564, 2565, 2566, 2567, 2568, 2569, 2570, 2571, 2572, 2573, 2574, 2575, 2576, 2577, 2578, 2579, 2580, 2581, 2582, 2583, 2584, 2585, 2586, 2587, 2588, 2589, 2590, 2591, 2592, 2593, 2594, 2595, 2596, 2597, 2598, 2599, 2600, 2601, 2602, 2603, 2604, 2605, 2606, 2607, 2608, 2609, 2610, 2611, 2612, 2613, 2614, 2615, 2616, 2617, 2618, 2619, 2620, 2621, 2622, 2623, 2624, 2625, 2626, 2627, 2628, 2629, 2630, 2631, 2632, 2633, 2634, 2635, 2636, 2637, 2638, 2639, 2640, 2641, 2642, 2643, 2644, 2645, 2646, 2647, 2648, 2649, 2650, 2651, 2652, 2653, 2654, 2655, 2656, 2657, 2658, 2659, 2660, 2661, 2662, 2663, 2664, 2665, 2666, 2667, 2668, 2669, 2670, 2671, 2672, 2673, 2674, 2675, 2676, 2677, 2678, 2679, 2680, 2681, 2682, 2683, 2684, 2685, 2686, 2687, 2688, 2689, 2690, 2691, 2692, 2693, 2694, 2695, 2696, 2697, 2698, 2699, 2700, 2701, 2702, 2703, 2704, 2705, 2706, 2707, 2708, 2709, 2710, 2711, 2712, 2713, 2714, 2715, 2716, 2717, 2718, 2719, 2720, 2721, 2722, 2723, 2724, 2337, 2336, 2335, 2334, 2333, 2332, 2331, 2330, 2329, 2328, 2327, 2326, 2325, 2324, 2323, 2322, 2321, 2320, 2319, 2318, 2317, 2316, 2315, 2314, 2313, 2312, 2311, 2310, 2309, 2308, 2307, 2306, 2305, 2304, 2303, 2302, 2301, 2300, 2299, 2298, 2297, 2296, 2295, 2294, 2293, 2292, 2291, 2290, 2289, 2288, 2287, 2286, 2285, 2284, 2283, 2282, 2281, 2280, 2279, 2278, 2277, 2276, 2275, 2274, 2273, 2272, 2271, 2270, 2269, 2268, 2267, 2266, 2265, 2264, 2263, 2262, 2261, 2260, 2259, 2258, 2257, 2256, 2255, 2254, 2253, 2252, 2251, 2250, 2249, 2248, 2247, 2246, 2245, 2244, 2243, 2242, 2241, 2240, 2239, 2238, 2237, 2236, 2235, 2234, 2233, 2232, 2231, 2230, 2229, 2228, 2227, 2226, 2505, 2504, 2503, 2502, 2501, 2500, 2499, 2498, 2497, 2496, 2495, 2494, 2493, 2492, 2491, 2490, 2489, 2488, 2487, 2486, 2485, 2484, 2483, 2482, 2481, 2480, 2479, 2478, 2477, 2476, 2475, 2474, 2473, 2472, 2471, 2470, 2469, 2468, 2467, 2466, 2465, 2464, 2463, 2462, 2461, 2460, 2459, 2458, 2457, 2456, 2455, 2454, 2453, 2452, 2451, 2450, 2449, 2448, 2447, 2446, 2445, 2444, 2443, 2442, 2441, 2440, 2439, 2438, 2437, 2436, 2435, 2434, 2433, 2432, 2431, 2430, 2429, 2428, 2427, 2426, 2425, 2424, 2423, 2422, 2421, 2420, 2419, 2418, 2417, 2416, 2415, 2414, 2413, 2412, 2411, 2410, 2409, 2408, 2407, 2406, 2405, 2404, 2403, 2402, 2401, 2400, 2399, 2398, 2397, 2395, 2396, 2109, 2110, 2111, 2112, 2113, 2114, 2115, 2116, 2117, 2118, 2119, 2120, 2121, 2122, 2123, 2124, 2125, 2126, 2127, 2128, 2129, 2130, 2131, 2132, 2133, 2134, 2135, 2136, 2137, 2138, 2139, 2140, 2141, 2142, 2143, 2144, 2145, 2146, 2147, 2148, 2149, 2150, 2151, 2152, 2153, 2154, 2155, 2156, 2157, 2158, 2159, 2160, 2161, 2162, 2163, 2164, 2165, 2166, 2167, 2168, 2169, 2170, 2171, 2172, 2173, 2174, 2175, 2176, 2177, 2178, 2179, 2180, 2181, 2182, 2183, 2184, 2185, 2186, 2187, 2188, 2189, 2190, 2191, 2192, 2193, 2194, 2195, 2196, 2197, 2198, 2199, 2200, 2201, 2202, 2203, 2204, 2205, 2206, 2207, 2208, 2209, 2210, 2211, 2212, 2213, 2214, 2215, 2216, 1888, 1889, 1890, 1891, 1892, 1893, 1894, 1895, 1896, 1897, 1898, 1899, 1900, 1901, 1902, 1903, 1904, 1905, 1906, 1907, 1908, 1909, 1910, 1911, 1912, 1913, 1914, 1915, 1916, 1917, 1918, 1919, 1920, 1921, 1922, 1923, 1924, 1925, 1926, 1927, 1928, 1929, 1930, 1931, 1932, 1933, 1934, 1935, 1936, 1937, 1938, 1939, 1940, 1941, 1942, 1943, 1944, 1945, 1946, 1947, 1948, 1949, 1950, 1951, 1952, 1953, 1954, 1955, 1956, 1957, 1958, 1959, 1960, 1961, 1962, 1963, 1964, 1965, 1966, 1967, 1968, 1969, 1970, 1971, 1972, 1973, 1974, 1975, 1976, 1977, 1978, 1979, 1980, 1981, 1982, 1983, 1984, 1985, 1986, 1987, 1988, 1989, 1990, 1991, 1992, 1993, 1994, 1995, 1996, 1997, 1998, 1546, 1545, 1544, 1543, 1542, 1541, 1540, 1539, 1538, 1537, 1536, 1535, 1534, 1533, 1532, 1531, 1530, 1529, 1528, 1527, 1526, 1525, 1524, 1523, 1522, 1521, 1520, 1519, 1518, 1517, 1516, 1515, 1514, 1513, 1512, 1511, 1510, 1509, 1508, 1507, 1506, 1505, 1504, 1503, 1502, 1501, 1500, 1499, 1498, 1497, 1496, 1495, 1494, 1493, 1492, 1491, 1490, 1489, 1488, 1487, 1486, 1485, 1484, 1483, 1482, 1481, 1480, 1479, 1478, 1477, 1476, 1475, 1474, 1473, 1472, 1471, 1470, 1469, 1468, 1467, 1466, 1562, 1563, 1564, 1565, 1566, 1567, 1568, 1569, 1570, 1571, 1572, 1573, 1574, 1575, 1576, 1577, 1578, 1579, 1580, 1581, 1582, 1583, 1584, 1585, 1586, 1587, 1588, 1589, 1590, 1591, 1592, 1593, 1594, 1595, 1596, 1597, 1598, 1599, 1600, 1601, 1602, 1603, 1604, 1605, 1606, 1607, 1608, 1609, 1610, 1611, 1612, 1613, 1614, 1615, 1616, 1617, 1618, 1619, 1620, 1621, 1622, 1623, 1624, 1625, 1626, 1627, 1628, 1629, 1630, 1631, 1632, 1633, 1634, 1635, 1636, 1637, 1638, 1639, 1640, 1641, 1056, 1055, 1054, 1053, 1052, 1051, 1050, 1049, 1048, 1047, 1046, 1045, 1044, 1043, 1042, 1041, 1040, 1039, 1038, 1037, 1036, 1035, 1034, 1033, 1032, 1031, 1030, 1029, 1028, 1027, 1026, 1025, 1024, 1023, 1022, 1021, 1020, 1019, 1018, 1017, 1016, 1015, 1014, 1013, 1012, 1011, 1010, 1009, 1008, 1007, 1006, 1005, 1004, 1003, 1002, 1001, 1000, 999, 998, 997, 996, 995, 994, 993, 992, 991, 990, 989, 988, 987, 986, 985, 984, 983, 982, 981, 980, 979, 978, 977, 976, 975, 974, 973, 972, 971, 970, 969, 968, 967, 966, 965, 964, 963, 962, 961, 960, 959, 958, 957, 956, 955, 1547, 1548, 1549, 1550, 1551, 1552, 1553, 1554, 1555, 1556, 1557, 1558, 1559, 1560, 1561, 1462, 1464, 1465, 1463, 1461, 1460, 1459, 1458, 1457, 1456, 1455, 1454, 1453, 1452, 1451, 1450, 1449, 1448, 1447, 1446, 1445, 1444, 1443, 1442, 1441, 1440, 1439, 1438, 1437, 1436, 1863, 1862, 1861, 1860, 1859, 1858, 1857, 1856, 1855, 1854, 1853, 1852, 1851, 1850, 1849, 1848, 1847, 1846, 1845, 1844, 1843, 1842, 1841, 1840, 1839, 1838, 1837, 1836, 1835, 1834, 1833, 1832, 1831, 1830, 1829, 1828, 1827, 1826, 1825, 1824, 1823, 1822, 1821, 1820, 1819, 1818, 1817, 1816, 1815, 1814, 1813, 1812, 1811, 1810, 1809, 1808, 1807, 1806, 1805, 1804, 1803, 1802, 1801, 1800, 1799, 1798, 1797, 1796, 1795, 1794, 1793, 1792, 1791, 1790, 1789, 1788, 1787, 1786, 1785, 1784, 1783, 1782, 1781, 1780, 1779, 1778, 1777, 1776, 1775, 1774, 1773, 1772, 1771, 1770, 1769, 1768, 1767, 1766, 1765, 1764, 1763, 1762, 1761, 1760, 1759, 1758, 1757, 2107, 2105, 2106, 2108, 1756, 1755, 1754, 1753, 1281, 1282, 1283, 1284, 1285, 1286, 1287, 1288, 1289, 1290, 1291, 1292, 1293, 1294, 1295, 1296, 1297, 1298, 1299, 1300, 1301, 1302, 1303, 1304, 1305, 1306, 1307, 1308, 1309, 1310, 1311, 1312, 1313, 1314, 1315, 1316, 1317, 1318, 1319, 1320, 1321, 1322, 1323, 1324, 1325, 1326, 1327, 1328, 1329, 1330, 1331, 1332, 1333, 1334, 1335, 1336, 1337, 1338, 1339, 1340, 1341, 1342, 1343, 1344, 1345, 1346, 1347, 1348, 1349, 1350, 1351, 1352, 1353, 1354, 1355, 1356, 1357, 1358, 1359, 1360, 1361, 1362, 1363, 1364, 1365, 1366, 1367, 1368, 1369, 1370, 1371, 1372, 1373, 1374, 1375, 1376, 1377, 1378, 1379, 1380, 1381, 1382, 1383, 1384, 1385, 1386, 1387, 1388, 1389, 1390, 1391, 946, 947, 886, 885, 884, 883, 882, 881, 880, 879, 878, 877, 876, 875, 874, 873, 872, 871, 870, 869, 868, 867, 866, 865, 864, 863, 862, 861, 860, 859, 858, 857, 856, 855, 854, 853, 852, 851, 850, 849, 848, 847, 846, 845, 844, 843, 842, 841, 840, 839, 838, 837, 836, 835, 834, 833, 832, 831, 830, 829, 828, 827, 826, 825, 824, 823, 822, 821, 820, 819, 818, 817, 816, 815, 814, 813, 812, 811, 810, 809, 808, 807, 806, 805, 804, 803, 802, 801, 800, 799, 798, 797, 796, 795, 794, 793, 792, 791, 790, 789, 788, 787, 786, 785, 784, 783, 782, 781, 780, 779, 778, 777, 454, 455, 456, 457, 458, 459, 460, 461, 462, 463, 464, 465, 466, 467, 468, 469, 470, 471, 472, 473, 474, 475, 476, 477, 478, 479, 480, 481, 482, 483, 484, 485, 486, 487, 488, 489, 490, 491, 492, 493, 494, 495, 496, 497, 498, 499, 500, 501, 502, 503, 504, 505, 506, 507, 508, 509, 510, 511, 512, 513, 514, 515, 516, 517, 518, 519, 520, 521, 522, 523, 524, 525, 526, 527, 528, 529, 530, 531, 532, 533, 534, 535, 536, 537, 538, 539, 540, 541, 542, 543, 544, 545, 546, 548, 549, 547, 887, 888, 889, 890, 891, 892, 893, 894, 895, 896, 897, 898, 899, 900, 937, 938, 939, 560, 559, 558, 557, 556, 555, 554, 553, 552, 551, 550, 901, 902, 903, 904, 905, 906, 907, 908, 909, 1395, 1396, 1397, 1398, 1869, 1403, 1404, 1405, 1406, 1407, 1874, 1873, 2220, 2221, 1872, 1871, 1870, 2219, 2217, 2218, 1885, 1868, 1867, 1884, 1886, 1887, 1430, 1432, 1431, 2003, 2002, 1645, 1644, 1433, 1434, 1435, 1643, 1642, 2001, 2000, 1999, 1647, 1646, 1408, 1409, 1410, 1411, 1412, 1413, 1653, 1652, 1650, 1649, 1651, 2006, 2005, 2004, 1648, 1061, 1060, 1059, 1058, 1057, 945, 944, 943, 942, 941, 940, 1429, 1428, 1427, 1426, 1883, 1866, 1865, 1864, 1425, 1424, 1394, 1393, 1392, 929, 930, 931, 932, 933, 934, 935, 936, 561, 562, 563, 564, 565, 948, 949, 950, 951, 953, 954, 952, 1072, 1073, 1074, 1075, 1076, 1077, 1078, 1079, 1080, 1081, 1082, 1083, 1084, 1085, 1086, 1185, 1186, 1187, 1188, 1189, 1190, 1191, 1192, 1193, 1194, 1195, 1196, 1197, 1198, 1199, 1200, 1201, 1202, 1203, 1204, 1205, 1206, 1207, 1208, 1209, 1210, 1211, 1212, 1213, 1214, 1215, 1216, 1217, 1218, 1219, 1220, 1221, 1222, 1223, 1224, 1225, 1226, 1227, 1228, 1229, 1230, 1231, 1232, 1233, 1234, 1235, 1236, 1237, 1238, 1239, 1240, 1241, 1242, 1243, 1244, 1245, 1246, 1247, 1248, 1249, 1250, 1251, 1252, 1253, 1254, 1255, 1256, 1257, 1258, 1259, 1260, 1261, 1262, 1263, 1264, 1265, 1266, 1267, 1268, 1269, 1270, 1271, 1272, 1273, 1274, 1275, 1276, 1277, 673, 672, 671, 670, 669, 668, 667, 666, 665, 664, 663, 662, 661, 660, 659, 658, 657, 656, 655, 654, 653, 652, 651, 650, 649, 648, 647, 646, 645, 644, 643, 642, 641, 640, 639, 638, 637, 636, 635, 634, 633, 632, 631, 630, 629, 628, 627, 626, 625, 624, 623, 622, 621, 620, 619, 618, 617, 616, 615, 614, 613, 612, 611, 610, 609, 608, 607, 606, 605, 604, 603, 602, 601, 600, 599, 598, 597, 596, 595, 594, 593, 592, 591, 590, 589, 588, 587, 586, 585, 584, 583, 582, 581, 580, 579, 578, 577, 576, 575, 574, 573, 572, 571, 570, 569, 568, 567, 566, 1062, 1063, 1064, 1065, 1066, 1067, 1068, 1069, 1070, 1071, 926, 927, 928, 1087, 1088, 1089, 1090, 1091, 1092, 1093, 1094, 1095, 1096, 1097, 1098, 1099, 1100, 1101, 1102, 1103, 1104, 1105, 1106, 1107, 1108, 1109, 1110, 1111, 1112, 1113, 1114, 1115, 1116, 1117, 1118, 1119, 1120, 1121, 1122, 1123, 1124, 1125, 1126, 1127, 1128, 1129, 1130, 1131, 1132, 1133, 1134, 1135, 1136, 1137, 1138, 1139, 1140, 1141, 1142, 1143, 1144, 1145, 1146, 1147, 1148, 1149, 1150, 1151, 1152, 1153, 1154, 1155, 1156, 1157, 1158, 1159, 1160, 1161, 1162, 1163, 1164, 1165, 1166, 1167, 1168, 1169, 1170, 1171, 1172, 1173, 1174, 1175, 1176, 1177, 1178, 1179, 1180, 1181, 1182, 1183, 1184, 1752, 1751, 1750, 1749, 2104, 2103, 2102, 2101, 2100, 2099, 1748, 1747, 1746, 1745, 1744, 1743, 1742, 1741, 1740, 1739, 1738, 1737, 1736, 1735, 1734, 1733, 1732, 1731, 1730, 1729, 1728, 1727, 1726, 1725, 1724, 1723, 1722, 1721, 1720, 1719, 1718, 1717, 1716, 1715, 1714, 1713, 1712, 1711, 1710, 1709, 1708, 1707, 1706, 1705, 1704, 1703, 1702, 1701, 1700, 1699, 1698, 1697, 1696, 1695, 1694, 1693, 1692, 1691, 1690, 1689, 1688, 1687, 1686, 1685, 1684, 1683, 1682, 1681, 1680, 1679, 1678, 1677, 1676, 1675, 1674, 1673, 1672, 1671, 1670, 1669, 1668, 1667, 1666, 1665, 1664, 1663, 1662, 1661, 1660, 1659, 1658, 1657, 1656, 1655, 1654, 1423, 1422, 1421, 1878, 1879, 1880, 1881, 1882, 2007, 2008, 2009, 2010, 2011, 2012, 2013, 2014, 2015, 2016, 2017, 2018, 2019, 2020, 2021, 2022, 2023, 2024, 2025, 2026, 2027, 2028, 2029, 2030, 2031, 2032, 2033, 2034, 2035, 2036, 2037, 2038, 2039, 2040, 2041, 2042, 2043, 2044, 2045, 2046, 2047, 2048, 2049, 2050, 2051, 2052, 2053, 2054, 2055, 2056, 2057, 2058, 2059, 2060, 2061, 2063, 2065, 2067, 2069, 2071, 2073, 2075, 2077, 2079, 2081, 2083, 2085, 2087, 2089, 2091, 2093, 2095, 2097, 2098, 2096, 2094, 2092, 2090, 2088, 2086, 2084, 2082, 2080, 2078, 2076, 2074, 2072, 2070, 2068, 2066, 2064, 2062, 2394, 2393, 2392, 2391, 2390, 2389, 2388, 2387, 2386, 2385, 2384, 2383, 2382, 2381, 2380, 2379, 2378, 2377, 2376, 2375, 2374, 2373, 2372, 2371, 2370, 2369, 2368, 2367, 2366, 2365, 2364, 2363, 2362, 2361, 2360, 2359, 2358, 2357, 2356, 2355, 2354, 2353, 2352, 2351, 2350, 2349, 2348, 2347, 2346, 2345, 2344, 2343, 2342, 2341, 2340, 2339, 2338, 2225, 2224, 2223, 2222, 1877, 1876, 1875, 1416, 1417, 1418, 1419, 1420, 925, 924, 923, 922, 921, 1415, 1414, 920, 919, 918, 917, 916, 915, 914, 913, 912, 911, 910, 1402, 1401, 1400, 1399, 772, 771, 770, 769, 768, 767, 766, 765, 764, 763, 762, 761, 760, 759, 758, 757, 756, 755, 754, 753, 752, 751, 750, 749, 748, 747, 746, 745, 744, 743, 742, 741, 740, 739, 738, 737, 736, 735, 734, 733, 732, 731, 730, 729, 728, 727, 726, 725, 724, 723, 722, 721, 720, 719, 718, 717, 716, 715, 714, 713, 712, 711, 710, 709, 708, 707, 706, 705, 704, 703, 702, 701, 700, 699, 698, 697, 696, 695, 694, 693, 692, 691, 690, 689, 688, 687, 686, 685, 684, 683, 682, 681, 680, 679, 678, 677, 676, 675, 674, 247, 248, 249, 250, 251, 252, 253, 254, 255, 256, 257, 258, 259, 260, 261, 262, 263, 264, 265, 266, 267, 268, 269, 270, 271, 272, 273, 274, 275, 276, 277, 278, 279, 280, 281, 282, 283, 284, 285, 286, 287, 288, 289, 290, 291, 292, 293, 294, 295, 296, 297, 298, 299, 300, 301, 302, 303, 304, 305, 306, 307, 308, 309, 310, 311, 312, 313, 314, 315, 316, 317, 318, 319, 320, 321, 322, 323, 324, 325, 326, 327, 328, 329, 330, 331, 332, 333, 334, 335, 336, 337, 773, 774, 775, 776, 1278, 1280, 1279, 340, 339, 338, 435, 434, 433, 432, 163, 162, 161, 431, 430, 429, 428, 427, 426, 425, 424, 423, 422, 421, 420, 419, 418, 417, 416, 415, 414, 413, 412, 411, 410, 409, 408, 407, 406, 405, 404, 403, 402, 401, 400, 399, 398, 397, 396, 395, 394, 393, 392, 391, 390, 389, 388, 387, 386, 385, 384, 383, 382, 381, 380, 379, 378, 377, 376, 375, 374, 373, 372, 371, 370, 369, 368, 367, 366, 365, 364, 363, 362, 361, 360, 359, 358, 357, 356, 355, 354, 353, 352, 351, 350, 349, 348, 347, 346, 345, 344, 343, 342, 341, 246, 245, 244, 243, 242, 241, 240, 68, 69, 70, 71, 72, 73, 74, 75, 76, 77, 78, 79, 80, 81, 82, 83, 84, 85, 86, 87, 88, 89, 90, 91, 92, 93, 94, 95, 96, 97, 98, 99, 100, 101, 102, 103, 104, 105, 106, 107, 108, 109, 110, 111, 112, 113, 114, 115, 116, 117, 118, 119, 120, 121, 122, 123, 124, 125, 126, 127, 128, 129, 130, 131, 132, 133, 134, 135, 136, 137, 138, 139, 140, 141, 142, 143, 144, 145, 146, 147, 148, 149, 150, 151, 152, 153, 154, 155, 156, 157, 158, 159, 160, 448, 447, 446, 445, 444, 443, 442, 441, 440, 439, 438, 437, 436, 239, 238, 237, 236, 235, 234, 233, 232, 231, 230, 229, 228, 227, 226, 225, 224, 223, 222, 221, 220, 219, 218, 217, 216, 215, 214, 213, 212, 211, 210, 209, 208, 207, 206, 205, 204, 203, 202, 201, 200, 199, 198, 197, 196, 195, 194, 193, 192, 191, 190, 189, 188, 187, 186, 185, 184, 183, 182, 181, 180, 179, 178, 177, 176, 175, 174, 173, 172, 171, 170, 169, 168, 167, 166, 165, 164, 7, 6, 5, 4, 3, 2, 1, 59, 60, 61, 62, 63, 64, 65, 66, 67, 8, 9, 10, 11, 12, 13, 14, 15, 16, 17, 18, 19, 20, 21, 22, 23, 24, 25, 26, 27, 28, 29, 30, 31, 32, 33, 34, 35, 36, 37, 38, 39, 40, 41, 42, 43, 44, 45, 46, 47, 48, 49, 50, 51, 52, 53, 54, 55, 56, 57, 58, 449, 450, 451, 452, 453]
zigzag 2026-04-03-18-43-30:
10570.104410065886
[5844, 5845, 5846, 5847, 5848, 5849, 5850, 5851, 5852, 5853, 5854, 5855, 5856, 5857, 5983, 5984, 5985, 5986, 5987, 5988, 5989, 5990, 5991, 5992, 5993, 5994, 5995, 5996, 5997, 6066, 6067, 5998, 6068, 5999, 6069, 6000, 6070, 6001, 6071, 6072, 6073, 6002, 6003, 6004, 6005, 6006, 6007, 6008, 6009, 6010, 6011, 5885, 5884, 5883, 5882, 5881, 5880, 5879, 5878, 5877, 5876, 5875, 5874, 5873, 5872, 5871, 5870, 5869, 5868, 5867, 5866, 5865, 5864, 5863, 5862, 5861, 5860, 5859, 5858, 5712, 5713, 5714, 5715, 5716, 5717, 5718, 5719, 5720, 5721, 5722, 5723, 5724, 5725, 5726, 5727, 5728, 5729, 5730, 5731, 5732, 5733, 5734, 5735, 5736, 5737, 5738, 5739, 5740, 5741, 5742, 5886, 5743, 5887, 5744, 5888, 5745, 5889, 5746, 5890, 5747, 5891, 5748, 5892, 5749, 5893, 5750, 5894, 5751, 5895, 5752, 5896, 5753, 5897, 5754, 5898, 5755, 5899, 5756, 5900, 5757, 5901, 5758, 5902, 5759, 5903, 5760, 5904, 5761, 5905, 5762, 5906, 5763, 5907, 5764, 5908, 5765, 5909, 5766, 5910, 5767, 5911, 5768, 5912, 5769, 5913, 5770, 5914, 5771, 5915, 5772, 5916, 5773, 5917, 5774, 5918, 5775, 5919, 5776, 5920, 5777, 5921, 5778, 5922, 5779, 5923, 5780, 5924, 5781, 5925, 5782, 5926, 5783, 5927, 5784, 5785, 5786, 5787, 5788, 5789, 5790, 5791, 5792, 5793, 5794, 5795, 5796, 5797, 5798, 5799, 5800, 5801, 5802, 5803, 5804, 5805, 5806, 5807, 5808, 5809, 5810, 5811, 5812, 5813, 5814, 5815, 5816, 5817, 5818, 5819, 5820, 5821, 5822, 5823, 5824, 5825, 5826, 5827, 5828, 5829, 5830, 5831, 5832, 5833, 5834, 5835, 5978, 5977, 5976, 5975, 5974, 5973, 5972, 5971, 5970, 5969, 5968, 5967, 5966, 5965, 5964, 5963, 5962, 5961, 5960, 5959, 5958, 5957, 5956, 5955, 5954, 5953, 5952, 5951, 5950, 5949, 5948, 5947, 5946, 5945, 5944, 5943, 5942, 5941, 5940, 5939, 5938, 5937, 5936, 5935, 5934, 5933, 5932, 5931, 5930, 5929, 5928, 6012, 6013, 6014, 6015, 6016, 6017, 6018, 6019, 6020, 6021, 6022, 6023, 6024, 6025, 6026, 6027, 6028, 6029, 6030, 6031, 6032, 6033, 6034, 6035, 6036, 6037, 6038, 6039, 6040, 6041, 6042, 6043, 6044, 6045, 6046, 6047, 6048, 6049, 6050, 6051, 6052, 6053, 6054, 6055, 6056, 6057, 6074, 6075, 6058, 6076, 6059, 6077, 6060, 6078, 6079, 6080, 6081, 6082, 6083, 6065, 6064, 6063, 6062, 6061, 5979, 5980, 5981, 5982, 5838, 5837, 5836, 5641, 5642, 5640, 5639, 5638, 5637, 5636, 5635, 5634, 5633, 5632, 5631, 5630, 5629, 5628, 5627, 5626, 5625, 5624, 5623, 5622, 5621, 5620, 5619, 5618, 5617, 5616, 5615, 5614, 5613, 5612, 5611, 5610, 5609, 5608, 5607, 5606, 5605, 5604, 5603, 5602, 5601, 5600, 5599, 5598, 5597, 5596, 5595, 5594, 5593, 5592, 5591, 5590, 5589, 5588, 5587, 5586, 5585, 5584, 5583, 5582, 5581, 5580, 5579, 5578, 5577, 5576, 5575, 5574, 5573, 5572, 5571, 5570, 5569, 5568, 5567, 5566, 5565, 5564, 5563, 5562, 5561, 5560, 5559, 5558, 5557, 5556, 5555, 5554, 5553, 5552, 5551, 5550, 5549, 5548, 5547, 5546, 5545, 5544, 5543, 5542, 5541, 5540, 5539, 5538, 5537, 5536, 5535, 5534, 5533, 5532, 5531, 5530, 5529, 5528, 5527, 5526, 5525, 5524, 5523, 5522, 5521, 5520, 5519, 5518, 5517, 5516, 5515, 5514, 5711, 5710, 5513, 5709, 5512, 5708, 5511, 5707, 5510, 5706, 5509, 5705, 5508, 5704, 5507, 5703, 5506, 5702, 5505, 5701, 5504, 5700, 5503, 5699, 5502, 5698, 5501, 5697, 5500, 5696, 5498, 5499, 5695, 5843, 5842, 5841, 5694, 5840, 5839, 5693, 5496, 5692, 5495, 5691, 5494, 5690, 5493, 5689, 5492, 5688, 5491, 5687, 5490, 5686, 5489, 5685, 5488, 5684, 5487, 5683, 5486, 5682, 5485, 5681, 5484, 5680, 5483, 5679, 5482, 5678, 5481, 5677, 5480, 5676, 5479, 5675, 5478, 5674, 5477, 5673, 5476, 5672, 5475, 5671, 5474, 5670, 5473, 5669, 5472, 5668, 5471, 5667, 5470, 5666, 5469, 5665, 5468, 5664, 5467, 5663, 5466, 5662, 5465, 5661, 5464, 5660, 5463, 5659, 5462, 5658, 5461, 5657, 5656, 5460, 5459, 5458, 5457, 5456, 5455, 5454, 5453, 5452, 5451, 5450, 5449, 5655, 5654, 5653, 5448, 5447, 5446, 5652, 5651, 5650, 5445, 5444, 5443, 5442, 5441, 5440, 5439, 5438, 5437, 5436, 5435, 5434, 5649, 5648, 5647, 5433, 5646, 5645, 5644, 5643, 5430, 5429, 5428, 5427, 5426, 5425, 5424, 5195, 5194, 5193, 5192, 5420, 5421, 5422, 5423, 5196, 5197, 5198, 5199, 5200, 5201, 5202, 5431, 5203, 5432, 5204, 5205, 5206, 5207, 5208, 5209, 5210, 5211, 5212, 5213, 5214, 5215, 5216, 5217, 5218, 5219, 5220, 5221, 5222, 5223, 5224, 5225, 5226, 5227, 5228, 5229, 5230, 5231, 5232, 5233, 5234, 5235, 5236, 5237, 5238, 5239, 5240, 5241, 5242, 5243, 5244, 5245, 5246, 5247, 5248, 5249, 5250, 5251, 5252, 5253, 5254, 5255, 5256, 5257, 5258, 5259, 5260, 5261, 5262, 5263, 5264, 5265, 5266, 5267, 5268, 5497, 5269, 5270, 5271, 5272, 5273, 5274, 5275, 5276, 5277, 5278, 5279, 5280, 5281, 5282, 5283, 5284, 5285, 5286, 5287, 5288, 5289, 5290, 5291, 5292, 5293, 5294, 5295, 5296, 5297, 5298, 5299, 5300, 5301, 5302, 5303, 5304, 5305, 5306, 5307, 5308, 5309, 5310, 5311, 5312, 5313, 5314, 5315, 5316, 5317, 5318, 5319, 5320, 5321, 5322, 5323, 5324, 5325, 5326, 5327, 5328, 5329, 5330, 5331, 5332, 5333, 5334, 5335, 5336, 5337, 5338, 5339, 5340, 5341, 5342, 5343, 5344, 5345, 5346, 5347, 5348, 5349, 5350, 5351, 5352, 5353, 5354, 5355, 5356, 5357, 5358, 5359, 5360, 5361, 5362, 5363, 5364, 5365, 5366, 5367, 5368, 5369, 5370, 5371, 5372, 5373, 5374, 5375, 5376, 5377, 5378, 5379, 5380, 5381, 5382, 5383, 5384, 5385, 5386, 5387, 5388, 5389, 5390, 5391, 5392, 5393, 5394, 5395, 5396, 5397, 5398, 5399, 5400, 5401, 5402, 5403, 5404, 5405, 5406, 5407, 5408, 5409, 5410, 5411, 5412, 5413, 5176, 5175, 5174, 5173, 5172, 5171, 5170, 5169, 5168, 5167, 5166, 5165, 5164, 5163, 5162, 5161, 5160, 5159, 5158, 5157, 5156, 5155, 5154, 5153, 5152, 5151, 5150, 5149, 5148, 5147, 5146, 5145, 5144, 5143, 5142, 5141, 5140, 5139, 5138, 5137, 5136, 5135, 5134, 5133, 5132, 5131, 5130, 5129, 5128, 5127, 5126, 5125, 5124, 5123, 5122, 5121, 5120, 5119, 5118, 5117, 5116, 5115, 5114, 5113, 5112, 5111, 5110, 5109, 5108, 5107, 5106, 5105, 5104, 5103, 5102, 5101, 5100, 5099, 5098, 5097, 5096, 5095, 5094, 5093, 5092, 5091, 5090, 5089, 5088, 5087, 5086, 5085, 5084, 5083, 5082, 5081, 5080, 5079, 5078, 5077, 5076, 5075, 5074, 5073, 5072, 5071, 5070, 5069, 5068, 5067, 5066, 5065, 5064, 5063, 5062, 5061, 5060, 5059, 5058, 5057, 5056, 5055, 5054, 5053, 5052, 5051, 5050, 5049, 5048, 5047, 5046, 5045, 5044, 5043, 5042, 5041, 5040, 5039, 5038, 5037, 5036, 5035, 5034, 5033, 5032, 5031, 5030, 5029, 5028, 5027, 5026, 5025, 5024, 5023, 5022, 5021, 5020, 5019, 5018, 5017, 5016, 5015, 5014, 5013, 5012, 5011, 5010, 5009, 5008, 5007, 5006, 5005, 5004, 5003, 5002, 5001, 5000, 4999, 4998, 4997, 4996, 4995, 4994, 4993, 4992, 4991, 4990, 4989, 4988, 4987, 4986, 4985, 4984, 4983, 4982, 4981, 4980, 4979, 4978, 4977, 4976, 4975, 4974, 4973, 4972, 4971, 4970, 4969, 4968, 4967, 4966, 4965, 4964, 4963, 4962, 4961, 4960, 4959, 5191, 5190, 5189, 5188, 5187, 5186, 5419, 5418, 5417, 5416, 5415, 5414, 5181, 5182, 5183, 5184, 5185, 4956, 4958, 4957, 4955, 4954, 4953, 4952, 4951, 5179, 5177, 5178, 5180, 4950, 4949, 4948, 4720, 4721, 4722, 4723, 4724, 4725, 4726, 4727, 4728, 4729, 4730, 4731, 4732, 4734, 4733, 4735, 4736, 4737, 4738, 4739, 4740, 4741, 4742, 4743, 4744, 4745, 4746, 4747, 4748, 4749, 4750, 4751, 4752, 4753, 4754, 4755, 4756, 4757, 4758, 4759, 4760, 4761, 4762, 4763, 4764, 4765, 4766, 4767, 4768, 4769, 4770, 4771, 4772, 4773, 4774, 4775, 4776, 4777, 4778, 4779, 4780, 4781, 4782, 4783, 4784, 4785, 4786, 4787, 4788, 4789, 4790, 4791, 4792, 4793, 4794, 4795, 4796, 4797, 4798, 4799, 4800, 4801, 4802, 4803, 4804, 4805, 4806, 4807, 4808, 4809, 4810, 4811, 4812, 4813, 4814, 4815, 4816, 4817, 4818, 4819, 4820, 4821, 4822, 4823, 4824, 4825, 4826, 4827, 4828, 4829, 4830, 4831, 4832, 4833, 4834, 4835, 4836, 4837, 4838, 4839, 4840, 4841, 4842, 4843, 4844, 4845, 4846, 4847, 4848, 4849, 4850, 4851, 4852, 4853, 4854, 4855, 4856, 4857, 4858, 4859, 4860, 4861, 4862, 4863, 4864, 4865, 4866, 4867, 4868, 4869, 4870, 4871, 4872, 4873, 4874, 4875, 4876, 4877, 4878, 4879, 4880, 4881, 4882, 4883, 4884, 4885, 4886, 4887, 4888, 4889, 4890, 4891, 4892, 4893, 4894, 4895, 4896, 4897, 4898, 4899, 4900, 4901, 4902, 4903, 4904, 4905, 4906, 4907, 4908, 4909, 4910, 4911, 4912, 4913, 4914, 4915, 4916, 4917, 4918, 4919, 4920, 4921, 4922, 4923, 4924, 4925, 4926, 4927, 4928, 4929, 4930, 4931, 4932, 4933, 4934, 4935, 4936, 4937, 4938, 4939, 4940, 4941, 4942, 4943, 4944, 4945, 4946, 4947, 4719, 4718, 4717, 4716, 4715, 4714, 4713, 4712, 4711, 4710, 4709, 4708, 4707, 4706, 4705, 4704, 4703, 4702, 4701, 4700, 4699, 4698, 4697, 4696, 4695, 4694, 4693, 4692, 4691, 4690, 4689, 4688, 4687, 4686, 4685, 4684, 4683, 4682, 4681, 4680, 4679, 4678, 4677, 4676, 4675, 4674, 4673, 4672, 4671, 4670, 4669, 4668, 4667, 4666, 4665, 4664, 4663, 4662, 4661, 4660, 4659, 4658, 4657, 4656, 4655, 4654, 4653, 4652, 4651, 4650, 4649, 4648, 4647, 4646, 4645, 4644, 4643, 4642, 4641, 4640, 4639, 4638, 4637, 4636, 4635, 4634, 4633, 4632, 4631, 4630, 4629, 4628, 4627, 4626, 4625, 4624, 4623, 4622, 4621, 4620, 4619, 4618, 4617, 4616, 4615, 4614, 4613, 4612, 4611, 4610, 4609, 4608, 4607, 4606, 4605, 4604, 4603, 4602, 4601, 4600, 4599, 4598, 4597, 4596, 4595, 4594, 4593, 4592, 4591, 4590, 4589, 4588, 4587, 4586, 4585, 4584, 4583, 4582, 4581, 4580, 4579, 4578, 4577, 4576, 4575, 4574, 4573, 4572, 4571, 4570, 4569, 4568, 4567, 4566, 4565, 4564, 4563, 4562, 4561, 4560, 4559, 4558, 4557, 4556, 4555, 4554, 4553, 4552, 4551, 4550, 4549, 4548, 4547, 4546, 4545, 4544, 4543, 4542, 4541, 4540, 4539, 4538, 4537, 4536, 4535, 4534, 4533, 4532, 4531, 4530, 4529, 4528, 4527, 4526, 4525, 4524, 4523, 4522, 4521, 4520, 4519, 4518, 4517, 4516, 4515, 4514, 4513, 4512, 4511, 4510, 4509, 4508, 4507, 4506, 4505, 4504, 4503, 4502, 4501, 4500, 4499, 4498, 4497, 4496, 4495, 4273, 4274, 4275, 4276, 4277, 4278, 4279, 4280, 4281, 4282, 4283, 4284, 4285, 4286, 4287, 4288, 4289, 4290, 4291, 4292, 4293, 4294, 4295, 4296, 4297, 4298, 4299, 4300, 4301, 4302, 4303, 4304, 4305, 4306, 4307, 4308, 4309, 4310, 4311, 4312, 4313, 4314, 4315, 4316, 4317, 4318, 4319, 4320, 4321, 4322, 4323, 4324, 4325, 4326, 4327, 4328, 4329, 4330, 4331, 4332, 4333, 4334, 4335, 4336, 4337, 4338, 4339, 4340, 4341, 4342, 4343, 4344, 4345, 4346, 4347, 4348, 4349, 4350, 4351, 4352, 4353, 4354, 4355, 4356, 4357, 4358, 4359, 4360, 4361, 4362, 4363, 4364, 4365, 4366, 4367, 4368, 4369, 4370, 4371, 4372, 4373, 4374, 4375, 4376, 4377, 4378, 4379, 4380, 4381, 4382, 4383, 4384, 4385, 4386, 4387, 4388, 4389, 4390, 4391, 4392, 4393, 4394, 4395, 4396, 4397, 4398, 4399, 4400, 4401, 4402, 4403, 4404, 4405, 4406, 4407, 4408, 4409, 4410, 4411, 4412, 4413, 4414, 4415, 4416, 4417, 4418, 4419, 4420, 4421, 4422, 4423, 4424, 4425, 4426, 4427, 4428, 4429, 4430, 4431, 4432, 4433, 4434, 4435, 4436, 4437, 4438, 4439, 4440, 4441, 4442, 4443, 4444, 4445, 4446, 4447, 4448, 4449, 4450, 4451, 4452, 4453, 4454, 4455, 4456, 4457, 4458, 4459, 4460, 4461, 4462, 4463, 4464, 4465, 4466, 4467, 4468, 4469, 4470, 4471, 4472, 4473, 4474, 4475, 4476, 4477, 4478, 4479, 4480, 4481, 4482, 4483, 4484, 4485, 4486, 4487, 4488, 4489, 4490, 4491, 4492, 4493, 4494, 4272, 4271, 4270, 4269, 4268, 4267, 4266, 4265, 4264, 4263, 4262, 4261, 4260, 4259, 4258, 4257, 4256, 4255, 4254, 4253, 4252, 4251, 4250, 4249, 4248, 4247, 4246, 4245, 4244, 4243, 4242, 4241, 4240, 4239, 4238, 4237, 4236, 4235, 4234, 4233, 4232, 4231, 4230, 4229, 4228, 4227, 4226, 4225, 4224, 4223, 4222, 4221, 4220, 4219, 4218, 4217, 4216, 4215, 4214, 4213, 4212, 4211, 4210, 4209, 4208, 4207, 4206, 4205, 4204, 4203, 4202, 4201, 4200, 4199, 4198, 4197, 4196, 4195, 4194, 4193, 4192, 4191, 4190, 4189, 4188, 4187, 4186, 4185, 4184, 4183, 4182, 4181, 4180, 4179, 4178, 4177, 4176, 4175, 4174, 4173, 4172, 4171, 4170, 4169, 4168, 4167, 4166, 4165, 4164, 4163, 4162, 4161, 4160, 4159, 4158, 4157, 4156, 4155, 4154, 4153, 4152, 4151, 4150, 4149, 4148, 4147, 4146, 4145, 4144, 4143, 4142, 4141, 4140, 4139, 4138, 4137, 4136, 4135, 4134, 4133, 4132, 4131, 4130, 4129, 4128, 4127, 4126, 4125, 4124, 4123, 4122, 4121, 4120, 4119, 4118, 4117, 4116, 4115, 4114, 4113, 4112, 4111, 4110, 4109, 4108, 4107, 4106, 4105, 4104, 4103, 4102, 4101, 4100, 4099, 4098, 4097, 4096, 4095, 4094, 4093, 4092, 4091, 4090, 4089, 4088, 4087, 4086, 4085, 4084, 4083, 4082, 4081, 4080, 4079, 4078, 4077, 4076, 4075, 4074, 4073, 4072, 4071, 4070, 4069, 4068, 4067, 4066, 4065, 4064, 4063, 4062, 4061, 4060, 4059, 4058, 4057, 4056, 4055, 4054, 4053, 4052, 4051, 3833, 3829, 3830, 3831, 3832, 3834, 3835, 3836, 3837, 3838, 3839, 3840, 3841, 3842, 3843, 3844, 3845, 3846, 3847, 3848, 3849, 3850, 3851, 3852, 3853, 3854, 3855, 3856, 3857, 3858, 3859, 3860, 3861, 3862, 3863, 3864, 3865, 3866, 3867, 3868, 3869, 3870, 3871, 3872, 3873, 3874, 3875, 3876, 3877, 3878, 3879, 3880, 3881, 3882, 3883, 3884, 3885, 3886, 3887, 3888, 3889, 3890, 3891, 3892, 3893, 3894, 3895, 3896, 3897, 3898, 3899, 3900, 3901, 3902, 3903, 3904, 3905, 3906, 3907, 3908, 3909, 3910, 3911, 3912, 3913, 3914, 3915, 3916, 3917, 3918, 3919, 3920, 3921, 3922, 3923, 3924, 3925, 3926, 3927, 3928, 3929, 3930, 3931, 3932, 3933, 3934, 3935, 3936, 3937, 3938, 3939, 3940, 3941, 3942, 3943, 3944, 3945, 3946, 3947, 3948, 3949, 3950, 3951, 3952, 3953, 3954, 3955, 3956, 3957, 3958, 3959, 3960, 3961, 3962, 3963, 3964, 3965, 3966, 3967, 3968, 3969, 3970, 3971, 3972, 3973, 3974, 3975, 3976, 3977, 3978, 3979, 3980, 3981, 3982, 3983, 3984, 3985, 3986, 3987, 3988, 3989, 3990, 3991, 3992, 3993, 3994, 3995, 3996, 3997, 3998, 3999, 4000, 4001, 4002, 4003, 4004, 4005, 4006, 4007, 4008, 4009, 4010, 4011, 4012, 4013, 4014, 4015, 4016, 4017, 4018, 4019, 4020, 4021, 4022, 4023, 4024, 4025, 4026, 4027, 4028, 4029, 4030, 4031, 4032, 4033, 4034, 4035, 4036, 4037, 4038, 4039, 4040, 4041, 4042, 4043, 4044, 4045, 4046, 4047, 4048, 4049, 4050, 3828, 3827, 3826, 3825, 3824, 3823, 3822, 3821, 3820, 3819, 3818, 3817, 3816, 3815, 3814, 3813, 3812, 3811, 3810, 3809, 3808, 3807, 3806, 3805, 3804, 3803, 3802, 3801, 3800, 3799, 3798, 3797, 3796, 3795, 3794, 3793, 3792, 3791, 3790, 3789, 3788, 3787, 3786, 3785, 3784, 3783, 3782, 3781, 3780, 3779, 3778, 3777, 3776, 3775, 3774, 3773, 3772, 3771, 3770, 3769, 3768, 3767, 3766, 3765, 3764, 3763, 3762, 3761, 3760, 3759, 3758, 3757, 3756, 3755, 3754, 3753, 3752, 3751, 3750, 3749, 3748, 3747, 3746, 3745, 3744, 3743, 3742, 3741, 3740, 3739, 3738, 3737, 3736, 3735, 3734, 3733, 3732, 3731, 3730, 3729, 3728, 3727, 3726, 3725, 3724, 3723, 3722, 3721, 3720, 3719, 3718, 3717, 3716, 3715, 3714, 3713, 3712, 3711, 3710, 3709, 3708, 3707, 3706, 3705, 3704, 3703, 3702, 3701, 3700, 3699, 3698, 3697, 3696, 3695, 3694, 3693, 3692, 3691, 3690, 3689, 3688, 3687, 3686, 3685, 3684, 3683, 3682, 3681, 3680, 3679, 3678, 3677, 3676, 3675, 3674, 3673, 3672, 3671, 3670, 3669, 3668, 3667, 3666, 3665, 3664, 3663, 3662, 3661, 3660, 3659, 3658, 3657, 3656, 3655, 3654, 3653, 3652, 3651, 3650, 3649, 3648, 3647, 3646, 3645, 3644, 3643, 3642, 3641, 3640, 3639, 3638, 3637, 3636, 3635, 3634, 3633, 3632, 3631, 3630, 3629, 3628, 3627, 3626, 3625, 3624, 3623, 3622, 3621, 3620, 3619, 3618, 3617, 3616, 3615, 3614, 3613, 3612, 3611, 3610, 3609, 3608, 3389, 3390, 3391, 3392, 3393, 3394, 3395, 3396, 3397, 3398, 3399, 3400, 3401, 3402, 3403, 3404, 3405, 3406, 3407, 3408, 3409, 3410, 3411, 3412, 3413, 3414, 3415, 3416, 3417, 3418, 3419, 3420, 3421, 3422, 3423, 3424, 3425, 3426, 3427, 3428, 3429, 3430, 3431, 3432, 3433, 3434, 3435, 3436, 3437, 3438, 3439, 3440, 3441, 3442, 3443, 3444, 3445, 3446, 3447, 3448, 3449, 3450, 3451, 3452, 3453, 3454, 3455, 3456, 3457, 3458, 3459, 3460, 3461, 3462, 3463, 3464, 3465, 3466, 3467, 3468, 3469, 3470, 3471, 3472, 3473, 3474, 3475, 3476, 3477, 3478, 3479, 3480, 3481, 3482, 3483, 3484, 3485, 3486, 3487, 3488, 3489, 3490, 3491, 3492, 3493, 3494, 3495, 3496, 3497, 3498, 3499, 3500, 3501, 3502, 3503, 3504, 3505, 3506, 3507, 3508, 3509, 3510, 3511, 3512, 3513, 3514, 3515, 3516, 3517, 3518, 3519, 3520, 3521, 3522, 3523, 3524, 3525, 3526, 3527, 3528, 3529, 3530, 3531, 3532, 3533, 3534, 3535, 3536, 3537, 3538, 3539, 3540, 3541, 3542, 3543, 3544, 3545, 3546, 3547, 3548, 3549, 3550, 3551, 3552, 3553, 3554, 3555, 3556, 3557, 3558, 3559, 3560, 3561, 3562, 3563, 3564, 3565, 3566, 3567, 3568, 3569, 3570, 3571, 3572, 3573, 3574, 3575, 3576, 3577, 3578, 3579, 3580, 3581, 3582, 3583, 3584, 3585, 3586, 3587, 3588, 3589, 3590, 3591, 3592, 3593, 3594, 3595, 3596, 3597, 3598, 3599, 3600, 3601, 3602, 3603, 3604, 3605, 3606, 3607, 3385, 3384, 3383, 3382, 3381, 3380, 3379, 3378, 3377, 3376, 3375, 3374, 3373, 3372, 3371, 3370, 3369, 3368, 3367, 3366, 3365, 3364, 3363, 3362, 3361, 3360, 3359, 3358, 3357, 3356, 3355, 3354, 3353, 3352, 3351, 3350, 3349, 3348, 3347, 3346, 3345, 3344, 3343, 3342, 3341, 3340, 3339, 3338, 3337, 3336, 3335, 3334, 3333, 3332, 3331, 3330, 3329, 3328, 3327, 3326, 3325, 3324, 3323, 3322, 3321, 3320, 3319, 3318, 3317, 3316, 3315, 3314, 3313, 3312, 3311, 3310, 3309, 3308, 3307, 3306, 3305, 3304, 3303, 3302, 3301, 3300, 3299, 3298, 3297, 3296, 3295, 3294, 3293, 3292, 3291, 3290, 3289, 3288, 3287, 3286, 3285, 3284, 3283, 3282, 3281, 3280, 3279, 3278, 3277, 3276, 3275, 3274, 3273, 3272, 3271, 3270, 3269, 3268, 3267, 3266, 3265, 3264, 3263, 3262, 3261, 3260, 3259, 3258, 3257, 3256, 3255, 3254, 3253, 3252, 3251, 3250, 3249, 3248, 3247, 3246, 3245, 3244, 3243, 3242, 3241, 3240, 3239, 3238, 3237, 3236, 3235, 3234, 3233, 3232, 3231, 3230, 3229, 3228, 3227, 3226, 3225, 3224, 3223, 3222, 3221, 3220, 3219, 3218, 3217, 3216, 3215, 3214, 3213, 3212, 3211, 3210, 3209, 3208, 3207, 3206, 3205, 3204, 3203, 3202, 3201, 3200, 3199, 3198, 3197, 3196, 3195, 3194, 3193, 3192, 3191, 3190, 3189, 3188, 3187, 3186, 3185, 3184, 3183, 3182, 3181, 3180, 3179, 3178, 3177, 3176, 3175, 3174, 3173, 3172, 3171, 3170, 3169, 3168, 3388, 3386, 3387, 3167, 3166, 3165, 2945, 2946, 2947, 2948, 2949, 2950, 2951, 2952, 2953, 2954, 2955, 2956, 2957, 2958, 2959, 2960, 2961, 2962, 2963, 2964, 2965, 2966, 2967, 2968, 2969, 2970, 2971, 2972, 2973, 2974, 2975, 2976, 2977, 2978, 2979, 2980, 2981, 2982, 2983, 2984, 2985, 2986, 2987, 2988, 2989, 2990, 2991, 2992, 2993, 2994, 2995, 2996, 2997, 2998, 2999, 3000, 3001, 3002, 3003, 3004, 3005, 3006, 3007, 3008, 3009, 3010, 3011, 3012, 3013, 3014, 3015, 3016, 3017, 3018, 3019, 3020, 3021, 3022, 3023, 3024, 3025, 3026, 3027, 3028, 3029, 3030, 3031, 3032, 3033, 3034, 3035, 3036, 3037, 3038, 3039, 3040, 3041, 3042, 3043, 3044, 3045, 3046, 3047, 3048, 3049, 3050, 3051, 3052, 3053, 3054, 3055, 3056, 3057, 3058, 3059, 3060, 3061, 3062, 3063, 3064, 3065, 3066, 3067, 3068, 3069, 3070, 3071, 3072, 3073, 3074, 3075, 3076, 3077, 3078, 3079, 3080, 3081, 3082, 3083, 3084, 3085, 3086, 3087, 3088, 3089, 3090, 3091, 3092, 3093, 3094, 3095, 3096, 3097, 3098, 3099, 3100, 3101, 3102, 3103, 3104, 3105, 3106, 3107, 3108, 3109, 3110, 3111, 3112, 3113, 3114, 3115, 3116, 3117, 3118, 3119, 3120, 3121, 3122, 3123, 3124, 3125, 3126, 3127, 3128, 3129, 3130, 3131, 3132, 3133, 3134, 3135, 3136, 3137, 3138, 3139, 3140, 3141, 3142, 3143, 3144, 3145, 3146, 3147, 3148, 3149, 3150, 3151, 3152, 3153, 3154, 3155, 3156, 3157, 3158, 3159, 3160, 3161, 3162, 3163, 3164, 2944, 2943, 2942, 2941, 2940, 2939, 2938, 2937, 2936, 2935, 2934, 2933, 2932, 2931, 2930, 2929, 2928, 2927, 2926, 2925, 2924, 2923, 2922, 2921, 2920, 2919, 2918, 2917, 2916, 2915, 2914, 2913, 2912, 2911, 2910, 2909, 2908, 2907, 2906, 2905, 2904, 2903, 2902, 2901, 2900, 2899, 2898, 2897, 2896, 2895, 2894, 2893, 2892, 2891, 2890, 2889, 2888, 2887, 2886, 2885, 2884, 2883, 2882, 2881, 2880, 2879, 2878, 2877, 2876, 2875, 2874, 2873, 2872, 2871, 2870, 2869, 2868, 2867, 2866, 2865, 2864, 2863, 2862, 2861, 2860, 2859, 2858, 2857, 2856, 2855, 2854, 2853, 2852, 2851, 2850, 2849, 2848, 2847, 2846, 2845, 2844, 2843, 2842, 2841, 2840, 2839, 2838, 2837, 2836, 2835, 2834, 2833, 2832, 2831, 2830, 2829, 2828, 2827, 2826, 2825, 2824, 2823, 2822, 2821, 2820, 2819, 2818, 2817, 2816, 2815, 2814, 2813, 2812, 2811, 2810, 2809, 2808, 2807, 2806, 2805, 2804, 2803, 2802, 2801, 2800, 2799, 2798, 2797, 2796, 2795, 2794, 2793, 2792, 2791, 2790, 2789, 2788, 2787, 2786, 2785, 2784, 2783, 2782, 2781, 2780, 2779, 2778, 2777, 2776, 2775, 2774, 2773, 2772, 2771, 2770, 2769, 2768, 2767, 2766, 2765, 2764, 2763, 2762, 2761, 2760, 2759, 2758, 2757, 2756, 2755, 2754, 2753, 2752, 2751, 2750, 2749, 2748, 2747, 2746, 2745, 2744, 2743, 2742, 2741, 2740, 2739, 2738, 2737, 2736, 2735, 2734, 2733, 2732, 2731, 2730, 2729, 2728, 2727, 2726, 2725, 2506, 2507, 2508, 2509, 2510, 2511, 2512, 2513, 2514, 2515, 2516, 2517, 2518, 2519, 2520, 2521, 2522, 2523, 2524, 2525, 2526, 2527, 2528, 2529, 2530, 2531, 2532, 2533, 2534, 2535, 2536, 2537, 2538, 2539, 2540, 2541, 2542, 2543, 2544, 2545, 2546, 2547, 2548, 2549, 2550, 2551, 2552, 2553, 2554, 2555, 2556, 2557, 2558, 2559, 2560, 2561, 2562, 2563, 2564, 2565, 2566, 2567, 2568, 2569, 2570, 2571, 2572, 2573, 2574, 2575, 2576, 2577, 2578, 2579, 2580, 2581, 2582, 2583, 2584, 2585, 2586, 2587, 2588, 2589, 2590, 2591, 2592, 2593, 2594, 2595, 2596, 2597, 2598, 2599, 2600, 2601, 2602, 2603, 2604, 2605, 2606, 2607, 2608, 2609, 2610, 2611, 2612, 2613, 2614, 2615, 2616, 2617, 2618, 2619, 2620, 2621, 2622, 2623, 2624, 2625, 2626, 2627, 2628, 2629, 2630, 2631, 2632, 2633, 2634, 2635, 2636, 2637, 2638, 2639, 2640, 2641, 2642, 2643, 2644, 2645, 2646, 2647, 2648, 2649, 2650, 2651, 2652, 2653, 2654, 2655, 2656, 2657, 2658, 2659, 2660, 2661, 2662, 2663, 2664, 2665, 2666, 2667, 2668, 2669, 2670, 2671, 2672, 2673, 2674, 2675, 2676, 2677, 2678, 2679, 2680, 2681, 2682, 2683, 2684, 2685, 2686, 2687, 2688, 2689, 2690, 2691, 2692, 2693, 2694, 2695, 2696, 2697, 2698, 2699, 2700, 2701, 2702, 2703, 2704, 2705, 2706, 2707, 2708, 2709, 2710, 2711, 2712, 2713, 2714, 2715, 2716, 2717, 2718, 2719, 2720, 2721, 2722, 2723, 2724, 2337, 2336, 2335, 2334, 2333, 2332, 2331, 2330, 2329, 2328, 2327, 2326, 2325, 2324, 2323, 2322, 2321, 2320, 2319, 2318, 2317, 2316, 2315, 2314, 2313, 2312, 2311, 2310, 2309, 2308, 2307, 2306, 2305, 2304, 2303, 2302, 2301, 2300, 2299, 2298, 2297, 2296, 2295, 2294, 2293, 2292, 2291, 2290, 2289, 2288, 2287, 2286, 2285, 2284, 2283, 2282, 2281, 2280, 2279, 2278, 2277, 2276, 2275, 2274, 2273, 2272, 2271, 2270, 2269, 2268, 2267, 2266, 2265, 2264, 2263, 2262, 2261, 2260, 2259, 2258, 2257, 2256, 2255, 2254, 2253, 2252, 2251, 2250, 2249, 2248, 2247, 2246, 2245, 2244, 2243, 2242, 2241, 2240, 2239, 2238, 2237, 2236, 2235, 2234, 2233, 2232, 2231, 2230, 2229, 2228, 2227, 2226, 2505, 2504, 2503, 2502, 2501, 2500, 2499, 2498, 2497, 2496, 2495, 2494, 2493, 2492, 2491, 2490, 2489, 2488, 2487, 2486, 2485, 2484, 2483, 2482, 2481, 2480, 2479, 2478, 2477, 2476, 2475, 2474, 2473, 2472, 2471, 2470, 2469, 2468, 2467, 2466, 2465, 2464, 2463, 2462, 2461, 2460, 2459, 2458, 2457, 2456, 2455, 2454, 2453, 2452, 2451, 2450, 2449, 2448, 2447, 2446, 2445, 2444, 2443, 2442, 2441, 2440, 2439, 2438, 2437, 2436, 2435, 2434, 2433, 2432, 2431, 2430, 2429, 2428, 2427, 2426, 2425, 2424, 2423, 2422, 2421, 2420, 2419, 2418, 2417, 2416, 2415, 2414, 2413, 2412, 2411, 2410, 2409, 2408, 2407, 2406, 2405, 2404, 2403, 2402, 2401, 2400, 2399, 2398, 2397, 2395, 2396, 2109, 2110, 2111, 2112, 2113, 2114, 2115, 2116, 2117, 2118, 2119, 2120, 2121, 2122, 2123, 2124, 2125, 2126, 2127, 2128, 2129, 2130, 2131, 2132, 2133, 2134, 2135, 2136, 2137, 2138, 2139, 2140, 2141, 2142, 2143, 2144, 2145, 2146, 2147, 2148, 2149, 2150, 2151, 2152, 2153, 2154, 2155, 2156, 2157, 2158, 2159, 2160, 2161, 2162, 2163, 2164, 2165, 2166, 2167, 2168, 2169, 2170, 2171, 2172, 2173, 2174, 2175, 2176, 2177, 2178, 2179, 2180, 2181, 2182, 2183, 2184, 2185, 2186, 2187, 2188, 2189, 2190, 2191, 2192, 2193, 2194, 2195, 2196, 2197, 2198, 2199, 2200, 2201, 2202, 2203, 2204, 2205, 2206, 2207, 2208, 2209, 2210, 2211, 2212, 2213, 2214, 2215, 2216, 1888, 1889, 1890, 1891, 1892, 1893, 1894, 1895, 1896, 1897, 1898, 1899, 1900, 1901, 1902, 1903, 1904, 1905, 1906, 1907, 1908, 1909, 1910, 1911, 1912, 1913, 1462, 1914, 1463, 1915, 1464, 1916, 1465, 1917, 1466, 1918, 1919, 1920, 1921, 1922, 1923, 1924, 1925, 1926, 1927, 1928, 1929, 1930, 1931, 1932, 1933, 1934, 1935, 1936, 1937, 1938, 1939, 1940, 1941, 1942, 1943, 1944, 1945, 1946, 1947, 1948, 1949, 1950, 1951, 1952, 1953, 1954, 1955, 1956, 1957, 1958, 1959, 1960, 1961, 1962, 1963, 1964, 1965, 1966, 1967, 1968, 1969, 1970, 1971, 1972, 1973, 1974, 1975, 1976, 1977, 1978, 1979, 1980, 1981, 1982, 1983, 1984, 1985, 1986, 1987, 1988, 1989, 1990, 1991, 1992, 1993, 1994, 1995, 1996, 1997, 1998, 1546, 1545, 1544, 1543, 1542, 1541, 1540, 1539, 1538, 1537, 1536, 1535, 1534, 1533, 1532, 1531, 1530, 1529, 1528, 1527, 1526, 1525, 1524, 1523, 1522, 1521, 1520, 1519, 1518, 1517, 1516, 1515, 1514, 1513, 1512, 1511, 1510, 1509, 1508, 1507, 1506, 1505, 1504, 1503, 1502, 1501, 1500, 1499, 1498, 1497, 1496, 1495, 1494, 1493, 1492, 1491, 1490, 1489, 1488, 1487, 1486, 1485, 1484, 1483, 1482, 1481, 1480, 1479, 1478, 1477, 1476, 1475, 1474, 1473, 1472, 1471, 1470, 1469, 1468, 1467, 1562, 1563, 1564, 1565, 1566, 1567, 1568, 1569, 1570, 1571, 1572, 1573, 1574, 1575, 1576, 1577, 1578, 1579, 1580, 1581, 1582, 1583, 1584, 1585, 1586, 1587, 1588, 1589, 1590, 1591, 1592, 1593, 1594, 1595, 1596, 1597, 1598, 1599, 1600, 1601, 1602, 1603, 1604, 1605, 1606, 1607, 1608, 1609, 1610, 1611, 1612, 1613, 1614, 1615, 1616, 1617, 1618, 1619, 1620, 1621, 1622, 1623, 1624, 1625, 1626, 1627, 1628, 1629, 1630, 1631, 1632, 1633, 1634, 1635, 1636, 1637, 1638, 1639, 1640, 1641, 1056, 1055, 1054, 1053, 1052, 1051, 1050, 1049, 1048, 1047, 1046, 1045, 1044, 1043, 1042, 1041, 1040, 1039, 1038, 1037, 1036, 1035, 1034, 1033, 1032, 1031, 1030, 1029, 1028, 1027, 1026, 1025, 1024, 1023, 1022, 1021, 1020, 1019, 1018, 1017, 1016, 1015, 1014, 1013, 1012, 1011, 1010, 1009, 1008, 1007, 1006, 1005, 1004, 1003, 1002, 1001, 1000, 999, 998, 997, 996, 995, 994, 993, 992, 991, 990, 989, 988, 987, 986, 985, 984, 983, 982, 981, 980, 979, 978, 977, 976, 975, 974, 973, 972, 971, 970, 969, 968, 967, 966, 965, 964, 963, 962, 961, 960, 959, 958, 957, 956, 955, 1547, 1548, 1549, 1550, 1551, 1552, 1553, 1554, 1555, 1556, 1557, 1558, 1559, 1560, 1561, 1461, 1460, 1459, 1458, 1457, 1456, 1455, 1454, 1453, 1452, 1451, 1450, 1449, 1448, 1447, 1446, 1445, 1444, 1443, 1442, 1441, 1440, 1439, 1438, 1437, 1436, 1863, 1862, 1861, 1860, 1859, 1858, 1857, 1856, 1855, 1854, 1853, 1852, 1851, 1850, 1849, 1848, 1847, 1846, 1845, 1844, 1843, 1842, 1841, 1840, 1839, 1838, 1837, 1836, 1835, 1834, 1833, 1832, 1831, 1830, 1829, 1828, 1827, 1826, 1825, 1824, 1823, 1822, 1821, 1820, 1819, 1818, 1817, 1816, 1815, 1814, 1813, 1812, 1811, 1810, 1809, 1808, 1807, 1806, 1805, 1804, 1803, 1802, 1801, 1800, 1799, 1798, 1797, 1796, 1795, 1794, 1793, 1792, 1791, 1790, 1789, 1788, 1787, 1786, 1785, 1784, 1783, 1782, 1781, 1780, 1779, 1778, 1777, 1776, 1775, 1774, 1773, 1772, 1771, 1770, 1769, 1768, 1767, 1766, 1765, 1764, 1763, 1762, 1761, 1760, 1759, 1758, 1757, 2107, 2105, 2106, 2108, 1756, 1755, 1754, 1753, 1281, 1282, 1283, 1284, 1285, 1286, 1287, 1288, 1289, 1290, 1291, 1292, 1293, 1294, 1295, 1296, 1297, 1298, 1299, 1300, 1301, 1302, 1303, 1304, 1305, 1306, 1307, 1308, 1309, 1310, 1311, 1312, 1313, 1314, 1315, 1316, 1317, 1318, 1319, 1320, 1321, 1322, 1323, 1324, 1325, 1326, 1327, 1328, 1329, 1330, 1331, 1332, 1333, 1334, 1335, 1336, 1337, 1338, 1339, 1340, 1341, 1342, 1343, 1344, 1345, 1346, 1347, 1348, 1349, 1350, 1351, 1352, 1353, 1354, 1355, 1356, 1357, 1358, 1359, 1360, 1361, 1362, 1363, 1364, 1365, 1366, 1367, 1368, 1369, 1370, 1371, 1372, 1373, 1374, 1375, 1376, 1377, 1378, 1379, 1380, 1381, 1382, 1383, 1384, 1385, 1386, 1387, 1388, 1389, 1390, 1391, 946, 947, 886, 885, 884, 883, 882, 881, 880, 879, 878, 877, 876, 875, 874, 873, 872, 871, 870, 869, 868, 867, 866, 865, 864, 863, 862, 861, 860, 859, 858, 857, 856, 855, 854, 853, 852, 851, 850, 849, 848, 847, 846, 845, 844, 843, 842, 841, 840, 839, 838, 837, 836, 835, 834, 833, 832, 831, 830, 829, 828, 827, 826, 825, 824, 823, 822, 821, 820, 819, 818, 817, 816, 815, 814, 813, 812, 811, 810, 809, 808, 807, 806, 805, 804, 803, 802, 801, 800, 799, 798, 797, 796, 795, 794, 793, 792, 791, 790, 789, 788, 787, 786, 785, 784, 783, 782, 781, 780, 779, 778, 777, 454, 455, 456, 457, 458, 459, 460, 461, 462, 463, 464, 465, 466, 467, 468, 469, 470, 471, 472, 473, 474, 475, 476, 477, 478, 479, 480, 481, 482, 483, 484, 485, 486, 487, 488, 489, 490, 491, 492, 493, 494, 495, 496, 497, 498, 499, 500, 501, 502, 503, 504, 505, 506, 507, 508, 509, 510, 511, 512, 513, 514, 515, 516, 517, 518, 519, 520, 521, 522, 523, 524, 525, 526, 527, 528, 529, 530, 531, 532, 533, 534, 535, 536, 537, 538, 539, 540, 541, 542, 543, 544, 545, 546, 887, 888, 547, 889, 548, 890, 549, 891, 550, 892, 893, 894, 895, 896, 897, 898, 899, 900, 937, 938, 939, 560, 559, 558, 557, 556, 555, 554, 553, 552, 551, 901, 902, 903, 904, 905, 906, 907, 908, 909, 1395, 1396, 1397, 1398, 1869, 1403, 1404, 1405, 1406, 1407, 1874, 1873, 2220, 2221, 1872, 1871, 1870, 2219, 2217, 2218, 1885, 1868, 1867, 1884, 1886, 1887, 1430, 1432, 1431, 2003, 2002, 1645, 1644, 1433, 1434, 1435, 1643, 1642, 2001, 2000, 1999, 1647, 1646, 1408, 1409, 1410, 1411, 1412, 1413, 1653, 1652, 1650, 1649, 1651, 2006, 2005, 2004, 1648, 1061, 1060, 1059, 1058, 1057, 945, 944, 943, 942, 941, 940, 1429, 1428, 1427, 1426, 1883, 1866, 1865, 1864, 1425, 1424, 1394, 1393, 1392, 929, 930, 931, 932, 933, 934, 935, 936, 561, 562, 563, 564, 565, 948, 949, 950, 951, 1072, 1073, 1074, 952, 1075, 953, 1076, 954, 1077, 1078, 1079, 1080, 1081, 1082, 1083, 1084, 1085, 1086, 1185, 1186, 1187, 1188, 1189, 1190, 1191, 1192, 1193, 1194, 1195, 1196, 1197, 1198, 1199, 1200, 1201, 1202, 1203, 1204, 1205, 1206, 1207, 1208, 1209, 1210, 1211, 1212, 1213, 1214, 1215, 1216, 1217, 1218, 1219, 1220, 1221, 1222, 1223, 1224, 1225, 1226, 1227, 1228, 1229, 1230, 1231, 1232, 1233, 1234, 1235, 1236, 1237, 1238, 1239, 1240, 1241, 1242, 1243, 1244, 1245, 1246, 1247, 1248, 1249, 1250, 1251, 1252, 1253, 1254, 1255, 1256, 1257, 1258, 1259, 1260, 1261, 1262, 1263, 1264, 1265, 1266, 1267, 1268, 1269, 1270, 1271, 1272, 1273, 1274, 1275, 1276, 1277, 673, 672, 671, 670, 669, 668, 667, 666, 665, 664, 663, 662, 661, 660, 659, 658, 657, 656, 655, 654, 653, 652, 651, 650, 649, 648, 647, 646, 645, 644, 643, 642, 641, 640, 639, 638, 637, 636, 635, 634, 633, 632, 631, 630, 629, 628, 627, 626, 625, 624, 623, 622, 621, 620, 619, 618, 617, 616, 615, 614, 613, 612, 611, 610, 609, 608, 607, 606, 605, 604, 603, 602, 601, 600, 599, 598, 597, 596, 595, 594, 593, 592, 591, 590, 589, 588, 587, 586, 585, 584, 583, 582, 581, 580, 579, 578, 577, 576, 575, 574, 573, 572, 571, 570, 569, 568, 567, 566, 1062, 1063, 1064, 1065, 1066, 1067, 1068, 1069, 1070, 1071, 926, 927, 928, 1087, 1088, 1089, 1090, 1091, 1092, 1093, 1094, 1095, 1096, 1097, 1098, 1099, 1100, 1101, 1102, 1103, 1104, 1105, 1106, 1107, 1108, 1109, 1110, 1111, 1112, 1113, 1114, 1115, 1116, 1117, 1118, 1119, 1120, 1121, 1122, 1123, 1124, 1125, 1126, 1127, 1128, 1129, 1130, 1131, 1132, 1133, 1134, 1135, 1136, 1137, 1138, 1139, 1140, 1141, 1142, 1143, 1144, 1145, 1146, 1147, 1148, 1149, 1150, 1151, 1152, 1153, 1154, 1155, 1156, 1157, 1158, 1159, 1160, 1161, 1162, 1163, 1164, 1165, 1166, 1167, 1168, 1169, 1170, 1171, 1172, 1173, 1174, 1175, 1176, 1177, 1178, 1179, 1180, 1181, 1182, 1183, 1184, 1752, 1751, 1750, 1749, 2104, 2103, 2102, 2101, 2100, 1748, 1747, 1746, 2099, 1745, 2098, 1744, 2097, 1743, 2096, 1742, 2095, 1741, 2094, 1740, 2093, 1739, 2092, 1738, 2091, 1737, 2090, 1736, 2089, 1735, 2088, 1734, 2087, 1733, 2086, 1732, 2085, 1731, 2084, 1730, 2083, 1729, 2082, 1728, 2081, 1727, 2080, 1726, 2079, 1725, 2078, 1724, 2077, 1723, 2076, 1722, 2075, 1721, 2074, 1720, 2073, 1719, 2072, 1718, 2071, 1717, 2070, 1716, 2069, 1715, 2068, 1714, 2067, 1713, 2066, 1712, 2065, 1711, 2064, 1710, 2063, 1709, 2062, 1708, 1707, 1706, 1705, 1704, 1703, 1702, 1701, 1700, 1699, 1698, 1697, 1696, 1695, 1694, 1693, 1692, 1691, 1690, 1689, 1688, 1687, 1686, 1685, 1684, 1683, 1682, 1681, 1680, 1679, 1678, 1677, 1676, 1675, 1674, 1673, 1672, 1671, 1670, 1669, 1668, 1667, 1666, 1665, 1664, 1663, 1662, 1661, 1660, 1659, 1658, 1657, 1656, 1655, 1654, 1423, 1422, 1421, 1878, 1879, 1880, 1881, 1882, 2007, 2008, 2009, 2010, 2011, 2012, 2013, 2014, 2015, 2016, 2017, 2018, 2019, 2020, 2021, 2022, 2023, 2024, 2025, 2026, 2027, 2028, 2029, 2030, 2031, 2032, 2033, 2034, 2035, 2036, 2037, 2038, 2039, 2040, 2041, 2042, 2043, 2044, 2045, 2046, 2047, 2048, 2049, 2050, 2051, 2052, 2053, 2054, 2055, 2056, 2057, 2058, 2059, 2060, 2061, 2394, 2393, 2392, 2391, 2390, 2389, 2388, 2387, 2386, 2385, 2384, 2383, 2382, 2381, 2380, 2379, 2378, 2377, 2376, 2375, 2374, 2373, 2372, 2371, 2370, 2369, 2368, 2367, 2366, 2365, 2364, 2363, 2362, 2361, 2360, 2359, 2358, 2357, 2356, 2355, 2354, 2353, 2352, 2351, 2350, 2349, 2348, 2347, 2346, 2345, 2344, 2343, 2342, 2341, 2340, 2339, 2338, 2225, 2224, 2223, 2222, 1877, 1876, 1875, 1416, 1417, 1418, 1419, 1420, 925, 924, 923, 922, 921, 1415, 1414, 920, 919, 918, 917, 916, 915, 914, 913, 912, 911, 910, 1402, 1401, 1400, 1399, 772, 771, 770, 769, 768, 767, 766, 765, 764, 763, 762, 761, 760, 759, 758, 757, 756, 755, 754, 753, 752, 751, 750, 749, 748, 747, 746, 745, 744, 743, 742, 741, 740, 739, 738, 737, 736, 735, 734, 733, 732, 731, 730, 729, 728, 727, 726, 725, 724, 723, 722, 721, 720, 719, 718, 717, 716, 715, 714, 713, 712, 711, 710, 709, 708, 707, 706, 705, 704, 703, 702, 701, 700, 699, 698, 697, 696, 695, 694, 693, 692, 691, 690, 689, 688, 687, 686, 685, 684, 683, 682, 681, 680, 679, 678, 677, 676, 675, 674, 247, 248, 249, 250, 251, 252, 253, 254, 255, 256, 257, 258, 259, 260, 261, 262, 263, 264, 265, 266, 267, 268, 269, 270, 271, 272, 273, 274, 275, 276, 277, 278, 279, 280, 281, 282, 283, 284, 285, 286, 287, 288, 289, 290, 291, 292, 293, 294, 295, 296, 297, 298, 299, 300, 301, 302, 303, 304, 305, 306, 307, 308, 309, 310, 311, 312, 313, 314, 315, 316, 317, 318, 319, 320, 321, 322, 323, 324, 325, 326, 327, 328, 329, 330, 331, 332, 333, 334, 335, 336, 337, 773, 774, 775, 776, 1278, 1280, 1279, 340, 339, 338, 435, 434, 433, 432, 163, 162, 161, 431, 430, 429, 428, 427, 426, 425, 424, 423, 422, 421, 420, 419, 418, 417, 416, 415, 414, 413, 412, 411, 410, 409, 408, 407, 406, 405, 404, 403, 402, 401, 400, 399, 398, 397, 396, 395, 394, 393, 392, 391, 390, 389, 388, 387, 386, 385, 384, 383, 382, 381, 380, 379, 378, 377, 376, 375, 374, 373, 372, 371, 370, 369, 368, 367, 366, 365, 364, 363, 362, 361, 360, 359, 358, 357, 356, 355, 354, 353, 352, 351, 350, 349, 348, 347, 346, 345, 344, 343, 246, 342, 341, 245, 244, 243, 242, 241, 240, 68, 69, 70, 71, 72, 73, 74, 75, 76, 77, 78, 79, 80, 81, 82, 83, 84, 85, 86, 87, 88, 89, 90, 91, 92, 93, 94, 95, 96, 97, 98, 99, 100, 101, 102, 103, 104, 105, 106, 107, 108, 109, 110, 111, 112, 113, 114, 115, 116, 117, 118, 119, 120, 121, 122, 123, 124, 125, 126, 127, 128, 129, 130, 131, 132, 133, 134, 135, 136, 137, 138, 139, 140, 141, 142, 143, 144, 145, 146, 147, 148, 149, 150, 151, 152, 153, 154, 155, 156, 157, 158, 159, 160, 448, 447, 446, 445, 444, 443, 442, 441, 440, 439, 438, 437, 436, 239, 238, 237, 236, 235, 234, 233, 232, 231, 230, 229, 228, 227, 226, 225, 224, 223, 222, 221, 220, 219, 218, 217, 216, 215, 214, 213, 212, 211, 210, 209, 208, 207, 206, 205, 204, 203, 202, 201, 200, 199, 198, 197, 196, 195, 194, 193, 192, 191, 190, 189, 188, 187, 186, 185, 184, 183, 182, 181, 180, 179, 178, 177, 176, 175, 174, 173, 172, 171, 170, 169, 168, 167, 166, 165, 164, 7, 6, 5, 4, 3, 2, 1, 59, 60, 61, 62, 63, 64, 65, 66, 67, 8, 9, 10, 11, 12, 13, 14, 15, 16, 17, 18, 19, 20, 21, 22, 23, 24, 25, 26, 27, 28, 29, 30, 31, 32, 33, 34, 35, 36, 37, 38, 39, 40, 41, 42, 43, 44, 45, 46, 47, 48, 49, 50, 51, 52, 53, 54, 55, 56, 57, 58, 449, 450, 451, 452, 453]
comp error? 0.00037293247615660945


================================================
V7-2 (came from notebook 8, updated weights and has composition)
~~~~~
BAD WEIGHTS     compressed solution
BAD WEIGHTS     89.375 seconds
BAD WEIGHTS     1598.53 weight
BAD WEIGHTS     [5844,5845,5846,5847,5856,5857,5983,5984,5985,5986,5987,5988,5989,5990,5991,5992,5993,5994,5995,5996,5997,6066,6067,6068,6069,6070,6071,6072,6073,6002,6003,6004,6007,6008,6009,6010,6011,5885,5884,5869,5868,5867,5866,5865,5864,5863,5862,5861,5860,5859,5858,5713,5714,5715,5716,5717,5718,5719,5720,5721,5722,5723,5724,5725,5736,5737,5834,5835,5978,5930,5929,5928,6012,6013,6014,6015,6056,6057,6074,6075,6076,6077,6079,6080,6081,6082,6083,6065,6064,6063,6062,6061,5979,5980,5981,5982,5838,5837,5836,5641,5642,5640,5639,5638,5543,5542,5541,5540,5539,5538,5537,5536,5535,5528,5527,5526,5525,5524,5523,5522,5521,5520,5519,5518,5517,5516,5515,5514,5712,5711,5701,5700,5699,5696,5695,5843,5842,5841,5840,5839,5693,5692,5659,5658,5657,5656,5460,5459,5450,5449,5448,5655,5654,5653,5652,5651,5650,5446,5445,5444,5436,5435,5434,5649,5648,5647,5646,5645,5644,5643,5430,5429,5427,5426,5425,5424,5195,5194,5193,5192,5420,5421,5422,5423,5196,5199,5200,5201,5277,5278,5284,5285,5286,5287,5288,5289,5290,5291,5292,5293,5294,5295,5296,5297,5298,5299,5300,5305,5306,5307,5308,5309,5310,5311,5312,5313,5409,5410,5411,5412,5413,5176,5175,5174,5173,5172,5074,5073,5072,5066,5065,5064,5063,5062,5061,5060,5059,5058,5057,5056,5055,5054,5053,5052,5051,5050,5043,5042,5041,5040,5039,5038,5037,5036,5035,5017,5016,4965,4964,4963,4962,4961,4960,4959,5191,5190,5189,5188,5187,5186,5419,5418,5417,5416,5415,5414,5181,5182,5183,5184,5185,4956,4958,4957,4955,4954,4953,4952,4951,5179,5177,5178,5180,4950,4949,4948,4720,4721,4722,4723,4724,4725,4726,4727,4728,4729,4730,4731,4732,4733,4734,4735,4736,4737,4738,4785,4786,4787,4788,4789,4790,4791,4792,4793,4812,4813,4824,4825,4826,4827,4828,4829,4830,4831,4832,4833,4834,4835,4836,4837,4943,4944,4945,4946,4947,4719,4718,4717,4716,4715,4608,4607,4606,4605,4604,4603,4602,4601,4600,4566,4565,4564,4563,4562,4561,4560,4559,4558,4511,4510,4509,4508,4507,4506,4505,4504,4503,4502,4501,4500,4499,4498,4497,4496,4495,4274,4273,4275,4276,4277,4278,4279,4280,4281,4282,4283,4284,4285,4286,4287,4334,4335,4336,4337,4338,4339,4340,4341,4342,4379,4380,4381,4490,4491,4492,4493,4494,4272,4271,4270,4269,4268,4119,4118,4117,4116,4115,4114,4113,4112,4111,4064,4063,4062,4061,4060,4059,4058,4057,4056,4055,4054,4053,4052,4051,3833,3834,3835,3836,3840,3841,3889,3890,3891,3892,3893,3894,3895,3896,3897,4046,4047,4048,4049,4050,3828,3827,3826,3825,3824,3672,3671,3615,3614,3613,3612,3832,3830,3829,3831,3611,3610,3609,3608,3389,3390,3391,3392,3393,3394,3395,3603,3604,3605,3606,3607,3385,3384,3383,3382,3381,3172,3171,3170,3169,3168,3388,3387,3386,3165,3166,3167,2945,2946,2947,2948,2949,2950,2951,3160,3161,3162,3163,3164,2944,2943,2942,2941,2940,2731,2730,2729,2728,2727,2726,2725,2506,2507,2508,2509,2510,2613,2614,2720,2721,2722,2723,2724,2337,2336,2335,2334,2333,2229,2228,2227,2226,2505,2504,2503,2502,2501,2400,2399,2398,2397,2395,2396,2109,2110,2111,2112,2212,2213,2214,2215,2216,1888,1889,1890,1891,1994,1995,1996,1997,1998,1546,1545,1544,1543,1542,1469,1468,1467,1562,1563,1564,1565,1637,1638,1639,1640,1641,1056,1055,1054,1053,1052,978,977,971,970,969,957,956,1547,1548,1549,1550,1557,1558,1559,1560,1561,1461,1460,1448,1447,1446,1439,1438,1437,1436,1863,1862,1861,1860,1859,1760,1759,1758,1757,2108,2105,2106,2107,1756,1755,1754,1753,1281,1282,1283,1284,1286,1285,1287,1288,1387,1388,1389,1390,1391,946,947,948,949,950,951,1072,1073,1074,1075,1082,1083,1084,1085,1086,1185,1186,1187,1188,1273,1274,1275,1276,1277,673,672,671,670,669,581,580,578,577,574,573,567,566,565,564,563,562,886,885,884,883,882,881,880,869,868,782,781,780,779,778,777,454,455,456,457,461,462,483,484,544,545,546,887,888,889,890,896,897,898,899,900,937,938,939,561,560,559,555,554,553,552,551,901,902,903,904,929,930,931,932,933,934,935,936,940,942,941,1429,1428,1427,1426,1425,1424,1864,1865,1866,1867,1868,1869,1403,1404,1872,1871,1870,2220,2221,1873,1874,1405,1406,1407,1408,1409,1410,1411,1412,1413,1653,1652,1651,2006,2004,2005,1650,1649,1648,1647,1646,2000,1999,2001,1061,1060,1642,1643,1435,1434,1433,1644,1645,2002,2003,2217,2219,2218,1885,1883,1884,1886,1887,1430,1431,1432,943,944,945,1057,1058,1059,1062,1063,1064,1065,1066,1067,1068,1069,1070,1071,924,925,926,927,928,1087,1088,1089,1090,1091,1092,1093,1094,1180,1181,1182,1183,1184,1752,1751,1750,1749,2104,2103,2102,2101,2100,1748,1662,1661,1660,1659,2012,2013,2014,2015,2058,2059,2060,2061,2394,2393,2392,2391,2390,2389,2388,2387,2386,2346,2345,2344,2343,2342,2341,2340,2339,2338,2225,2224,2223,2222,1875,1876,1877,1878,1879,1880,1881,1882,2007,2008,2009,2010,2011,1658,1657,1656,1655,1654,1423,1422,1421,1420,1419,1418,1417,1416,1415,1414,921,920,912,911,1398,1397,1396,1395,1394,1393,1392,905,906,908,909,910,1402,1401,1400,1399,772,771,770,769,768,766,765,700,699,698,697,696,695,694,693,692,677,676,675,674,247,248,269,270,336,337,773,774,775,776,1278,1280,1279,340,339,338,435,434,433,432,163,162,161,431,344,343,342,341,245,244,243,242,241,240,68,69,70,71,72,73,74,148,149,155,156,158,159,160,448,447,446,445,444,443,442,441,440,439,438,437,436,239,238,237,236,235,220,219,218,216,215,167,166,165,164,7,6,4,3,2,1,59,60,61,62,63,64,65,66,67,8,54,55,56,57,58,449,450,451,452,453]
~~~~~
~~~~~
MANUAL
FIXED CODE, BAD WEIGHTS (TRAVEL CHEAPER THAN PRINT) [674,675,676,677,692,693,694,695,696,697,698,699,700,765,766,768,769,772,910,771,1401,1402,1279,1278,338,163,160,446,442,439,239,236,436,437,237,438,238,235,220,450,56,216,218,219,449,453,452,58,451,57,54,55,215,167,166,165,164,73,74,148,149,155,440,443,447,161,448,156,158,444,441,445,159,162,435,776,434,431,344,343,342,341,72,71,70,69,777,2105,778,2106,779,780,781,782,868,869,880,881,882,883,884,885,886,562,563,564,565,566,1062,1063,1064,1065,1066,1067,1068,1069,1070,1071,925,926,927,928,1087,1088,1089,1090,1091,1092,1093,1094,1180,1181,1182,671,670,669,581,580,578,577,574,573,567,1072,1073,1074,1075,1082,1083,1084,1085,1086,1185,1186,1187,1188,1273,1274,1275,1276,1750,2100,2103,672,1640,1641,673,2104,1748,1662,1661,1660,1659,1658,1657,1656,1655,1654,1423,1422,1421,1420,1419,1418,924,921,1876,2338,2341,2345,2344,2340,2223,1416,2222,1415,1877,1878,1879,1880,1881,1882,2007,2008,2009,2011,2010,2012,2013,2014,2015,2058,2061,2390,2389,2394,2393,2388,2060,2059,2387,2392,2391,2386,2346,2343,2339,2342,2225,2224,1875,1414,1417,920,912,909,908,906,905,904,903,902,901,551,552,553,554,555,559,560,561,939,938,937,900,899,898,897,896,890,889,888,887,546,545,544,484,483,462,461,457,456,68,62,65,67,66,63,2,3,4,6,7,8,64,61,241,59,60,240,1281,2395,2396,2725,3386,3829,3387,3830,3388,3831,3168,3169,3170,3171,3172,3381,3382,3383,3384,4050,3385,4049,4048,4047,4046,3897,3896,3895,3894,3893,3892,3891,3890,3889,3841,3840,3836,3835,3834,3833,3389,2946,2947,2945,3390,3391,3392,3393,3394,3395,3603,3604,3605,3606,4272,3607,4271,4270,4269,4268,4119,4118,4117,4116,4115,4114,4113,4112,4111,4064,4063,4062,4061,4060,4059,4058,4057,4056,4055,4054,4053,4052,4721,4722,4723,4497,4498,4499,4500,4501,4502,4503,4504,4505,4506,4507,4508,4509,4510,4511,4558,4559,4560,4561,4562,4563,4564,4565,4566,4600,4601,4602,4603,4604,4605,4606,4607,4608,4715,4716,4717,4718,5176,4719,5175,5641,6063,5838,6083,6062,6065,6080,5981,5980,5979,5978,5930,5929,6015,6012,6013,6014,5928,5885,6008,6009,6010,6011,6007,5884,5869,5868,5867,5866,5865,5864,5863,5862,5861,5857,5986,5989,5985,5990,5991,5995,6068,6071,6004,6003,6070,6073,6072,6069,6002,5997,5994,6066,6067,5993,5996,5992,5988,5984,5983,5987,5858,5860,5859,5856,5847,5846,5845,5844,5843,5693,5695,5692,5842,5839,5840,5841,5699,5696,5700,5701,5711,5712,5713,5714,5715,5716,5717,5718,5719,5720,5721,5722,5723,5724,5725,5736,5737,5834,5835,5836,5640,5639,5638,5543,5542,5541,5540,5539,5538,5537,5536,5535,5528,5527,5526,5525,5524,5523,5522,5521,5520,5519,5518,5517,5516,5515,5514,5460,5656,5657,5658,5659,5459,5450,5653,5654,5650,5651,5655,5652,5449,5446,5448,5445,5444,5436,5435,5646,5649,5648,5645,5434,5430,5647,5644,5643,5426,5429,5427,5424,5421,5422,5423,5417,5418,5419,5187,5188,5186,5185,5184,5183,5182,5193,5425,5416,5196,5199,5200,5201,5277,5278,5284,5285,5286,5287,5288,5289,5290,5291,5292,5293,5294,5295,5296,5297,5298,5299,5300,5305,5306,5307,5308,5309,5310,5311,5312,5313,5409,5410,5411,5412,4947,4494,3828,3164,2722,2721,2720,2614,2613,2510,2509,2508,2507,2108,2107,2506,3165,3609,3166,3608,4051,4720,5181,5192,5195,5420,5177,5178,4495,5180,4496,5179,4951,4952,4953,4954,4955,4956,4957,4958,5189,5190,5191,4959,4960,4961,4962,4963,4964,4965,5016,5017,5035,5036,5037,5038,5039,5040,5041,5042,5043,5050,5051,5052,5053,5054,5055,5056,5057,5058,5059,5060,5061,5062,5063,5064,5065,5066,5072,5073,5074,5172,5173,5174,5642,6064,6061,6057,6056,6077,6074,6075,6076,6079,6082,5837,6081,5982,5413,4946,4945,4944,4943,4837,4836,4835,4834,4833,4832,4831,4830,4829,4828,4827,4826,4825,4824,4813,4812,4793,4792,4791,4790,4789,4788,4787,4786,4785,4738,4737,4736,4735,4734,4733,4732,4731,4730,4729,4728,4727,4726,4725,4724,4950,4949,5415,5194,5414,4948,4274,4273,3832,4275,4276,4277,4278,4279,4280,4281,4282,4283,4284,4285,4286,4287,4334,4335,4336,4337,4338,4339,4340,4341,4342,4379,4380,4381,4490,4491,4492,4493,3827,3826,3825,3824,3672,3671,3615,3614,3613,3612,3611,3610,3167,2948,2949,2950,2951,3160,3161,3162,3163,2724,2723,1998,1639,1638,1053,1052,978,977,971,970,969,957,956,951,950,949,948,947,946,1391,1390,1389,1388,1387,1288,1287,1286,1285,1284,1283,1282,2109,2110,2111,2112,2212,2213,2214,2215,2216,1888,1889,1890,1891,1994,1995,1996,1997,1054,1749,1184,1056,1055,1183,2102,1752,2101,1751,1277,1546,2336,2943,2944,2337,1545,1544,1543,1542,1637,1565,1564,1563,1562,1469,1468,1467,1461,1460,1561,1560,1559,1558,1557,1550,1549,1548,1547,1448,1447,1446,1439,1438,1437,1436,1863,1862,1861,1860,1859,1760,1759,1758,1757,1756,1755,1754,2398,2399,2400,2501,2502,2503,2504,2505,2226,2227,2228,2229,2333,2334,2335,2942,2941,2940,2731,2730,2729,2728,2727,2726,2397,1753,455,454,1,242,243,244,245,247,248,269,270,336,337,773,774,775,433,340,432,339,770,1400,1280,1399,911,1405,1404,1403,1398,1397,1396,1395,1394,1393,1392,929,930,931,932,933,934,935,936,941,942,940,1429,1428,1427,1426,1425,1424,1864,1865,1866,1867,1868,1869,1885,1883,1884,1886,1887,1430,1431,1432,943,944,945,1057,1058,1059,1060,1061,2001,1999,2000,1646,1647,1648,1649,1650,2005,2004,2006,1651,1652,1653,1413,1412,1411,1410,1409,1408,1407,1406,1874,1873,2221,2220,1870,1872,1871,2219,2217,2218,2003,2002,1645,1644,1433,1434,1435,1643,1642]
< 2 seconds
BGN??? weight
uncompressed = [674, 675, 676, 677, 678, 679, 680, 681, 682, 683, 684, 685, 686, 687, 688, 689, 690, 691, 692, 693, 694, 695, 696, 697, 698, 699, 700, 701, 702, 703, 704, 705, 706, 707, 708, 709, 710, 711, 712, 713, 714, 715, 716, 717, 718, 719, 720, 721, 722, 723, 724, 725, 726, 727, 728, 729, 730, 731, 732, 733, 734, 735, 736, 737, 738, 739, 740, 741, 742, 743, 744, 745, 746, 747, 748, 749, 750, 751, 752, 753, 754, 755, 756, 757, 758, 759, 760, 761, 762, 763, 764, 765, 766, 767, 768, 769, 772, 910, 771, 1401, 1402, 1279, 1278, 338, 163, 160, 446, 442, 439, 239, 236, 436, 437, 237, 438, 238, 235, 234, 233, 232, 231, 230, 229, 228, 227, 226, 225, 224, 223, 222, 221, 220, 450, 56, 216, 217, 218, 219, 449, 453, 452, 58, 451, 57, 54, 55, 215, 214, 213, 212, 211, 210, 209, 208, 207, 206, 205, 204, 203, 202, 201, 200, 199, 198, 197, 196, 195, 194, 193, 192, 191, 190, 189, 188, 187, 186, 185, 184, 183, 182, 181, 180, 179, 178, 177, 176, 175, 174, 173, 172, 171, 170, 169, 168, 167, 166, 165, 164, 73, 74, 75, 76, 77, 78, 79, 80, 81, 82, 83, 84, 85, 86, 87, 88, 89, 90, 91, 92, 93, 94, 95, 96, 97, 98, 99, 100, 101, 102, 103, 104, 105, 106, 107, 108, 109, 110, 111, 112, 113, 114, 115, 116, 117, 118, 119, 120, 121, 122, 123, 124, 125, 126, 127, 128, 129, 130, 131, 132, 133, 134, 135, 136, 137, 138, 139, 140, 141, 142, 143, 144, 145, 146, 147, 148, 149, 150, 151, 152, 153, 154, 155, 440, 443, 447, 161, 448, 156, 157, 158, 444, 441, 445, 159, 162, 435, 776, 434, 431, 430, 429, 428, 427, 426, 425, 424, 423, 422, 421, 420, 419, 418, 417, 416, 415, 414, 413, 412, 411, 410, 409, 408, 407, 406, 405, 404, 403, 402, 401, 400, 399, 398, 397, 396, 395, 394, 393, 392, 391, 390, 389, 388, 387, 386, 385, 384, 383, 382, 381, 380, 379, 378, 377, 376, 375, 374, 373, 372, 371, 370, 369, 368, 367, 366, 365, 364, 363, 362, 361, 360, 359, 358, 357, 356, 355, 354, 353, 352, 351, 350, 349, 348, 347, 346, 345, 344, 343, 342, 341, 72, 71, 70, 69, 777, 2105, 778, 2106, 779, 780, 781, 782, 783, 784, 785, 786, 787, 788, 789, 790, 791, 792, 793, 794, 795, 796, 797, 798, 799, 800, 801, 802, 803, 804, 805, 806, 807, 808, 809, 810, 811, 812, 813, 814, 815, 816, 817, 818, 819, 820, 821, 822, 823, 824, 825, 826, 827, 828, 829, 830, 831, 832, 833, 834, 835, 836, 837, 838, 839, 840, 841, 842, 843, 844, 845, 846, 847, 848, 849, 850, 851, 852, 853, 854, 855, 856, 857, 858, 859, 860, 861, 862, 863, 864, 865, 866, 867, 868, 869, 870, 871, 872, 873, 874, 875, 876, 877, 878, 879, 880, 881, 882, 883, 884, 885, 886, 562, 563, 564, 565, 566, 1062, 1063, 1064, 1065, 1066, 1067, 1068, 1069, 1070, 1071, 925, 926, 927, 928, 1087, 1088, 1089, 1090, 1091, 1092, 1093, 1094, 1095, 1096, 1097, 1098, 1099, 1100, 1101, 1102, 1103, 1104, 1105, 1106, 1107, 1108, 1109, 1110, 1111, 1112, 1113, 1114, 1115, 1116, 1117, 1118, 1119, 1120, 1121, 1122, 1123, 1124, 1125, 1126, 1127, 1128, 1129, 1130, 1131, 1132, 1133, 1134, 1135, 1136, 1137, 1138, 1139, 1140, 1141, 1142, 1143, 1144, 1145, 1146, 1147, 1148, 1149, 1150, 1151, 1152, 1153, 1154, 1155, 1156, 1157, 1158, 1159, 1160, 1161, 1162, 1163, 1164, 1165, 1166, 1167, 1168, 1169, 1170, 1171, 1172, 1173, 1174, 1175, 1176, 1177, 1178, 1179, 1180, 1181, 1182, 671, 670, 669, 668, 667, 666, 665, 664, 663, 662, 661, 660, 659, 658, 657, 656, 655, 654, 653, 652, 651, 650, 649, 648, 647, 646, 645, 644, 643, 642, 641, 640, 639, 638, 637, 636, 635, 634, 633, 632, 631, 630, 629, 628, 627, 626, 625, 624, 623, 622, 621, 620, 619, 618, 617, 616, 615, 614, 613, 612, 611, 610, 609, 608, 607, 606, 605, 604, 603, 602, 601, 600, 599, 598, 597, 596, 595, 594, 593, 592, 591, 590, 589, 588, 587, 586, 585, 584, 583, 582, 581, 580, 579, 578, 577, 576, 575, 574, 573, 572, 571, 570, 569, 568, 567, 1072, 1073, 1074, 1075, 1076, 1077, 1078, 1079, 1080, 1081, 1082, 1083, 1084, 1085, 1086, 1185, 1186, 1187, 1188, 1189, 1190, 1191, 1192, 1193, 1194, 1195, 1196, 1197, 1198, 1199, 1200, 1201, 1202, 1203, 1204, 1205, 1206, 1207, 1208, 1209, 1210, 1211, 1212, 1213, 1214, 1215, 1216, 1217, 1218, 1219, 1220, 1221, 1222, 1223, 1224, 1225, 1226, 1227, 1228, 1229, 1230, 1231, 1232, 1233, 1234, 1235, 1236, 1237, 1238, 1239, 1240, 1241, 1242, 1243, 1244, 1245, 1246, 1247, 1248, 1249, 1250, 1251, 1252, 1253, 1254, 1255, 1256, 1257, 1258, 1259, 1260, 1261, 1262, 1263, 1264, 1265, 1266, 1267, 1268, 1269, 1270, 1271, 1272, 1273, 1274, 1275, 1276, 1750, 2100, 2103, 672, 1640, 1641, 673, 2104, 1748, 1747, 1746, 1745, 1744, 1743, 1742, 1741, 1740, 1739, 1738, 1737, 1736, 1735, 1734, 1733, 1732, 1731, 1730, 1729, 1728, 1727, 1726, 1725, 1724, 1723, 1722, 1721, 1720, 1719, 1718, 1717, 1716, 1715, 1714, 1713, 1712, 1711, 1710, 1709, 1708, 1707, 1706, 1705, 1704, 1703, 1702, 1701, 1700, 1699, 1698, 1697, 1696, 1695, 1694, 1693, 1692, 1691, 1690, 1689, 1688, 1687, 1686, 1685, 1684, 1683, 1682, 1681, 1680, 1679, 1678, 1677, 1676, 1675, 1674, 1673, 1672, 1671, 1670, 1669, 1668, 1667, 1666, 1665, 1664, 1663, 1662, 1661, 1660, 1659, 1658, 1657, 1656, 1655, 1654, 1423, 1422, 1421, 1420, 1419, 1418, 924, 923, 922, 921, 1876, 2338, 2341, 2345, 2344, 2340, 2223, 1416, 2222, 1415, 1877, 1878, 1879, 1880, 1881, 1882, 2007, 2008, 2009, 2011, 2010, 2012, 2013, 2014, 2015, 2016, 2017, 2018, 2019, 2020, 2021, 2022, 2023, 2024, 2025, 2026, 2027, 2028, 2029, 2030, 2031, 2032, 2033, 2034, 2035, 2036, 2037, 2038, 2039, 2040, 2041, 2042, 2043, 2044, 2045, 2046, 2047, 2048, 2049, 2050, 2051, 2052, 2053, 2054, 2055, 2056, 2057, 2058, 2061, 2390, 2389, 2394, 2393, 2388, 2060, 2059, 2387, 2392, 2391, 2386, 2385, 2384, 2383, 2382, 2381, 2380, 2379, 2378, 2377, 2376, 2375, 2374, 2373, 2372, 2371, 2370, 2369, 2368, 2367, 2366, 2365, 2364, 2363, 2362, 2361, 2360, 2359, 2358, 2357, 2356, 2355, 2354, 2353, 2352, 2351, 2350, 2349, 2348, 2347, 2346, 2343, 2339, 2342, 2225, 2224, 1875, 1414, 1417, 920, 919, 918, 917, 916, 915, 914, 913, 912, 909, 908, 907, 906, 905, 904, 903, 902, 901, 551, 552, 553, 554, 555, 556, 557, 558, 559, 560, 561, 939, 938, 937, 900, 899, 898, 897, 896, 895, 894, 893, 892, 891, 890, 889, 888, 887, 546, 545, 544, 543, 542, 541, 540, 539, 538, 537, 536, 535, 534, 533, 532, 531, 530, 529, 528, 527, 526, 525, 524, 523, 522, 521, 520, 519, 518, 517, 516, 515, 514, 513, 512, 511, 510, 509, 508, 507, 506, 505, 504, 503, 502, 501, 500, 499, 498, 497, 496, 495, 494, 493, 492, 491, 490, 489, 488, 487, 486, 485, 484, 483, 482, 481, 480, 479, 478, 477, 476, 475, 474, 473, 472, 471, 470, 469, 468, 467, 466, 465, 464, 463, 462, 461, 460, 459, 458, 457, 456, 68, 62, 65, 67, 66, 63, 2, 3, 4, 5, 6, 7, 8, 64, 61, 241, 59, 60, 240, 1281, 2395, 2396, 2725, 3386, 3829, 3387, 3830, 3388, 3831, 3168, 3169, 3170, 3171, 3172, 3173, 3174, 3175, 3176, 3177, 3178, 3179, 3180, 3181, 3182, 3183, 3184, 3185, 3186, 3187, 3188, 3189, 3190, 3191, 3192, 3193, 3194, 3195, 3196, 3197, 3198, 3199, 3200, 3201, 3202, 3203, 3204, 3205, 3206, 3207, 3208, 3209, 3210, 3211, 3212, 3213, 3214, 3215, 3216, 3217, 3218, 3219, 3220, 3221, 3222, 3223, 3224, 3225, 3226, 3227, 3228, 3229, 3230, 3231, 3232, 3233, 3234, 3235, 3236, 3237, 3238, 3239, 3240, 3241, 3242, 3243, 3244, 3245, 3246, 3247, 3248, 3249, 3250, 3251, 3252, 3253, 3254, 3255, 3256, 3257, 3258, 3259, 3260, 3261, 3262, 3263, 3264, 3265, 3266, 3267, 3268, 3269, 3270, 3271, 3272, 3273, 3274, 3275, 3276, 3277, 3278, 3279, 3280, 3281, 3282, 3283, 3284, 3285, 3286, 3287, 3288, 3289, 3290, 3291, 3292, 3293, 3294, 3295, 3296, 3297, 3298, 3299, 3300, 3301, 3302, 3303, 3304, 3305, 3306, 3307, 3308, 3309, 3310, 3311, 3312, 3313, 3314, 3315, 3316, 3317, 3318, 3319, 3320, 3321, 3322, 3323, 3324, 3325, 3326, 3327, 3328, 3329, 3330, 3331, 3332, 3333, 3334, 3335, 3336, 3337, 3338, 3339, 3340, 3341, 3342, 3343, 3344, 3345, 3346, 3347, 3348, 3349, 3350, 3351, 3352, 3353, 3354, 3355, 3356, 3357, 3358, 3359, 3360, 3361, 3362, 3363, 3364, 3365, 3366, 3367, 3368, 3369, 3370, 3371, 3372, 3373, 3374, 3375, 3376, 3377, 3378, 3379, 3380, 3381, 3382, 3383, 3384, 4050, 3385, 4049, 4048, 4047, 4046, 4045, 4044, 4043, 4042, 4041, 4040, 4039, 4038, 4037, 4036, 4035, 4034, 4033, 4032, 4031, 4030, 4029, 4028, 4027, 4026, 4025, 4024, 4023, 4022, 4021, 4020, 4019, 4018, 4017, 4016, 4015, 4014, 4013, 4012, 4011, 4010, 4009, 4008, 4007, 4006, 4005, 4004, 4003, 4002, 4001, 4000, 3999, 3998, 3997, 3996, 3995, 3994, 3993, 3992, 3991, 3990, 3989, 3988, 3987, 3986, 3985, 3984, 3983, 3982, 3981, 3980, 3979, 3978, 3977, 3976, 3975, 3974, 3973, 3972, 3971, 3970, 3969, 3968, 3967, 3966, 3965, 3964, 3963, 3962, 3961, 3960, 3959, 3958, 3957, 3956, 3955, 3954, 3953, 3952, 3951, 3950, 3949, 3948, 3947, 3946, 3945, 3944, 3943, 3942, 3941, 3940, 3939, 3938, 3937, 3936, 3935, 3934, 3933, 3932, 3931, 3930, 3929, 3928, 3927, 3926, 3925, 3924, 3923, 3922, 3921, 3920, 3919, 3918, 3917, 3916, 3915, 3914, 3913, 3912, 3911, 3910, 3909, 3908, 3907, 3906, 3905, 3904, 3903, 3902, 3901, 3900, 3899, 3898, 3897, 3896, 3895, 3894, 3893, 3892, 3891, 3890, 3889, 3888, 3887, 3886, 3885, 3884, 3883, 3882, 3881, 3880, 3879, 3878, 3877, 3876, 3875, 3874, 3873, 3872, 3871, 3870, 3869, 3868, 3867, 3866, 3865, 3864, 3863, 3862, 3861, 3860, 3859, 3858, 3857, 3856, 3855, 3854, 3853, 3852, 3851, 3850, 3849, 3848, 3847, 3846, 3845, 3844, 3843, 3842, 3841, 3840, 3839, 3838, 3837, 3836, 3835, 3834, 3833, 3389, 2946, 2947, 2945, 3390, 3391, 3392, 3393, 3394, 3395, 3396, 3397, 3398, 3399, 3400, 3401, 3402, 3403, 3404, 3405, 3406, 3407, 3408, 3409, 3410, 3411, 3412, 3413, 3414, 3415, 3416, 3417, 3418, 3419, 3420, 3421, 3422, 3423, 3424, 3425, 3426, 3427, 3428, 3429, 3430, 3431, 3432, 3433, 3434, 3435, 3436, 3437, 3438, 3439, 3440, 3441, 3442, 3443, 3444, 3445, 3446, 3447, 3448, 3449, 3450, 3451, 3452, 3453, 3454, 3455, 3456, 3457, 3458, 3459, 3460, 3461, 3462, 3463, 3464, 3465, 3466, 3467, 3468, 3469, 3470, 3471, 3472, 3473, 3474, 3475, 3476, 3477, 3478, 3479, 3480, 3481, 3482, 3483, 3484, 3485, 3486, 3487, 3488, 3489, 3490, 3491, 3492, 3493, 3494, 3495, 3496, 3497, 3498, 3499, 3500, 3501, 3502, 3503, 3504, 3505, 3506, 3507, 3508, 3509, 3510, 3511, 3512, 3513, 3514, 3515, 3516, 3517, 3518, 3519, 3520, 3521, 3522, 3523, 3524, 3525, 3526, 3527, 3528, 3529, 3530, 3531, 3532, 3533, 3534, 3535, 3536, 3537, 3538, 3539, 3540, 3541, 3542, 3543, 3544, 3545, 3546, 3547, 3548, 3549, 3550, 3551, 3552, 3553, 3554, 3555, 3556, 3557, 3558, 3559, 3560, 3561, 3562, 3563, 3564, 3565, 3566, 3567, 3568, 3569, 3570, 3571, 3572, 3573, 3574, 3575, 3576, 3577, 3578, 3579, 3580, 3581, 3582, 3583, 3584, 3585, 3586, 3587, 3588, 3589, 3590, 3591, 3592, 3593, 3594, 3595, 3596, 3597, 3598, 3599, 3600, 3601, 3602, 3603, 3604, 3605, 3606, 4272, 3607, 4271, 4270, 4269, 4268, 4267, 4266, 4265, 4264, 4263, 4262, 4261, 4260, 4259, 4258, 4257, 4256, 4255, 4254, 4253, 4252, 4251, 4250, 4249, 4248, 4247, 4246, 4245, 4244, 4243, 4242, 4241, 4240, 4239, 4238, 4237, 4236, 4235, 4234, 4233, 4232, 4231, 4230, 4229, 4228, 4227, 4226, 4225, 4224, 4223, 4222, 4221, 4220, 4219, 4218, 4217, 4216, 4215, 4214, 4213, 4212, 4211, 4210, 4209, 4208, 4207, 4206, 4205, 4204, 4203, 4202, 4201, 4200, 4199, 4198, 4197, 4196, 4195, 4194, 4193, 4192, 4191, 4190, 4189, 4188, 4187, 4186, 4185, 4184, 4183, 4182, 4181, 4180, 4179, 4178, 4177, 4176, 4175, 4174, 4173, 4172, 4171, 4170, 4169, 4168, 4167, 4166, 4165, 4164, 4163, 4162, 4161, 4160, 4159, 4158, 4157, 4156, 4155, 4154, 4153, 4152, 4151, 4150, 4149, 4148, 4147, 4146, 4145, 4144, 4143, 4142, 4141, 4140, 4139, 4138, 4137, 4136, 4135, 4134, 4133, 4132, 4131, 4130, 4129, 4128, 4127, 4126, 4125, 4124, 4123, 4122, 4121, 4120, 4119, 4118, 4117, 4116, 4115, 4114, 4113, 4112, 4111, 4110, 4109, 4108, 4107, 4106, 4105, 4104, 4103, 4102, 4101, 4100, 4099, 4098, 4097, 4096, 4095, 4094, 4093, 4092, 4091, 4090, 4089, 4088, 4087, 4086, 4085, 4084, 4083, 4082, 4081, 4080, 4079, 4078, 4077, 4076, 4075, 4074, 4073, 4072, 4071, 4070, 4069, 4068, 4067, 4066, 4065, 4064, 4063, 4062, 4061, 4060, 4059, 4058, 4057, 4056, 4055, 4054, 4053, 4052, 4721, 4722, 4723, 4497, 4498, 4499, 4500, 4501, 4502, 4503, 4504, 4505, 4506, 4507, 4508, 4509, 4510, 4511, 4512, 4513, 4514, 4515, 4516, 4517, 4518, 4519, 4520, 4521, 4522, 4523, 4524, 4525, 4526, 4527, 4528, 4529, 4530, 4531, 4532, 4533, 4534, 4535, 4536, 4537, 4538, 4539, 4540, 4541, 4542, 4543, 4544, 4545, 4546, 4547, 4548, 4549, 4550, 4551, 4552, 4553, 4554, 4555, 4556, 4557, 4558, 4559, 4560, 4561, 4562, 4563, 4564, 4565, 4566, 4567, 4568, 4569, 4570, 4571, 4572, 4573, 4574, 4575, 4576, 4577, 4578, 4579, 4580, 4581, 4582, 4583, 4584, 4585, 4586, 4587, 4588, 4589, 4590, 4591, 4592, 4593, 4594, 4595, 4596, 4597, 4598, 4599, 4600, 4601, 4602, 4603, 4604, 4605, 4606, 4607, 4608, 4609, 4610, 4611, 4612, 4613, 4614, 4615, 4616, 4617, 4618, 4619, 4620, 4621, 4622, 4623, 4624, 4625, 4626, 4627, 4628, 4629, 4630, 4631, 4632, 4633, 4634, 4635, 4636, 4637, 4638, 4639, 4640, 4641, 4642, 4643, 4644, 4645, 4646, 4647, 4648, 4649, 4650, 4651, 4652, 4653, 4654, 4655, 4656, 4657, 4658, 4659, 4660, 4661, 4662, 4663, 4664, 4665, 4666, 4667, 4668, 4669, 4670, 4671, 4672, 4673, 4674, 4675, 4676, 4677, 4678, 4679, 4680, 4681, 4682, 4683, 4684, 4685, 4686, 4687, 4688, 4689, 4690, 4691, 4692, 4693, 4694, 4695, 4696, 4697, 4698, 4699, 4700, 4701, 4702, 4703, 4704, 4705, 4706, 4707, 4708, 4709, 4710, 4711, 4712, 4713, 4714, 4715, 4716, 4717, 4718, 5176, 4719, 5175, 5641, 6063, 5838, 6083, 6062, 6065, 6080, 5981, 5980, 5979, 5978, 5977, 5976, 5975, 5974, 5973, 5972, 5971, 5970, 5969, 5968, 5967, 5966, 5965, 5964, 5963, 5962, 5961, 5960, 5959, 5958, 5957, 5956, 5955, 5954, 5953, 5952, 5951, 5950, 5949, 5948, 5947, 5946, 5945, 5944, 5943, 5942, 5941, 5940, 5939, 5938, 5937, 5936, 5935, 5934, 5933, 5932, 5931, 5930, 5929, 6015, 6012, 6013, 6014, 5928, 5927, 5926, 5925, 5924, 5923, 5922, 5921, 5920, 5919, 5918, 5917, 5916, 5915, 5914, 5913, 5912, 5911, 5910, 5909, 5908, 5907, 5906, 5905, 5904, 5903, 5902, 5901, 5900, 5899, 5898, 5897, 5896, 5895, 5894, 5893, 5892, 5891, 5890, 5889, 5888, 5887, 5886, 5885, 6008, 6009, 6010, 6011, 6007, 5884, 5883, 5882, 5881, 5880, 5879, 5878, 5877, 5876, 5875, 5874, 5873, 5872, 5871, 5870, 5869, 5868, 5867, 5866, 5865, 5864, 5863, 5862, 5861, 5857, 5986, 5989, 5985, 5990, 5991, 5995, 6068, 6071, 6004, 6003, 6070, 6073, 6072, 6069, 6002, 6001, 6000, 5999, 5998, 5997, 5994, 6066, 6067, 5993, 5996, 5992, 5988, 5984, 5983, 5987, 5858, 5860, 5859, 5856, 5855, 5854, 5853, 5852, 5851, 5850, 5849, 5848, 5847, 5846, 5845, 5844, 5843, 5693, 5694, 5695, 5692, 5842, 5839, 5840, 5841, 5699, 5698, 5697, 5696, 5700, 5701, 5702, 5703, 5704, 5705, 5706, 5707, 5708, 5709, 5710, 5711, 5712, 5713, 5714, 5715, 5716, 5717, 5718, 5719, 5720, 5721, 5722, 5723, 5724, 5725, 5726, 5727, 5728, 5729, 5730, 5731, 5732, 5733, 5734, 5735, 5736, 5737, 5738, 5739, 5740, 5741, 5742, 5743, 5744, 5745, 5746, 5747, 5748, 5749, 5750, 5751, 5752, 5753, 5754, 5755, 5756, 5757, 5758, 5759, 5760, 5761, 5762, 5763, 5764, 5765, 5766, 5767, 5768, 5769, 5770, 5771, 5772, 5773, 5774, 5775, 5776, 5777, 5778, 5779, 5780, 5781, 5782, 5783, 5784, 5785, 5786, 5787, 5788, 5789, 5790, 5791, 5792, 5793, 5794, 5795, 5796, 5797, 5798, 5799, 5800, 5801, 5802, 5803, 5804, 5805, 5806, 5807, 5808, 5809, 5810, 5811, 5812, 5813, 5814, 5815, 5816, 5817, 5818, 5819, 5820, 5821, 5822, 5823, 5824, 5825, 5826, 5827, 5828, 5829, 5830, 5831, 5832, 5833, 5834, 5835, 5836, 5640, 5639, 5638, 5637, 5636, 5635, 5634, 5633, 5632, 5631, 5630, 5629, 5628, 5627, 5626, 5625, 5624, 5623, 5622, 5621, 5620, 5619, 5618, 5617, 5616, 5615, 5614, 5613, 5612, 5611, 5610, 5609, 5608, 5607, 5606, 5605, 5604, 5603, 5602, 5601, 5600, 5599, 5598, 5597, 5596, 5595, 5594, 5593, 5592, 5591, 5590, 5589, 5588, 5587, 5586, 5585, 5584, 5583, 5582, 5581, 5580, 5579, 5578, 5577, 5576, 5575, 5574, 5573, 5572, 5571, 5570, 5569, 5568, 5567, 5566, 5565, 5564, 5563, 5562, 5561, 5560, 5559, 5558, 5557, 5556, 5555, 5554, 5553, 5552, 5551, 5550, 5549, 5548, 5547, 5546, 5545, 5544, 5543, 5542, 5541, 5540, 5539, 5538, 5537, 5536, 5535, 5534, 5533, 5532, 5531, 5530, 5529, 5528, 5527, 5526, 5525, 5524, 5523, 5522, 5521, 5520, 5519, 5518, 5517, 5516, 5515, 5514, 5513, 5512, 5511, 5510, 5509, 5508, 5507, 5506, 5505, 5504, 5503, 5502, 5501, 5500, 5499, 5498, 5497, 5496, 5495, 5494, 5493, 5492, 5491, 5490, 5489, 5488, 5487, 5486, 5485, 5484, 5483, 5482, 5481, 5480, 5479, 5478, 5477, 5476, 5475, 5474, 5473, 5472, 5471, 5470, 5469, 5468, 5467, 5466, 5465, 5464, 5463, 5462, 5461, 5460, 5656, 5657, 5658, 5659, 5459, 5458, 5457, 5456, 5455, 5454, 5453, 5452, 5451, 5450, 5653, 5654, 5650, 5651, 5655, 5652, 5449, 5446, 5447, 5448, 5445, 5444, 5443, 5442, 5441, 5440, 5439, 5438, 5437, 5436, 5435, 5646, 5649, 5648, 5645, 5434, 5433, 5432, 5431, 5430, 5647, 5644, 5643, 5426, 5429, 5428, 5427, 5424, 5421, 5422, 5423, 5417, 5418, 5419, 5187, 5188, 5186, 5185, 5184, 5183, 5182, 5193, 5425, 5416, 5196, 5197, 5198, 5199, 5200, 5201, 5202, 5203, 5204, 5205, 5206, 5207, 5208, 5209, 5210, 5211, 5212, 5213, 5214, 5215, 5216, 5217, 5218, 5219, 5220, 5221, 5222, 5223, 5224, 5225, 5226, 5227, 5228, 5229, 5230, 5231, 5232, 5233, 5234, 5235, 5236, 5237, 5238, 5239, 5240, 5241, 5242, 5243, 5244, 5245, 5246, 5247, 5248, 5249, 5250, 5251, 5252, 5253, 5254, 5255, 5256, 5257, 5258, 5259, 5260, 5261, 5262, 5263, 5264, 5265, 5266, 5267, 5268, 5269, 5270, 5271, 5272, 5273, 5274, 5275, 5276, 5277, 5278, 5279, 5280, 5281, 5282, 5283, 5284, 5285, 5286, 5287, 5288, 5289, 5290, 5291, 5292, 5293, 5294, 5295, 5296, 5297, 5298, 5299, 5300, 5301, 5302, 5303, 5304, 5305, 5306, 5307, 5308, 5309, 5310, 5311, 5312, 5313, 5314, 5315, 5316, 5317, 5318, 5319, 5320, 5321, 5322, 5323, 5324, 5325, 5326, 5327, 5328, 5329, 5330, 5331, 5332, 5333, 5334, 5335, 5336, 5337, 5338, 5339, 5340, 5341, 5342, 5343, 5344, 5345, 5346, 5347, 5348, 5349, 5350, 5351, 5352, 5353, 5354, 5355, 5356, 5357, 5358, 5359, 5360, 5361, 5362, 5363, 5364, 5365, 5366, 5367, 5368, 5369, 5370, 5371, 5372, 5373, 5374, 5375, 5376, 5377, 5378, 5379, 5380, 5381, 5382, 5383, 5384, 5385, 5386, 5387, 5388, 5389, 5390, 5391, 5392, 5393, 5394, 5395, 5396, 5397, 5398, 5399, 5400, 5401, 5402, 5403, 5404, 5405, 5406, 5407, 5408, 5409, 5410, 5411, 5412, 4947, 4494, 3828, 3164, 2722, 2721, 2720, 2719, 2718, 2717, 2716, 2715, 2714, 2713, 2712, 2711, 2710, 2709, 2708, 2707, 2706, 2705, 2704, 2703, 2702, 2701, 2700, 2699, 2698, 2697, 2696, 2695, 2694, 2693, 2692, 2691, 2690, 2689, 2688, 2687, 2686, 2685, 2684, 2683, 2682, 2681, 2680, 2679, 2678, 2677, 2676, 2675, 2674, 2673, 2672, 2671, 2670, 2669, 2668, 2667, 2666, 2665, 2664, 2663, 2662, 2661, 2660, 2659, 2658, 2657, 2656, 2655, 2654, 2653, 2652, 2651, 2650, 2649, 2648, 2647, 2646, 2645, 2644, 2643, 2642, 2641, 2640, 2639, 2638, 2637, 2636, 2635, 2634, 2633, 2632, 2631, 2630, 2629, 2628, 2627, 2626, 2625, 2624, 2623, 2622, 2621, 2620, 2619, 2618, 2617, 2616, 2615, 2614, 2613, 2612, 2611, 2610, 2609, 2608, 2607, 2606, 2605, 2604, 2603, 2602, 2601, 2600, 2599, 2598, 2597, 2596, 2595, 2594, 2593, 2592, 2591, 2590, 2589, 2588, 2587, 2586, 2585, 2584, 2583, 2582, 2581, 2580, 2579, 2578, 2577, 2576, 2575, 2574, 2573, 2572, 2571, 2570, 2569, 2568, 2567, 2566, 2565, 2564, 2563, 2562, 2561, 2560, 2559, 2558, 2557, 2556, 2555, 2554, 2553, 2552, 2551, 2550, 2549, 2548, 2547, 2546, 2545, 2544, 2543, 2542, 2541, 2540, 2539, 2538, 2537, 2536, 2535, 2534, 2533, 2532, 2531, 2530, 2529, 2528, 2527, 2526, 2525, 2524, 2523, 2522, 2521, 2520, 2519, 2518, 2517, 2516, 2515, 2514, 2513, 2512, 2511, 2510, 2509, 2508, 2507, 2108, 2107, 2506, 3165, 3609, 3166, 3608, 4051, 4720, 5181, 5192, 5195, 5420, 5177, 5178, 4495, 5180, 4496, 5179, 4951, 4952, 4953, 4954, 4955, 4956, 4957, 4958, 5189, 5190, 5191, 4959, 4960, 4961, 4962, 4963, 4964, 4965, 4966, 4967, 4968, 4969, 4970, 4971, 4972, 4973, 4974, 4975, 4976, 4977, 4978, 4979, 4980, 4981, 4982, 4983, 4984, 4985, 4986, 4987, 4988, 4989, 4990, 4991, 4992, 4993, 4994, 4995, 4996, 4997, 4998, 4999, 5000, 5001, 5002, 5003, 5004, 5005, 5006, 5007, 5008, 5009, 5010, 5011, 5012, 5013, 5014, 5015, 5016, 5017, 5018, 5019, 5020, 5021, 5022, 5023, 5024, 5025, 5026, 5027, 5028, 5029, 5030, 5031, 5032, 5033, 5034, 5035, 5036, 5037, 5038, 5039, 5040, 5041, 5042, 5043, 5044, 5045, 5046, 5047, 5048, 5049, 5050, 5051, 5052, 5053, 5054, 5055, 5056, 5057, 5058, 5059, 5060, 5061, 5062, 5063, 5064, 5065, 5066, 5067, 5068, 5069, 5070, 5071, 5072, 5073, 5074, 5075, 5076, 5077, 5078, 5079, 5080, 5081, 5082, 5083, 5084, 5085, 5086, 5087, 5088, 5089, 5090, 5091, 5092, 5093, 5094, 5095, 5096, 5097, 5098, 5099, 5100, 5101, 5102, 5103, 5104, 5105, 5106, 5107, 5108, 5109, 5110, 5111, 5112, 5113, 5114, 5115, 5116, 5117, 5118, 5119, 5120, 5121, 5122, 5123, 5124, 5125, 5126, 5127, 5128, 5129, 5130, 5131, 5132, 5133, 5134, 5135, 5136, 5137, 5138, 5139, 5140, 5141, 5142, 5143, 5144, 5145, 5146, 5147, 5148, 5149, 5150, 5151, 5152, 5153, 5154, 5155, 5156, 5157, 5158, 5159, 5160, 5161, 5162, 5163, 5164, 5165, 5166, 5167, 5168, 5169, 5170, 5171, 5172, 5173, 5174, 5642, 6064, 6061, 6060, 6059, 6058, 6057, 6056, 6077, 6074, 6075, 6076, 6079, 6082, 5837, 6081, 5982, 5413, 4946, 4945, 4944, 4943, 4942, 4941, 4940, 4939, 4938, 4937, 4936, 4935, 4934, 4933, 4932, 4931, 4930, 4929, 4928, 4927, 4926, 4925, 4924, 4923, 4922, 4921, 4920, 4919, 4918, 4917, 4916, 4915, 4914, 4913, 4912, 4911, 4910, 4909, 4908, 4907, 4906, 4905, 4904, 4903, 4902, 4901, 4900, 4899, 4898, 4897, 4896, 4895, 4894, 4893, 4892, 4891, 4890, 4889, 4888, 4887, 4886, 4885, 4884, 4883, 4882, 4881, 4880, 4879, 4878, 4877, 4876, 4875, 4874, 4873, 4872, 4871, 4870, 4869, 4868, 4867, 4866, 4865, 4864, 4863, 4862, 4861, 4860, 4859, 4858, 4857, 4856, 4855, 4854, 4853, 4852, 4851, 4850, 4849, 4848, 4847, 4846, 4845, 4844, 4843, 4842, 4841, 4840, 4839, 4838, 4837, 4836, 4835, 4834, 4833, 4832, 4831, 4830, 4829, 4828, 4827, 4826, 4825, 4824, 4823, 4822, 4821, 4820, 4819, 4818, 4817, 4816, 4815, 4814, 4813, 4812, 4811, 4810, 4809, 4808, 4807, 4806, 4805, 4804, 4803, 4802, 4801, 4800, 4799, 4798, 4797, 4796, 4795, 4794, 4793, 4792, 4791, 4790, 4789, 4788, 4787, 4786, 4785, 4784, 4783, 4782, 4781, 4780, 4779, 4778, 4777, 4776, 4775, 4774, 4773, 4772, 4771, 4770, 4769, 4768, 4767, 4766, 4765, 4764, 4763, 4762, 4761, 4760, 4759, 4758, 4757, 4756, 4755, 4754, 4753, 4752, 4751, 4750, 4749, 4748, 4747, 4746, 4745, 4744, 4743, 4742, 4741, 4740, 4739, 4738, 4737, 4736, 4735, 4734, 4733, 4732, 4731, 4730, 4729, 4728, 4727, 4726, 4725, 4724, 4950, 4949, 5415, 5194, 5414, 4948, 4274, 4273, 3832, 4275, 4276, 4277, 4278, 4279, 4280, 4281, 4282, 4283, 4284, 4285, 4286, 4287, 4288, 4289, 4290, 4291, 4292, 4293, 4294, 4295, 4296, 4297, 4298, 4299, 4300, 4301, 4302, 4303, 4304, 4305, 4306, 4307, 4308, 4309, 4310, 4311, 4312, 4313, 4314, 4315, 4316, 4317, 4318, 4319, 4320, 4321, 4322, 4323, 4324, 4325, 4326, 4327, 4328, 4329, 4330, 4331, 4332, 4333, 4334, 4335, 4336, 4337, 4338, 4339, 4340, 4341, 4342, 4343, 4344, 4345, 4346, 4347, 4348, 4349, 4350, 4351, 4352, 4353, 4354, 4355, 4356, 4357, 4358, 4359, 4360, 4361, 4362, 4363, 4364, 4365, 4366, 4367, 4368, 4369, 4370, 4371, 4372, 4373, 4374, 4375, 4376, 4377, 4378, 4379, 4380, 4381, 4382, 4383, 4384, 4385, 4386, 4387, 4388, 4389, 4390, 4391, 4392, 4393, 4394, 4395, 4396, 4397, 4398, 4399, 4400, 4401, 4402, 4403, 4404, 4405, 4406, 4407, 4408, 4409, 4410, 4411, 4412, 4413, 4414, 4415, 4416, 4417, 4418, 4419, 4420, 4421, 4422, 4423, 4424, 4425, 4426, 4427, 4428, 4429, 4430, 4431, 4432, 4433, 4434, 4435, 4436, 4437, 4438, 4439, 4440, 4441, 4442, 4443, 4444, 4445, 4446, 4447, 4448, 4449, 4450, 4451, 4452, 4453, 4454, 4455, 4456, 4457, 4458, 4459, 4460, 4461, 4462, 4463, 4464, 4465, 4466, 4467, 4468, 4469, 4470, 4471, 4472, 4473, 4474, 4475, 4476, 4477, 4478, 4479, 4480, 4481, 4482, 4483, 4484, 4485, 4486, 4487, 4488, 4489, 4490, 4491, 4492, 4493, 3827, 3826, 3825, 3824, 3823, 3822, 3821, 3820, 3819, 3818, 3817, 3816, 3815, 3814, 3813, 3812, 3811, 3810, 3809, 3808, 3807, 3806, 3805, 3804, 3803, 3802, 3801, 3800, 3799, 3798, 3797, 3796, 3795, 3794, 3793, 3792, 3791, 3790, 3789, 3788, 3787, 3786, 3785, 3784, 3783, 3782, 3781, 3780, 3779, 3778, 3777, 3776, 3775, 3774, 3773, 3772, 3771, 3770, 3769, 3768, 3767, 3766, 3765, 3764, 3763, 3762, 3761, 3760, 3759, 3758, 3757, 3756, 3755, 3754, 3753, 3752, 3751, 3750, 3749, 3748, 3747, 3746, 3745, 3744, 3743, 3742, 3741, 3740, 3739, 3738, 3737, 3736, 3735, 3734, 3733, 3732, 3731, 3730, 3729, 3728, 3727, 3726, 3725, 3724, 3723, 3722, 3721, 3720, 3719, 3718, 3717, 3716, 3715, 3714, 3713, 3712, 3711, 3710, 3709, 3708, 3707, 3706, 3705, 3704, 3703, 3702, 3701, 3700, 3699, 3698, 3697, 3696, 3695, 3694, 3693, 3692, 3691, 3690, 3689, 3688, 3687, 3686, 3685, 3684, 3683, 3682, 3681, 3680, 3679, 3678, 3677, 3676, 3675, 3674, 3673, 3672, 3671, 3670, 3669, 3668, 3667, 3666, 3665, 3664, 3663, 3662, 3661, 3660, 3659, 3658, 3657, 3656, 3655, 3654, 3653, 3652, 3651, 3650, 3649, 3648, 3647, 3646, 3645, 3644, 3643, 3642, 3641, 3640, 3639, 3638, 3637, 3636, 3635, 3634, 3633, 3632, 3631, 3630, 3629, 3628, 3627, 3626, 3625, 3624, 3623, 3622, 3621, 3620, 3619, 3618, 3617, 3616, 3615, 3614, 3613, 3612, 3611, 3610, 3167, 2948, 2949, 2950, 2951, 2952, 2953, 2954, 2955, 2956, 2957, 2958, 2959, 2960, 2961, 2962, 2963, 2964, 2965, 2966, 2967, 2968, 2969, 2970, 2971, 2972, 2973, 2974, 2975, 2976, 2977, 2978, 2979, 2980, 2981, 2982, 2983, 2984, 2985, 2986, 2987, 2988, 2989, 2990, 2991, 2992, 2993, 2994, 2995, 2996, 2997, 2998, 2999, 3000, 3001, 3002, 3003, 3004, 3005, 3006, 3007, 3008, 3009, 3010, 3011, 3012, 3013, 3014, 3015, 3016, 3017, 3018, 3019, 3020, 3021, 3022, 3023, 3024, 3025, 3026, 3027, 3028, 3029, 3030, 3031, 3032, 3033, 3034, 3035, 3036, 3037, 3038, 3039, 3040, 3041, 3042, 3043, 3044, 3045, 3046, 3047, 3048, 3049, 3050, 3051, 3052, 3053, 3054, 3055, 3056, 3057, 3058, 3059, 3060, 3061, 3062, 3063, 3064, 3065, 3066, 3067, 3068, 3069, 3070, 3071, 3072, 3073, 3074, 3075, 3076, 3077, 3078, 3079, 3080, 3081, 3082, 3083, 3084, 3085, 3086, 3087, 3088, 3089, 3090, 3091, 3092, 3093, 3094, 3095, 3096, 3097, 3098, 3099, 3100, 3101, 3102, 3103, 3104, 3105, 3106, 3107, 3108, 3109, 3110, 3111, 3112, 3113, 3114, 3115, 3116, 3117, 3118, 3119, 3120, 3121, 3122, 3123, 3124, 3125, 3126, 3127, 3128, 3129, 3130, 3131, 3132, 3133, 3134, 3135, 3136, 3137, 3138, 3139, 3140, 3141, 3142, 3143, 3144, 3145, 3146, 3147, 3148, 3149, 3150, 3151, 3152, 3153, 3154, 3155, 3156, 3157, 3158, 3159, 3160, 3161, 3162, 3163, 2724, 2723, 1998, 1639, 1638, 1053, 1052, 1051, 1050, 1049, 1048, 1047, 1046, 1045, 1044, 1043, 1042, 1041, 1040, 1039, 1038, 1037, 1036, 1035, 1034, 1033, 1032, 1031, 1030, 1029, 1028, 1027, 1026, 1025, 1024, 1023, 1022, 1021, 1020, 1019, 1018, 1017, 1016, 1015, 1014, 1013, 1012, 1011, 1010, 1009, 1008, 1007, 1006, 1005, 1004, 1003, 1002, 1001, 1000, 999, 998, 997, 996, 995, 994, 993, 992, 991, 990, 989, 988, 987, 986, 985, 984, 983, 982, 981, 980, 979, 978, 977, 976, 975, 974, 973, 972, 971, 970, 969, 968, 967, 966, 965, 964, 963, 962, 961, 960, 959, 958, 957, 956, 955, 954, 953, 952, 951, 950, 949, 948, 947, 946, 1391, 1390, 1389, 1388, 1387, 1386, 1385, 1384, 1383, 1382, 1381, 1380, 1379, 1378, 1377, 1376, 1375, 1374, 1373, 1372, 1371, 1370, 1369, 1368, 1367, 1366, 1365, 1364, 1363, 1362, 1361, 1360, 1359, 1358, 1357, 1356, 1355, 1354, 1353, 1352, 1351, 1350, 1349, 1348, 1347, 1346, 1345, 1344, 1343, 1342, 1341, 1340, 1339, 1338, 1337, 1336, 1335, 1334, 1333, 1332, 1331, 1330, 1329, 1328, 1327, 1326, 1325, 1324, 1323, 1322, 1321, 1320, 1319, 1318, 1317, 1316, 1315, 1314, 1313, 1312, 1311, 1310, 1309, 1308, 1307, 1306, 1305, 1304, 1303, 1302, 1301, 1300, 1299, 1298, 1297, 1296, 1295, 1294, 1293, 1292, 1291, 1290, 1289, 1288, 1287, 1286, 1285, 1284, 1283, 1282, 2109, 2110, 2111, 2112, 2113, 2114, 2115, 2116, 2117, 2118, 2119, 2120, 2121, 2122, 2123, 2124, 2125, 2126, 2127, 2128, 2129, 2130, 2131, 2132, 2133, 2134, 2135, 2136, 2137, 2138, 2139, 2140, 2141, 2142, 2143, 2144, 2145, 2146, 2147, 2148, 2149, 2150, 2151, 2152, 2153, 2154, 2155, 2156, 2157, 2158, 2159, 2160, 2161, 2162, 2163, 2164, 2165, 2166, 2167, 2168, 2169, 2170, 2171, 2172, 2173, 2174, 2175, 2176, 2177, 2178, 2179, 2180, 2181, 2182, 2183, 2184, 2185, 2186, 2187, 2188, 2189, 2190, 2191, 2192, 2193, 2194, 2195, 2196, 2197, 2198, 2199, 2200, 2201, 2202, 2203, 2204, 2205, 2206, 2207, 2208, 2209, 2210, 2211, 2212, 2213, 2214, 2215, 2216, 1888, 1889, 1890, 1891, 1892, 1893, 1894, 1895, 1896, 1897, 1898, 1899, 1900, 1901, 1902, 1903, 1904, 1905, 1906, 1907, 1908, 1909, 1910, 1911, 1912, 1913, 1914, 1915, 1916, 1917, 1918, 1919, 1920, 1921, 1922, 1923, 1924, 1925, 1926, 1927, 1928, 1929, 1930, 1931, 1932, 1933, 1934, 1935, 1936, 1937, 1938, 1939, 1940, 1941, 1942, 1943, 1944, 1945, 1946, 1947, 1948, 1949, 1950, 1951, 1952, 1953, 1954, 1955, 1956, 1957, 1958, 1959, 1960, 1961, 1962, 1963, 1964, 1965, 1966, 1967, 1968, 1969, 1970, 1971, 1972, 1973, 1974, 1975, 1976, 1977, 1978, 1979, 1980, 1981, 1982, 1983, 1984, 1985, 1986, 1987, 1988, 1989, 1990, 1991, 1992, 1993, 1994, 1995, 1996, 1997, 1054, 1749, 1184, 1056, 1055, 1183, 2102, 1752, 2101, 1751, 1277, 1546, 2336, 2943, 2944, 2337, 1545, 1544, 1543, 1542, 1637, 1636, 1635, 1634, 1633, 1632, 1631, 1630, 1629, 1628, 1627, 1626, 1625, 1624, 1623, 1622, 1621, 1620, 1619, 1618, 1617, 1616, 1615, 1614, 1613, 1612, 1611, 1610, 1609, 1608, 1607, 1606, 1605, 1604, 1603, 1602, 1601, 1600, 1599, 1598, 1597, 1596, 1595, 1594, 1593, 1592, 1591, 1590, 1589, 1588, 1587, 1586, 1585, 1584, 1583, 1582, 1581, 1580, 1579, 1578, 1577, 1576, 1575, 1574, 1573, 1572, 1571, 1570, 1569, 1568, 1567, 1566, 1565, 1564, 1563, 1562, 1469, 1468, 1467, 1466, 1465, 1464, 1463, 1462, 1461, 1460, 1561, 1560, 1559, 1558, 1557, 1556, 1555, 1554, 1553, 1552, 1551, 1550, 1549, 1548, 1547, 1448, 1447, 1446, 1445, 1444, 1443, 1442, 1441, 1440, 1439, 1438, 1437, 1436, 1863, 1862, 1861, 1860, 1859, 1858, 1857, 1856, 1855, 1854, 1853, 1852, 1851, 1850, 1849, 1848, 1847, 1846, 1845, 1844, 1843, 1842, 1841, 1840, 1839, 1838, 1837, 1836, 1835, 1834, 1833, 1832, 1831, 1830, 1829, 1828, 1827, 1826, 1825, 1824, 1823, 1822, 1821, 1820, 1819, 1818, 1817, 1816, 1815, 1814, 1813, 1812, 1811, 1810, 1809, 1808, 1807, 1806, 1805, 1804, 1803, 1802, 1801, 1800, 1799, 1798, 1797, 1796, 1795, 1794, 1793, 1792, 1791, 1790, 1789, 1788, 1787, 1786, 1785, 1784, 1783, 1782, 1781, 1780, 1779, 1778, 1777, 1776, 1775, 1774, 1773, 1772, 1771, 1770, 1769, 1768, 1767, 1766, 1765, 1764, 1763, 1762, 1761, 1760, 1759, 1758, 1757, 1756, 1755, 1754, 2398, 2399, 2400, 2401, 2402, 2403, 2404, 2405, 2406, 2407, 2408, 2409, 2410, 2411, 2412, 2413, 2414, 2415, 2416, 2417, 2418, 2419, 2420, 2421, 2422, 2423, 2424, 2425, 2426, 2427, 2428, 2429, 2430, 2431, 2432, 2433, 2434, 2435, 2436, 2437, 2438, 2439, 2440, 2441, 2442, 2443, 2444, 2445, 2446, 2447, 2448, 2449, 2450, 2451, 2452, 2453, 2454, 2455, 2456, 2457, 2458, 2459, 2460, 2461, 2462, 2463, 2464, 2465, 2466, 2467, 2468, 2469, 2470, 2471, 2472, 2473, 2474, 2475, 2476, 2477, 2478, 2479, 2480, 2481, 2482, 2483, 2484, 2485, 2486, 2487, 2488, 2489, 2490, 2491, 2492, 2493, 2494, 2495, 2496, 2497, 2498, 2499, 2500, 2501, 2502, 2503, 2504, 2505, 2226, 2227, 2228, 2229, 2230, 2231, 2232, 2233, 2234, 2235, 2236, 2237, 2238, 2239, 2240, 2241, 2242, 2243, 2244, 2245, 2246, 2247, 2248, 2249, 2250, 2251, 2252, 2253, 2254, 2255, 2256, 2257, 2258, 2259, 2260, 2261, 2262, 2263, 2264, 2265, 2266, 2267, 2268, 2269, 2270, 2271, 2272, 2273, 2274, 2275, 2276, 2277, 2278, 2279, 2280, 2281, 2282, 2283, 2284, 2285, 2286, 2287, 2288, 2289, 2290, 2291, 2292, 2293, 2294, 2295, 2296, 2297, 2298, 2299, 2300, 2301, 2302, 2303, 2304, 2305, 2306, 2307, 2308, 2309, 2310, 2311, 2312, 2313, 2314, 2315, 2316, 2317, 2318, 2319, 2320, 2321, 2322, 2323, 2324, 2325, 2326, 2327, 2328, 2329, 2330, 2331, 2332, 2333, 2334, 2335, 2942, 2941, 2940, 2939, 2938, 2937, 2936, 2935, 2934, 2933, 2932, 2931, 2930, 2929, 2928, 2927, 2926, 2925, 2924, 2923, 2922, 2921, 2920, 2919, 2918, 2917, 2916, 2915, 2914, 2913, 2912, 2911, 2910, 2909, 2908, 2907, 2906, 2905, 2904, 2903, 2902, 2901, 2900, 2899, 2898, 2897, 2896, 2895, 2894, 2893, 2892, 2891, 2890, 2889, 2888, 2887, 2886, 2885, 2884, 2883, 2882, 2881, 2880, 2879, 2878, 2877, 2876, 2875, 2874, 2873, 2872, 2871, 2870, 2869, 2868, 2867, 2866, 2865, 2864, 2863, 2862, 2861, 2860, 2859, 2858, 2857, 2856, 2855, 2854, 2853, 2852, 2851, 2850, 2849, 2848, 2847, 2846, 2845, 2844, 2843, 2842, 2841, 2840, 2839, 2838, 2837, 2836, 2835, 2834, 2833, 2832, 2831, 2830, 2829, 2828, 2827, 2826, 2825, 2824, 2823, 2822, 2821, 2820, 2819, 2818, 2817, 2816, 2815, 2814, 2813, 2812, 2811, 2810, 2809, 2808, 2807, 2806, 2805, 2804, 2803, 2802, 2801, 2800, 2799, 2798, 2797, 2796, 2795, 2794, 2793, 2792, 2791, 2790, 2789, 2788, 2787, 2786, 2785, 2784, 2783, 2782, 2781, 2780, 2779, 2778, 2777, 2776, 2775, 2774, 2773, 2772, 2771, 2770, 2769, 2768, 2767, 2766, 2765, 2764, 2763, 2762, 2761, 2760, 2759, 2758, 2757, 2756, 2755, 2754, 2753, 2752, 2751, 2750, 2749, 2748, 2747, 2746, 2745, 2744, 2743, 2742, 2741, 2740, 2739, 2738, 2737, 2736, 2735, 2734, 2733, 2732, 2731, 2730, 2729, 2728, 2727, 2726, 2397, 1753, 455, 454, 1, 242, 243, 244, 245, 246, 247, 248, 249, 250, 251, 252, 253, 254, 255, 256, 257, 258, 259, 260, 261, 262, 263, 264, 265, 266, 267, 268, 269, 270, 271, 272, 273, 274, 275, 276, 277, 278, 279, 280, 281, 282, 283, 284, 285, 286, 287, 288, 289, 290, 291, 292, 293, 294, 295, 296, 297, 298, 299, 300, 301, 302, 303, 304, 305, 306, 307, 308, 309, 310, 311, 312, 313, 314, 315, 316, 317, 318, 319, 320, 321, 322, 323, 324, 325, 326, 327, 328, 329, 330, 331, 332, 333, 334, 335, 336, 337, 773, 774, 775, 433, 340, 432, 339, 770, 1400, 1280, 1399, 911, 1405, 1404, 1403, 1398, 1397, 1396, 1395, 1394, 1393, 1392, 929, 930, 931, 932, 933, 934, 935, 936, 941, 942, 940, 1429, 1428, 1427, 1426, 1425, 1424, 1864, 1865, 1866, 1867, 1868, 1869, 1885, 1883, 1884, 1886, 1887, 1430, 1431, 1432, 943, 944, 945, 1057, 1058, 1059, 1060, 1061, 2001, 1999, 2000, 1646, 1647, 1648, 1649, 1650, 2005, 2004, 2006, 1651, 1652, 1653, 1413, 1412, 1411, 1410, 1409, 1408, 1407, 1406, 1874, 1873, 2221, 2220, 1870, 1872, 1871, 2219, 2217, 2218, 2003, 2002, 1645, 1644, 1433, 1434, 1435, 1643, 1642]
~~~~~
AUTOMATED
FIXED CODE, MAYBE GOOD WEIGHTS?
Speed mode: 0.984375, {{1564.94}}, 
compressed: [2394,2393,2392,2391,2389,2390,2388,2387,2386,2346,2345,2344,2343,2342,2341,2340,2339,2338,2222,2223,2224,2225,1880,1881,1882,2007,2008,2009,2011,2010,1659,1660,1661,1662,1748,1749,1750,1751,1752,2104,2103,2102,2101,2100,2061,2060,2059,2058,2015,2014,2013,2012,1658,1657,1656,1655,1654,1423,1422,1421,1879,1878,1877,1876,1875,1415,1414,1416,1417,1418,1419,1420,926,927,928,1087,1088,1089,1090,1091,1092,1093,1094,1180,1181,1182,1183,1184,673,672,671,670,669,581,580,578,577,574,573,567,566,565,564,1058,1057,945,944,943,1432,1431,1430,1887,1886,1884,1883,1885,1869,1868,1867,1866,1865,1864,1424,1425,1426,1427,1428,1429,941,942,940,936,935,934,933,932,931,930,929,1392,1393,1394,1395,1396,1397,1398,1403,1404,1405,1406,1407,1408,1409,1410,1411,1412,1413,1653,1652,1651,2006,2004,2005,1650,1649,1648,1647,1646,1874,1873,2221,2220,1870,1872,1871,2219,2217,2218,2003,2002,1645,1644,1433,1434,1435,1643,1642,2000,1999,2001,1061,1060,1059,1062,1063,1064,1065,1066,1067,1068,1069,1070,1071,925,924,921,920,912,911,910,909,908,906,905,904,903,902,901,766,768,769,770,771,772,1402,1401,1400,1399,448,447,446,445,444,443,442,441,440,439,438,437,436,239,238,237,236,235,220,219,218,216,215,167,166,165,164,6,4,3,2,1,59,60,61,62,63,64,65,66,67,7,8,54,55,56,57,58,449,450,451,452,453,5839,5840,5841,5842,5843,5844,5845,5846,5847,5856,5857,5858,5859,5860,5861,5862,5863,5864,5865,5992,5993,5994,5995,5996,5997,6002,6003,6004,6007,6008,6009,6010,6011,6073,6072,6071,6070,6069,6068,6067,6066,5986,5985,5983,5984,5987,5988,5989,5990,5991,5867,5866,5868,5869,5884,5885,5928,5929,5930,6012,6013,6014,6015,6056,6057,6074,6075,6076,6077,6079,6080,6081,6082,6083,6065,6064,6063,6062,6061,5978,5979,5980,5981,5982,5838,5837,5836,5835,5834,5737,5736,5725,5724,5722,5723,5721,5720,5719,5718,5717,5716,5715,5714,5713,5712,5711,5701,5700,5699,5696,5695,5693,5692,5659,5658,5657,5656,5459,5460,5514,5515,5516,5517,5518,5519,5520,5521,5522,5523,5524,5525,5526,5527,5528,5535,5536,5537,5538,5539,5540,5541,5542,5543,5638,5639,5640,5641,5642,5413,5412,5411,5410,5409,5313,5312,5311,5310,5309,5308,5307,5306,5305,5300,5299,5298,5297,5295,5296,5294,5293,5292,5291,5290,5289,5288,5287,5286,5285,5284,5278,5277,5201,5200,5199,4962,4963,4964,4965,5016,5017,5035,5036,5037,5038,5039,5040,5041,5042,5043,5050,5051,5052,5053,5054,5055,5056,5057,5058,5059,5060,5061,5062,5063,5064,5065,5066,5072,5073,5074,5172,5173,5174,5175,5176,4947,4946,4945,4944,4943,4837,4836,4835,4834,4833,4832,4831,4830,4829,4828,4827,4826,4825,4824,4813,4812,4793,4792,4791,4790,4789,4788,4787,4786,4785,4738,4737,4736,4735,4734,4733,4732,4731,4730,4729,4728,4727,4726,4725,4724,4950,4949,4948,5177,5178,5180,5179,4951,4952,4953,4954,4955,4956,4957,4958,4959,4961,4960,5191,5190,5189,5188,5187,5186,5185,5184,5183,5182,5181,5414,5415,5416,5417,5418,5419,5423,5422,5421,5420,5192,5193,5194,5195,5196,5424,5425,5426,5427,5429,5430,5434,5435,5436,5444,5445,5446,5448,5449,5450,5655,5654,5653,5652,5651,5650,5649,5648,5647,5646,5645,5644,5643,4720,4721,4495,4496,4497,4498,4722,4723,4499,4500,4501,4502,4503,4504,4505,4506,4507,4508,4509,4510,4511,4558,4559,4560,4561,4562,4563,4564,4565,4566,4600,4601,4602,4603,4604,4605,4606,4607,4608,4715,4716,4717,4718,4719,4494,4493,4492,4491,4490,4381,4380,4379,4342,4341,4340,4339,4338,4337,4336,4335,4334,4287,4286,4285,4284,4283,4282,4281,4280,4279,4278,4277,4276,4275,4274,4273,4051,4052,4053,4054,4055,4056,4057,4058,4059,4060,4061,4062,4063,4064,4111,4112,4113,4114,4115,4116,4117,4118,4119,4268,4269,4270,4271,4272,4050,4049,4048,4047,4046,3897,3896,3895,3894,3893,3892,3891,3890,3889,3841,3840,3836,3835,3834,3833,3829,3830,3831,3832,3608,3609,3610,3611,3612,3613,3614,3615,3671,3672,3824,3825,3826,3827,3828,3607,3606,3605,3604,3603,3395,3394,3393,3392,3391,3390,3389,3386,3387,3388,3168,3169,3170,3171,3172,3381,3382,3383,3384,3385,3164,3163,3162,3161,3160,2951,2950,2949,2948,3167,3165,3166,2947,2946,2945,2725,2726,2727,2728,2729,2730,2731,2940,2941,2942,2944,2943,2724,2723,2722,2721,2720,2614,2613,2510,2509,2508,2507,2506,2397,2398,2399,2400,2501,2502,2503,2504,2505,2226,2227,2228,2229,2333,2334,2335,2336,2337,1998,1997,1996,1995,1994,1891,1890,1889,1888,2216,2215,2214,2213,2212,2112,2111,2110,2109,2396,2395,2108,2107,2106,2105,1753,1754,1755,1756,1757,1758,1759,1760,1859,1860,1861,1862,1863,1436,1437,1438,1439,1446,1447,1448,1460,1461,1561,1560,1559,1558,1557,1550,1549,1548,1547,956,957,969,970,971,977,978,1052,1053,1054,1055,1056,1641,1640,1639,1638,1637,1565,1564,1563,1562,1467,1468,1469,1542,1543,1544,1545,1546,1277,1276,1275,1274,1273,1188,1187,1186,1185,1086,1085,1084,1083,1082,1075,1074,1073,1072,951,950,949,948,947,946,1391,1390,1389,1388,1387,1288,1287,1286,1285,1284,1283,1282,1281,777,778,779,780,781,782,868,869,887,888,889,890,896,897,898,899,900,938,939,937,880,881,882,883,884,885,886,563,562,561,560,559,555,554,553,552,551,546,545,544,484,483,462,461,457,456,455,454,242,241,240,68,69,70,71,72,73,74,148,149,155,156,158,159,160,161,162,163,435,434,433,432,431,344,343,342,341,243,244,245,247,248,269,270,336,337,338,339,340,1279,1280,1278,776,775,774,773,765,700,699,698,697,696,695,694,693,692,677,676,675,674]
uncompressed raw: [2394, 2393, 2392, 2391, 2389, 2390, 2388, 2387, 2386, 2385, 2384, 2383, 2382, 2381, 2380, 2379, 2378, 2377, 2376, 2375, 2374, 2373, 2372, 2371, 2370, 2369, 2368, 2367, 2366, 2365, 2364, 2363, 2362, 2361, 2360, 2359, 2358, 2357, 2356, 2355, 2354, 2353, 2352, 2351, 2350, 2349, 2348, 2347, 2346, 2345, 2344, 2343, 2342, 2341, 2340, 2339, 2338, 2222, 2223, 2224, 2225, 1880, 1881, 1882, 2007, 2008, 2009, 2011, 2010, 1659, 1660, 1661, 1662, 1663, 1664, 1665, 1666, 1667, 1668, 1669, 1670, 1671, 1672, 1673, 1674, 1675, 1676, 1677, 1678, 1679, 1680, 1681, 1682, 1683, 1684, 1685, 1686, 1687, 1688, 1689, 1690, 1691, 1692, 1693, 1694, 1695, 1696, 1697, 1698, 1699, 1700, 1701, 1702, 1703, 1704, 1705, 1706, 1707, 1708, 1709, 1710, 1711, 1712, 1713, 1714, 1715, 1716, 1717, 1718, 1719, 1720, 1721, 1722, 1723, 1724, 1725, 1726, 1727, 1728, 1729, 1730, 1731, 1732, 1733, 1734, 1735, 1736, 1737, 1738, 1739, 1740, 1741, 1742, 1743, 1744, 1745, 1746, 1747, 1748, 1749, 1750, 1751, 1752, 2104, 2103, 2102, 2101, 2100, 2099, 2098, 2097, 2096, 2095, 2094, 2093, 2092, 2091, 2090, 2089, 2088, 2087, 2086, 2085, 2084, 2083, 2082, 2081, 2080, 2079, 2078, 2077, 2076, 2075, 2074, 2073, 2072, 2071, 2070, 2069, 2068, 2067, 2066, 2065, 2064, 2063, 2062, 2061, 2060, 2059, 2058, 2057, 2056, 2055, 2054, 2053, 2052, 2051, 2050, 2049, 2048, 2047, 2046, 2045, 2044, 2043, 2042, 2041, 2040, 2039, 2038, 2037, 2036, 2035, 2034, 2033, 2032, 2031, 2030, 2029, 2028, 2027, 2026, 2025, 2024, 2023, 2022, 2021, 2020, 2019, 2018, 2017, 2016, 2015, 2014, 2013, 2012, 1658, 1657, 1656, 1655, 1654, 1423, 1422, 1421, 1879, 1878, 1877, 1876, 1875, 1415, 1414, 1416, 1417, 1418, 1419, 1420, 926, 927, 928, 1087, 1088, 1089, 1090, 1091, 1092, 1093, 1094, 1095, 1096, 1097, 1098, 1099, 1100, 1101, 1102, 1103, 1104, 1105, 1106, 1107, 1108, 1109, 1110, 1111, 1112, 1113, 1114, 1115, 1116, 1117, 1118, 1119, 1120, 1121, 1122, 1123, 1124, 1125, 1126, 1127, 1128, 1129, 1130, 1131, 1132, 1133, 1134, 1135, 1136, 1137, 1138, 1139, 1140, 1141, 1142, 1143, 1144, 1145, 1146, 1147, 1148, 1149, 1150, 1151, 1152, 1153, 1154, 1155, 1156, 1157, 1158, 1159, 1160, 1161, 1162, 1163, 1164, 1165, 1166, 1167, 1168, 1169, 1170, 1171, 1172, 1173, 1174, 1175, 1176, 1177, 1178, 1179, 1180, 1181, 1182, 1183, 1184, 673, 672, 671, 670, 669, 668, 667, 666, 665, 664, 663, 662, 661, 660, 659, 658, 657, 656, 655, 654, 653, 652, 651, 650, 649, 648, 647, 646, 645, 644, 643, 642, 641, 640, 639, 638, 637, 636, 635, 634, 633, 632, 631, 630, 629, 628, 627, 626, 625, 624, 623, 622, 621, 620, 619, 618, 617, 616, 615, 614, 613, 612, 611, 610, 609, 608, 607, 606, 605, 604, 603, 602, 601, 600, 599, 598, 597, 596, 595, 594, 593, 592, 591, 590, 589, 588, 587, 586, 585, 584, 583, 582, 581, 580, 579, 578, 577, 576, 575, 574, 573, 572, 571, 570, 569, 568, 567, 566, 565, 564, 1058, 1057, 945, 944, 943, 1432, 1431, 1430, 1887, 1886, 1884, 1883, 1885, 1869, 1868, 1867, 1866, 1865, 1864, 1424, 1425, 1426, 1427, 1428, 1429, 941, 942, 940, 936, 935, 934, 933, 932, 931, 930, 929, 1392, 1393, 1394, 1395, 1396, 1397, 1398, 1403, 1404, 1405, 1406, 1407, 1408, 1409, 1410, 1411, 1412, 1413, 1653, 1652, 1651, 2006, 2004, 2005, 1650, 1649, 1648, 1647, 1646, 1874, 1873, 2221, 2220, 1870, 1872, 1871, 2219, 2217, 2218, 2003, 2002, 1645, 1644, 1433, 1434, 1435, 1643, 1642, 2000, 1999, 2001, 1061, 1060, 1059, 1062, 1063, 1064, 1065, 1066, 1067, 1068, 1069, 1070, 1071, 925, 924, 923, 922, 921, 920, 919, 918, 917, 916, 915, 914, 913, 912, 911, 910, 909, 908, 907, 906, 905, 904, 903, 902, 901, 766, 767, 768, 769, 770, 771, 772, 1402, 1401, 1400, 1399, 448, 447, 446, 445, 444, 443, 442, 441, 440, 439, 438, 437, 436, 239, 238, 237, 236, 235, 234, 233, 232, 231, 230, 229, 228, 227, 226, 225, 224, 223, 222, 221, 220, 219, 218, 217, 216, 215, 214, 213, 212, 211, 210, 209, 208, 207, 206, 205, 204, 203, 202, 201, 200, 199, 198, 197, 196, 195, 194, 193, 192, 191, 190, 189, 188, 187, 186, 185, 184, 183, 182, 181, 180, 179, 178, 177, 176, 175, 174, 173, 172, 171, 170, 169, 168, 167, 166, 165, 164, 6, 5, 4, 3, 2, 1, 59, 60, 61, 62, 63, 64, 65, 66, 67, 7, 8, 9, 10, 11, 12, 13, 14, 15, 16, 17, 18, 19, 20, 21, 22, 23, 24, 25, 26, 27, 28, 29, 30, 31, 32, 33, 34, 35, 36, 37, 38, 39, 40, 41, 42, 43, 44, 45, 46, 47, 48, 49, 50, 51, 52, 53, 54, 55, 56, 57, 58, 449, 450, 451, 452, 453, 5839, 5840, 5841, 5842, 5843, 5844, 5845, 5846, 5847, 5848, 5849, 5850, 5851, 5852, 5853, 5854, 5855, 5856, 5857, 5858, 5859, 5860, 5861, 5862, 5863, 5864, 5865, 5992, 5993, 5994, 5995, 5996, 5997, 5998, 5999, 6000, 6001, 6002, 6003, 6004, 6005, 6006, 6007, 6008, 6009, 6010, 6011, 6073, 6072, 6071, 6070, 6069, 6068, 6067, 6066, 5986, 5985, 5983, 5984, 5987, 5988, 5989, 5990, 5991, 5867, 5866, 5868, 5869, 5870, 5871, 5872, 5873, 5874, 5875, 5876, 5877, 5878, 5879, 5880, 5881, 5882, 5883, 5884, 5885, 5886, 5887, 5888, 5889, 5890, 5891, 5892, 5893, 5894, 5895, 5896, 5897, 5898, 5899, 5900, 5901, 5902, 5903, 5904, 5905, 5906, 5907, 5908, 5909, 5910, 5911, 5912, 5913, 5914, 5915, 5916, 5917, 5918, 5919, 5920, 5921, 5922, 5923, 5924, 5925, 5926, 5927, 5928, 5929, 5930, 6012, 6013, 6014, 6015, 6016, 6017, 6018, 6019, 6020, 6021, 6022, 6023, 6024, 6025, 6026, 6027, 6028, 6029, 6030, 6031, 6032, 6033, 6034, 6035, 6036, 6037, 6038, 6039, 6040, 6041, 6042, 6043, 6044, 6045, 6046, 6047, 6048, 6049, 6050, 6051, 6052, 6053, 6054, 6055, 6056, 6057, 6074, 6075, 6076, 6077, 6078, 6079, 6080, 6081, 6082, 6083, 6065, 6064, 6063, 6062, 6061, 5978, 5979, 5980, 5981, 5982, 5838, 5837, 5836, 5835, 5834, 5833, 5832, 5831, 5830, 5829, 5828, 5827, 5826, 5825, 5824, 5823, 5822, 5821, 5820, 5819, 5818, 5817, 5816, 5815, 5814, 5813, 5812, 5811, 5810, 5809, 5808, 5807, 5806, 5805, 5804, 5803, 5802, 5801, 5800, 5799, 5798, 5797, 5796, 5795, 5794, 5793, 5792, 5791, 5790, 5789, 5788, 5787, 5786, 5785, 5784, 5783, 5782, 5781, 5780, 5779, 5778, 5777, 5776, 5775, 5774, 5773, 5772, 5771, 5770, 5769, 5768, 5767, 5766, 5765, 5764, 5763, 5762, 5761, 5760, 5759, 5758, 5757, 5756, 5755, 5754, 5753, 5752, 5751, 5750, 5749, 5748, 5747, 5746, 5745, 5744, 5743, 5742, 5741, 5740, 5739, 5738, 5737, 5736, 5735, 5734, 5733, 5732, 5731, 5730, 5729, 5728, 5727, 5726, 5725, 5724, 5722, 5723, 5721, 5720, 5719, 5718, 5717, 5716, 5715, 5714, 5713, 5712, 5711, 5710, 5709, 5708, 5707, 5706, 5705, 5704, 5703, 5702, 5701, 5700, 5699, 5698, 5697, 5696, 5695, 5694, 5693, 5692, 5691, 5690, 5689, 5688, 5687, 5686, 5685, 5684, 5683, 5682, 5681, 5680, 5679, 5678, 5677, 5676, 5675, 5674, 5673, 5672, 5671, 5670, 5669, 5668, 5667, 5666, 5665, 5664, 5663, 5662, 5661, 5660, 5659, 5658, 5657, 5656, 5459, 5460, 5461, 5462, 5463, 5464, 5465, 5466, 5467, 5468, 5469, 5470, 5471, 5472, 5473, 5474, 5475, 5476, 5477, 5478, 5479, 5480, 5481, 5482, 5483, 5484, 5485, 5486, 5487, 5488, 5489, 5490, 5491, 5492, 5493, 5494, 5495, 5496, 5497, 5498, 5499, 5500, 5501, 5502, 5503, 5504, 5505, 5506, 5507, 5508, 5509, 5510, 5511, 5512, 5513, 5514, 5515, 5516, 5517, 5518, 5519, 5520, 5521, 5522, 5523, 5524, 5525, 5526, 5527, 5528, 5529, 5530, 5531, 5532, 5533, 5534, 5535, 5536, 5537, 5538, 5539, 5540, 5541, 5542, 5543, 5544, 5545, 5546, 5547, 5548, 5549, 5550, 5551, 5552, 5553, 5554, 5555, 5556, 5557, 5558, 5559, 5560, 5561, 5562, 5563, 5564, 5565, 5566, 5567, 5568, 5569, 5570, 5571, 5572, 5573, 5574, 5575, 5576, 5577, 5578, 5579, 5580, 5581, 5582, 5583, 5584, 5585, 5586, 5587, 5588, 5589, 5590, 5591, 5592, 5593, 5594, 5595, 5596, 5597, 5598, 5599, 5600, 5601, 5602, 5603, 5604, 5605, 5606, 5607, 5608, 5609, 5610, 5611, 5612, 5613, 5614, 5615, 5616, 5617, 5618, 5619, 5620, 5621, 5622, 5623, 5624, 5625, 5626, 5627, 5628, 5629, 5630, 5631, 5632, 5633, 5634, 5635, 5636, 5637, 5638, 5639, 5640, 5641, 5642, 5413, 5412, 5411, 5410, 5409, 5408, 5407, 5406, 5405, 5404, 5403, 5402, 5401, 5400, 5399, 5398, 5397, 5396, 5395, 5394, 5393, 5392, 5391, 5390, 5389, 5388, 5387, 5386, 5385, 5384, 5383, 5382, 5381, 5380, 5379, 5378, 5377, 5376, 5375, 5374, 5373, 5372, 5371, 5370, 5369, 5368, 5367, 5366, 5365, 5364, 5363, 5362, 5361, 5360, 5359, 5358, 5357, 5356, 5355, 5354, 5353, 5352, 5351, 5350, 5349, 5348, 5347, 5346, 5345, 5344, 5343, 5342, 5341, 5340, 5339, 5338, 5337, 5336, 5335, 5334, 5333, 5332, 5331, 5330, 5329, 5328, 5327, 5326, 5325, 5324, 5323, 5322, 5321, 5320, 5319, 5318, 5317, 5316, 5315, 5314, 5313, 5312, 5311, 5310, 5309, 5308, 5307, 5306, 5305, 5304, 5303, 5302, 5301, 5300, 5299, 5298, 5297, 5295, 5296, 5294, 5293, 5292, 5291, 5290, 5289, 5288, 5287, 5286, 5285, 5284, 5283, 5282, 5281, 5280, 5279, 5278, 5277, 5276, 5275, 5274, 5273, 5272, 5271, 5270, 5269, 5268, 5267, 5266, 5265, 5264, 5263, 5262, 5261, 5260, 5259, 5258, 5257, 5256, 5255, 5254, 5253, 5252, 5251, 5250, 5249, 5248, 5247, 5246, 5245, 5244, 5243, 5242, 5241, 5240, 5239, 5238, 5237, 5236, 5235, 5234, 5233, 5232, 5231, 5230, 5229, 5228, 5227, 5226, 5225, 5224, 5223, 5222, 5221, 5220, 5219, 5218, 5217, 5216, 5215, 5214, 5213, 5212, 5211, 5210, 5209, 5208, 5207, 5206, 5205, 5204, 5203, 5202, 5201, 5200, 5199, 4962, 4963, 4964, 4965, 4966, 4967, 4968, 4969, 4970, 4971, 4972, 4973, 4974, 4975, 4976, 4977, 4978, 4979, 4980, 4981, 4982, 4983, 4984, 4985, 4986, 4987, 4988, 4989, 4990, 4991, 4992, 4993, 4994, 4995, 4996, 4997, 4998, 4999, 5000, 5001, 5002, 5003, 5004, 5005, 5006, 5007, 5008, 5009, 5010, 5011, 5012, 5013, 5014, 5015, 5016, 5017, 5018, 5019, 5020, 5021, 5022, 5023, 5024, 5025, 5026, 5027, 5028, 5029, 5030, 5031, 5032, 5033, 5034, 5035, 5036, 5037, 5038, 5039, 5040, 5041, 5042, 5043, 5044, 5045, 5046, 5047, 5048, 5049, 5050, 5051, 5052, 5053, 5054, 5055, 5056, 5057, 5058, 5059, 5060, 5061, 5062, 5063, 5064, 5065, 5066, 5067, 5068, 5069, 5070, 5071, 5072, 5073, 5074, 5075, 5076, 5077, 5078, 5079, 5080, 5081, 5082, 5083, 5084, 5085, 5086, 5087, 5088, 5089, 5090, 5091, 5092, 5093, 5094, 5095, 5096, 5097, 5098, 5099, 5100, 5101, 5102, 5103, 5104, 5105, 5106, 5107, 5108, 5109, 5110, 5111, 5112, 5113, 5114, 5115, 5116, 5117, 5118, 5119, 5120, 5121, 5122, 5123, 5124, 5125, 5126, 5127, 5128, 5129, 5130, 5131, 5132, 5133, 5134, 5135, 5136, 5137, 5138, 5139, 5140, 5141, 5142, 5143, 5144, 5145, 5146, 5147, 5148, 5149, 5150, 5151, 5152, 5153, 5154, 5155, 5156, 5157, 5158, 5159, 5160, 5161, 5162, 5163, 5164, 5165, 5166, 5167, 5168, 5169, 5170, 5171, 5172, 5173, 5174, 5175, 5176, 4947, 4946, 4945, 4944, 4943, 4942, 4941, 4940, 4939, 4938, 4937, 4936, 4935, 4934, 4933, 4932, 4931, 4930, 4929, 4928, 4927, 4926, 4925, 4924, 4923, 4922, 4921, 4920, 4919, 4918, 4917, 4916, 4915, 4914, 4913, 4912, 4911, 4910, 4909, 4908, 4907, 4906, 4905, 4904, 4903, 4902, 4901, 4900, 4899, 4898, 4897, 4896, 4895, 4894, 4893, 4892, 4891, 4890, 4889, 4888, 4887, 4886, 4885, 4884, 4883, 4882, 4881, 4880, 4879, 4878, 4877, 4876, 4875, 4874, 4873, 4872, 4871, 4870, 4869, 4868, 4867, 4866, 4865, 4864, 4863, 4862, 4861, 4860, 4859, 4858, 4857, 4856, 4855, 4854, 4853, 4852, 4851, 4850, 4849, 4848, 4847, 4846, 4845, 4844, 4843, 4842, 4841, 4840, 4839, 4838, 4837, 4836, 4835, 4834, 4833, 4832, 4831, 4830, 4829, 4828, 4827, 4826, 4825, 4824, 4823, 4822, 4821, 4820, 4819, 4818, 4817, 4816, 4815, 4814, 4813, 4812, 4811, 4810, 4809, 4808, 4807, 4806, 4805, 4804, 4803, 4802, 4801, 4800, 4799, 4798, 4797, 4796, 4795, 4794, 4793, 4792, 4791, 4790, 4789, 4788, 4787, 4786, 4785, 4784, 4783, 4782, 4781, 4780, 4779, 4778, 4777, 4776, 4775, 4774, 4773, 4772, 4771, 4770, 4769, 4768, 4767, 4766, 4765, 4764, 4763, 4762, 4761, 4760, 4759, 4758, 4757, 4756, 4755, 4754, 4753, 4752, 4751, 4750, 4749, 4748, 4747, 4746, 4745, 4744, 4743, 4742, 4741, 4740, 4739, 4738, 4737, 4736, 4735, 4734, 4733, 4732, 4731, 4730, 4729, 4728, 4727, 4726, 4725, 4724, 4950, 4949, 4948, 5177, 5178, 5180, 5179, 4951, 4952, 4953, 4954, 4955, 4956, 4957, 4958, 4959, 4961, 4960, 5191, 5190, 5189, 5188, 5187, 5186, 5185, 5184, 5183, 5182, 5181, 5414, 5415, 5416, 5417, 5418, 5419, 5423, 5422, 5421, 5420, 5192, 5193, 5194, 5195, 5196, 5424, 5425, 5426, 5427, 5428, 5429, 5430, 5431, 5432, 5433, 5434, 5435, 5436, 5437, 5438, 5439, 5440, 5441, 5442, 5443, 5444, 5445, 5446, 5447, 5448, 5449, 5450, 5655, 5654, 5653, 5652, 5651, 5650, 5649, 5648, 5647, 5646, 5645, 5644, 5643, 4720, 4721, 4495, 4496, 4497, 4498, 4722, 4723, 4499, 4500, 4501, 4502, 4503, 4504, 4505, 4506, 4507, 4508, 4509, 4510, 4511, 4512, 4513, 4514, 4515, 4516, 4517, 4518, 4519, 4520, 4521, 4522, 4523, 4524, 4525, 4526, 4527, 4528, 4529, 4530, 4531, 4532, 4533, 4534, 4535, 4536, 4537, 4538, 4539, 4540, 4541, 4542, 4543, 4544, 4545, 4546, 4547, 4548, 4549, 4550, 4551, 4552, 4553, 4554, 4555, 4556, 4557, 4558, 4559, 4560, 4561, 4562, 4563, 4564, 4565, 4566, 4567, 4568, 4569, 4570, 4571, 4572, 4573, 4574, 4575, 4576, 4577, 4578, 4579, 4580, 4581, 4582, 4583, 4584, 4585, 4586, 4587, 4588, 4589, 4590, 4591, 4592, 4593, 4594, 4595, 4596, 4597, 4598, 4599, 4600, 4601, 4602, 4603, 4604, 4605, 4606, 4607, 4608, 4609, 4610, 4611, 4612, 4613, 4614, 4615, 4616, 4617, 4618, 4619, 4620, 4621, 4622, 4623, 4624, 4625, 4626, 4627, 4628, 4629, 4630, 4631, 4632, 4633, 4634, 4635, 4636, 4637, 4638, 4639, 4640, 4641, 4642, 4643, 4644, 4645, 4646, 4647, 4648, 4649, 4650, 4651, 4652, 4653, 4654, 4655, 4656, 4657, 4658, 4659, 4660, 4661, 4662, 4663, 4664, 4665, 4666, 4667, 4668, 4669, 4670, 4671, 4672, 4673, 4674, 4675, 4676, 4677, 4678, 4679, 4680, 4681, 4682, 4683, 4684, 4685, 4686, 4687, 4688, 4689, 4690, 4691, 4692, 4693, 4694, 4695, 4696, 4697, 4698, 4699, 4700, 4701, 4702, 4703, 4704, 4705, 4706, 4707, 4708, 4709, 4710, 4711, 4712, 4713, 4714, 4715, 4716, 4717, 4718, 4719, 4494, 4493, 4492, 4491, 4490, 4489, 4488, 4487, 4486, 4485, 4484, 4483, 4482, 4481, 4480, 4479, 4478, 4477, 4476, 4475, 4474, 4473, 4472, 4471, 4470, 4469, 4468, 4467, 4466, 4465, 4464, 4463, 4462, 4461, 4460, 4459, 4458, 4457, 4456, 4455, 4454, 4453, 4452, 4451, 4450, 4449, 4448, 4447, 4446, 4445, 4444, 4443, 4442, 4441, 4440, 4439, 4438, 4437, 4436, 4435, 4434, 4433, 4432, 4431, 4430, 4429, 4428, 4427, 4426, 4425, 4424, 4423, 4422, 4421, 4420, 4419, 4418, 4417, 4416, 4415, 4414, 4413, 4412, 4411, 4410, 4409, 4408, 4407, 4406, 4405, 4404, 4403, 4402, 4401, 4400, 4399, 4398, 4397, 4396, 4395, 4394, 4393, 4392, 4391, 4390, 4389, 4388, 4387, 4386, 4385, 4384, 4383, 4382, 4381, 4380, 4379, 4378, 4377, 4376, 4375, 4374, 4373, 4372, 4371, 4370, 4369, 4368, 4367, 4366, 4365, 4364, 4363, 4362, 4361, 4360, 4359, 4358, 4357, 4356, 4355, 4354, 4353, 4352, 4351, 4350, 4349, 4348, 4347, 4346, 4345, 4344, 4343, 4342, 4341, 4340, 4339, 4338, 4337, 4336, 4335, 4334, 4333, 4332, 4331, 4330, 4329, 4328, 4327, 4326, 4325, 4324, 4323, 4322, 4321, 4320, 4319, 4318, 4317, 4316, 4315, 4314, 4313, 4312, 4311, 4310, 4309, 4308, 4307, 4306, 4305, 4304, 4303, 4302, 4301, 4300, 4299, 4298, 4297, 4296, 4295, 4294, 4293, 4292, 4291, 4290, 4289, 4288, 4287, 4286, 4285, 4284, 4283, 4282, 4281, 4280, 4279, 4278, 4277, 4276, 4275, 4274, 4273, 4051, 4052, 4053, 4054, 4055, 4056, 4057, 4058, 4059, 4060, 4061, 4062, 4063, 4064, 4065, 4066, 4067, 4068, 4069, 4070, 4071, 4072, 4073, 4074, 4075, 4076, 4077, 4078, 4079, 4080, 4081, 4082, 4083, 4084, 4085, 4086, 4087, 4088, 4089, 4090, 4091, 4092, 4093, 4094, 4095, 4096, 4097, 4098, 4099, 4100, 4101, 4102, 4103, 4104, 4105, 4106, 4107, 4108, 4109, 4110, 4111, 4112, 4113, 4114, 4115, 4116, 4117, 4118, 4119, 4120, 4121, 4122, 4123, 4124, 4125, 4126, 4127, 4128, 4129, 4130, 4131, 4132, 4133, 4134, 4135, 4136, 4137, 4138, 4139, 4140, 4141, 4142, 4143, 4144, 4145, 4146, 4147, 4148, 4149, 4150, 4151, 4152, 4153, 4154, 4155, 4156, 4157, 4158, 4159, 4160, 4161, 4162, 4163, 4164, 4165, 4166, 4167, 4168, 4169, 4170, 4171, 4172, 4173, 4174, 4175, 4176, 4177, 4178, 4179, 4180, 4181, 4182, 4183, 4184, 4185, 4186, 4187, 4188, 4189, 4190, 4191, 4192, 4193, 4194, 4195, 4196, 4197, 4198, 4199, 4200, 4201, 4202, 4203, 4204, 4205, 4206, 4207, 4208, 4209, 4210, 4211, 4212, 4213, 4214, 4215, 4216, 4217, 4218, 4219, 4220, 4221, 4222, 4223, 4224, 4225, 4226, 4227, 4228, 4229, 4230, 4231, 4232, 4233, 4234, 4235, 4236, 4237, 4238, 4239, 4240, 4241, 4242, 4243, 4244, 4245, 4246, 4247, 4248, 4249, 4250, 4251, 4252, 4253, 4254, 4255, 4256, 4257, 4258, 4259, 4260, 4261, 4262, 4263, 4264, 4265, 4266, 4267, 4268, 4269, 4270, 4271, 4272, 4050, 4049, 4048, 4047, 4046, 4045, 4044, 4043, 4042, 4041, 4040, 4039, 4038, 4037, 4036, 4035, 4034, 4033, 4032, 4031, 4030, 4029, 4028, 4027, 4026, 4025, 4024, 4023, 4022, 4021, 4020, 4019, 4018, 4017, 4016, 4015, 4014, 4013, 4012, 4011, 4010, 4009, 4008, 4007, 4006, 4005, 4004, 4003, 4002, 4001, 4000, 3999, 3998, 3997, 3996, 3995, 3994, 3993, 3992, 3991, 3990, 3989, 3988, 3987, 3986, 3985, 3984, 3983, 3982, 3981, 3980, 3979, 3978, 3977, 3976, 3975, 3974, 3973, 3972, 3971, 3970, 3969, 3968, 3967, 3966, 3965, 3964, 3963, 3962, 3961, 3960, 3959, 3958, 3957, 3956, 3955, 3954, 3953, 3952, 3951, 3950, 3949, 3948, 3947, 3946, 3945, 3944, 3943, 3942, 3941, 3940, 3939, 3938, 3937, 3936, 3935, 3934, 3933, 3932, 3931, 3930, 3929, 3928, 3927, 3926, 3925, 3924, 3923, 3922, 3921, 3920, 3919, 3918, 3917, 3916, 3915, 3914, 3913, 3912, 3911, 3910, 3909, 3908, 3907, 3906, 3905, 3904, 3903, 3902, 3901, 3900, 3899, 3898, 3897, 3896, 3895, 3894, 3893, 3892, 3891, 3890, 3889, 3888, 3887, 3886, 3885, 3884, 3883, 3882, 3881, 3880, 3879, 3878, 3877, 3876, 3875, 3874, 3873, 3872, 3871, 3870, 3869, 3868, 3867, 3866, 3865, 3864, 3863, 3862, 3861, 3860, 3859, 3858, 3857, 3856, 3855, 3854, 3853, 3852, 3851, 3850, 3849, 3848, 3847, 3846, 3845, 3844, 3843, 3842, 3841, 3840, 3839, 3838, 3837, 3836, 3835, 3834, 3833, 3829, 3830, 3831, 3832, 3608, 3609, 3610, 3611, 3612, 3613, 3614, 3615, 3616, 3617, 3618, 3619, 3620, 3621, 3622, 3623, 3624, 3625, 3626, 3627, 3628, 3629, 3630, 3631, 3632, 3633, 3634, 3635, 3636, 3637, 3638, 3639, 3640, 3641, 3642, 3643, 3644, 3645, 3646, 3647, 3648, 3649, 3650, 3651, 3652, 3653, 3654, 3655, 3656, 3657, 3658, 3659, 3660, 3661, 3662, 3663, 3664, 3665, 3666, 3667, 3668, 3669, 3670, 3671, 3672, 3673, 3674, 3675, 3676, 3677, 3678, 3679, 3680, 3681, 3682, 3683, 3684, 3685, 3686, 3687, 3688, 3689, 3690, 3691, 3692, 3693, 3694, 3695, 3696, 3697, 3698, 3699, 3700, 3701, 3702, 3703, 3704, 3705, 3706, 3707, 3708, 3709, 3710, 3711, 3712, 3713, 3714, 3715, 3716, 3717, 3718, 3719, 3720, 3721, 3722, 3723, 3724, 3725, 3726, 3727, 3728, 3729, 3730, 3731, 3732, 3733, 3734, 3735, 3736, 3737, 3738, 3739, 3740, 3741, 3742, 3743, 3744, 3745, 3746, 3747, 3748, 3749, 3750, 3751, 3752, 3753, 3754, 3755, 3756, 3757, 3758, 3759, 3760, 3761, 3762, 3763, 3764, 3765, 3766, 3767, 3768, 3769, 3770, 3771, 3772, 3773, 3774, 3775, 3776, 3777, 3778, 3779, 3780, 3781, 3782, 3783, 3784, 3785, 3786, 3787, 3788, 3789, 3790, 3791, 3792, 3793, 3794, 3795, 3796, 3797, 3798, 3799, 3800, 3801, 3802, 3803, 3804, 3805, 3806, 3807, 3808, 3809, 3810, 3811, 3812, 3813, 3814, 3815, 3816, 3817, 3818, 3819, 3820, 3821, 3822, 3823, 3824, 3825, 3826, 3827, 3828, 3607, 3606, 3605, 3604, 3603, 3602, 3601, 3600, 3599, 3598, 3597, 3596, 3595, 3594, 3593, 3592, 3591, 3590, 3589, 3588, 3587, 3586, 3585, 3584, 3583, 3582, 3581, 3580, 3579, 3578, 3577, 3576, 3575, 3574, 3573, 3572, 3571, 3570, 3569, 3568, 3567, 3566, 3565, 3564, 3563, 3562, 3561, 3560, 3559, 3558, 3557, 3556, 3555, 3554, 3553, 3552, 3551, 3550, 3549, 3548, 3547, 3546, 3545, 3544, 3543, 3542, 3541, 3540, 3539, 3538, 3537, 3536, 3535, 3534, 3533, 3532, 3531, 3530, 3529, 3528, 3527, 3526, 3525, 3524, 3523, 3522, 3521, 3520, 3519, 3518, 3517, 3516, 3515, 3514, 3513, 3512, 3511, 3510, 3509, 3508, 3507, 3506, 3505, 3504, 3503, 3502, 3501, 3500, 3499, 3498, 3497, 3496, 3495, 3494, 3493, 3492, 3491, 3490, 3489, 3488, 3487, 3486, 3485, 3484, 3483, 3482, 3481, 3480, 3479, 3478, 3477, 3476, 3475, 3474, 3473, 3472, 3471, 3470, 3469, 3468, 3467, 3466, 3465, 3464, 3463, 3462, 3461, 3460, 3459, 3458, 3457, 3456, 3455, 3454, 3453, 3452, 3451, 3450, 3449, 3448, 3447, 3446, 3445, 3444, 3443, 3442, 3441, 3440, 3439, 3438, 3437, 3436, 3435, 3434, 3433, 3432, 3431, 3430, 3429, 3428, 3427, 3426, 3425, 3424, 3423, 3422, 3421, 3420, 3419, 3418, 3417, 3416, 3415, 3414, 3413, 3412, 3411, 3410, 3409, 3408, 3407, 3406, 3405, 3404, 3403, 3402, 3401, 3400, 3399, 3398, 3397, 3396, 3395, 3394, 3393, 3392, 3391, 3390, 3389, 3386, 3387, 3388, 3168, 3169, 3170, 3171, 3172, 3173, 3174, 3175, 3176, 3177, 3178, 3179, 3180, 3181, 3182, 3183, 3184, 3185, 3186, 3187, 3188, 3189, 3190, 3191, 3192, 3193, 3194, 3195, 3196, 3197, 3198, 3199, 3200, 3201, 3202, 3203, 3204, 3205, 3206, 3207, 3208, 3209, 3210, 3211, 3212, 3213, 3214, 3215, 3216, 3217, 3218, 3219, 3220, 3221, 3222, 3223, 3224, 3225, 3226, 3227, 3228, 3229, 3230, 3231, 3232, 3233, 3234, 3235, 3236, 3237, 3238, 3239, 3240, 3241, 3242, 3243, 3244, 3245, 3246, 3247, 3248, 3249, 3250, 3251, 3252, 3253, 3254, 3255, 3256, 3257, 3258, 3259, 3260, 3261, 3262, 3263, 3264, 3265, 3266, 3267, 3268, 3269, 3270, 3271, 3272, 3273, 3274, 3275, 3276, 3277, 3278, 3279, 3280, 3281, 3282, 3283, 3284, 3285, 3286, 3287, 3288, 3289, 3290, 3291, 3292, 3293, 3294, 3295, 3296, 3297, 3298, 3299, 3300, 3301, 3302, 3303, 3304, 3305, 3306, 3307, 3308, 3309, 3310, 3311, 3312, 3313, 3314, 3315, 3316, 3317, 3318, 3319, 3320, 3321, 3322, 3323, 3324, 3325, 3326, 3327, 3328, 3329, 3330, 3331, 3332, 3333, 3334, 3335, 3336, 3337, 3338, 3339, 3340, 3341, 3342, 3343, 3344, 3345, 3346, 3347, 3348, 3349, 3350, 3351, 3352, 3353, 3354, 3355, 3356, 3357, 3358, 3359, 3360, 3361, 3362, 3363, 3364, 3365, 3366, 3367, 3368, 3369, 3370, 3371, 3372, 3373, 3374, 3375, 3376, 3377, 3378, 3379, 3380, 3381, 3382, 3383, 3384, 3385, 3164, 3163, 3162, 3161, 3160, 3159, 3158, 3157, 3156, 3155, 3154, 3153, 3152, 3151, 3150, 3149, 3148, 3147, 3146, 3145, 3144, 3143, 3142, 3141, 3140, 3139, 3138, 3137, 3136, 3135, 3134, 3133, 3132, 3131, 3130, 3129, 3128, 3127, 3126, 3125, 3124, 3123, 3122, 3121, 3120, 3119, 3118, 3117, 3116, 3115, 3114, 3113, 3112, 3111, 3110, 3109, 3108, 3107, 3106, 3105, 3104, 3103, 3102, 3101, 3100, 3099, 3098, 3097, 3096, 3095, 3094, 3093, 3092, 3091, 3090, 3089, 3088, 3087, 3086, 3085, 3084, 3083, 3082, 3081, 3080, 3079, 3078, 3077, 3076, 3075, 3074, 3073, 3072, 3071, 3070, 3069, 3068, 3067, 3066, 3065, 3064, 3063, 3062, 3061, 3060, 3059, 3058, 3057, 3056, 3055, 3054, 3053, 3052, 3051, 3050, 3049, 3048, 3047, 3046, 3045, 3044, 3043, 3042, 3041, 3040, 3039, 3038, 3037, 3036, 3035, 3034, 3033, 3032, 3031, 3030, 3029, 3028, 3027, 3026, 3025, 3024, 3023, 3022, 3021, 3020, 3019, 3018, 3017, 3016, 3015, 3014, 3013, 3012, 3011, 3010, 3009, 3008, 3007, 3006, 3005, 3004, 3003, 3002, 3001, 3000, 2999, 2998, 2997, 2996, 2995, 2994, 2993, 2992, 2991, 2990, 2989, 2988, 2987, 2986, 2985, 2984, 2983, 2982, 2981, 2980, 2979, 2978, 2977, 2976, 2975, 2974, 2973, 2972, 2971, 2970, 2969, 2968, 2967, 2966, 2965, 2964, 2963, 2962, 2961, 2960, 2959, 2958, 2957, 2956, 2955, 2954, 2953, 2952, 2951, 2950, 2949, 2948, 3167, 3165, 3166, 2947, 2946, 2945, 2725, 2726, 2727, 2728, 2729, 2730, 2731, 2732, 2733, 2734, 2735, 2736, 2737, 2738, 2739, 2740, 2741, 2742, 2743, 2744, 2745, 2746, 2747, 2748, 2749, 2750, 2751, 2752, 2753, 2754, 2755, 2756, 2757, 2758, 2759, 2760, 2761, 2762, 2763, 2764, 2765, 2766, 2767, 2768, 2769, 2770, 2771, 2772, 2773, 2774, 2775, 2776, 2777, 2778, 2779, 2780, 2781, 2782, 2783, 2784, 2785, 2786, 2787, 2788, 2789, 2790, 2791, 2792, 2793, 2794, 2795, 2796, 2797, 2798, 2799, 2800, 2801, 2802, 2803, 2804, 2805, 2806, 2807, 2808, 2809, 2810, 2811, 2812, 2813, 2814, 2815, 2816, 2817, 2818, 2819, 2820, 2821, 2822, 2823, 2824, 2825, 2826, 2827, 2828, 2829, 2830, 2831, 2832, 2833, 2834, 2835, 2836, 2837, 2838, 2839, 2840, 2841, 2842, 2843, 2844, 2845, 2846, 2847, 2848, 2849, 2850, 2851, 2852, 2853, 2854, 2855, 2856, 2857, 2858, 2859, 2860, 2861, 2862, 2863, 2864, 2865, 2866, 2867, 2868, 2869, 2870, 2871, 2872, 2873, 2874, 2875, 2876, 2877, 2878, 2879, 2880, 2881, 2882, 2883, 2884, 2885, 2886, 2887, 2888, 2889, 2890, 2891, 2892, 2893, 2894, 2895, 2896, 2897, 2898, 2899, 2900, 2901, 2902, 2903, 2904, 2905, 2906, 2907, 2908, 2909, 2910, 2911, 2912, 2913, 2914, 2915, 2916, 2917, 2918, 2919, 2920, 2921, 2922, 2923, 2924, 2925, 2926, 2927, 2928, 2929, 2930, 2931, 2932, 2933, 2934, 2935, 2936, 2937, 2938, 2939, 2940, 2941, 2942, 2944, 2943, 2724, 2723, 2722, 2721, 2720, 2719, 2718, 2717, 2716, 2715, 2714, 2713, 2712, 2711, 2710, 2709, 2708, 2707, 2706, 2705, 2704, 2703, 2702, 2701, 2700, 2699, 2698, 2697, 2696, 2695, 2694, 2693, 2692, 2691, 2690, 2689, 2688, 2687, 2686, 2685, 2684, 2683, 2682, 2681, 2680, 2679, 2678, 2677, 2676, 2675, 2674, 2673, 2672, 2671, 2670, 2669, 2668, 2667, 2666, 2665, 2664, 2663, 2662, 2661, 2660, 2659, 2658, 2657, 2656, 2655, 2654, 2653, 2652, 2651, 2650, 2649, 2648, 2647, 2646, 2645, 2644, 2643, 2642, 2641, 2640, 2639, 2638, 2637, 2636, 2635, 2634, 2633, 2632, 2631, 2630, 2629, 2628, 2627, 2626, 2625, 2624, 2623, 2622, 2621, 2620, 2619, 2618, 2617, 2616, 2615, 2614, 2613, 2612, 2611, 2610, 2609, 2608, 2607, 2606, 2605, 2604, 2603, 2602, 2601, 2600, 2599, 2598, 2597, 2596, 2595, 2594, 2593, 2592, 2591, 2590, 2589, 2588, 2587, 2586, 2585, 2584, 2583, 2582, 2581, 2580, 2579, 2578, 2577, 2576, 2575, 2574, 2573, 2572, 2571, 2570, 2569, 2568, 2567, 2566, 2565, 2564, 2563, 2562, 2561, 2560, 2559, 2558, 2557, 2556, 2555, 2554, 2553, 2552, 2551, 2550, 2549, 2548, 2547, 2546, 2545, 2544, 2543, 2542, 2541, 2540, 2539, 2538, 2537, 2536, 2535, 2534, 2533, 2532, 2531, 2530, 2529, 2528, 2527, 2526, 2525, 2524, 2523, 2522, 2521, 2520, 2519, 2518, 2517, 2516, 2515, 2514, 2513, 2512, 2511, 2510, 2509, 2508, 2507, 2506, 2397, 2398, 2399, 2400, 2401, 2402, 2403, 2404, 2405, 2406, 2407, 2408, 2409, 2410, 2411, 2412, 2413, 2414, 2415, 2416, 2417, 2418, 2419, 2420, 2421, 2422, 2423, 2424, 2425, 2426, 2427, 2428, 2429, 2430, 2431, 2432, 2433, 2434, 2435, 2436, 2437, 2438, 2439, 2440, 2441, 2442, 2443, 2444, 2445, 2446, 2447, 2448, 2449, 2450, 2451, 2452, 2453, 2454, 2455, 2456, 2457, 2458, 2459, 2460, 2461, 2462, 2463, 2464, 2465, 2466, 2467, 2468, 2469, 2470, 2471, 2472, 2473, 2474, 2475, 2476, 2477, 2478, 2479, 2480, 2481, 2482, 2483, 2484, 2485, 2486, 2487, 2488, 2489, 2490, 2491, 2492, 2493, 2494, 2495, 2496, 2497, 2498, 2499, 2500, 2501, 2502, 2503, 2504, 2505, 2226, 2227, 2228, 2229, 2230, 2231, 2232, 2233, 2234, 2235, 2236, 2237, 2238, 2239, 2240, 2241, 2242, 2243, 2244, 2245, 2246, 2247, 2248, 2249, 2250, 2251, 2252, 2253, 2254, 2255, 2256, 2257, 2258, 2259, 2260, 2261, 2262, 2263, 2264, 2265, 2266, 2267, 2268, 2269, 2270, 2271, 2272, 2273, 2274, 2275, 2276, 2277, 2278, 2279, 2280, 2281, 2282, 2283, 2284, 2285, 2286, 2287, 2288, 2289, 2290, 2291, 2292, 2293, 2294, 2295, 2296, 2297, 2298, 2299, 2300, 2301, 2302, 2303, 2304, 2305, 2306, 2307, 2308, 2309, 2310, 2311, 2312, 2313, 2314, 2315, 2316, 2317, 2318, 2319, 2320, 2321, 2322, 2323, 2324, 2325, 2326, 2327, 2328, 2329, 2330, 2331, 2332, 2333, 2334, 2335, 2336, 2337, 1998, 1997, 1996, 1995, 1994, 1993, 1992, 1991, 1990, 1989, 1988, 1987, 1986, 1985, 1984, 1983, 1982, 1981, 1980, 1979, 1978, 1977, 1976, 1975, 1974, 1973, 1972, 1971, 1970, 1969, 1968, 1967, 1966, 1965, 1964, 1963, 1962, 1961, 1960, 1959, 1958, 1957, 1956, 1955, 1954, 1953, 1952, 1951, 1950, 1949, 1948, 1947, 1946, 1945, 1944, 1943, 1942, 1941, 1940, 1939, 1938, 1937, 1936, 1935, 1934, 1933, 1932, 1931, 1930, 1929, 1928, 1927, 1926, 1925, 1924, 1923, 1922, 1921, 1920, 1919, 1918, 1917, 1916, 1915, 1914, 1913, 1912, 1911, 1910, 1909, 1908, 1907, 1906, 1905, 1904, 1903, 1902, 1901, 1900, 1899, 1898, 1897, 1896, 1895, 1894, 1893, 1892, 1891, 1890, 1889, 1888, 2216, 2215, 2214, 2213, 2212, 2211, 2210, 2209, 2208, 2207, 2206, 2205, 2204, 2203, 2202, 2201, 2200, 2199, 2198, 2197, 2196, 2195, 2194, 2193, 2192, 2191, 2190, 2189, 2188, 2187, 2186, 2185, 2184, 2183, 2182, 2181, 2180, 2179, 2178, 2177, 2176, 2175, 2174, 2173, 2172, 2171, 2170, 2169, 2168, 2167, 2166, 2165, 2164, 2163, 2162, 2161, 2160, 2159, 2158, 2157, 2156, 2155, 2154, 2153, 2152, 2151, 2150, 2149, 2148, 2147, 2146, 2145, 2144, 2143, 2142, 2141, 2140, 2139, 2138, 2137, 2136, 2135, 2134, 2133, 2132, 2131, 2130, 2129, 2128, 2127, 2126, 2125, 2124, 2123, 2122, 2121, 2120, 2119, 2118, 2117, 2116, 2115, 2114, 2113, 2112, 2111, 2110, 2109, 2396, 2395, 2108, 2107, 2106, 2105, 1753, 1754, 1755, 1756, 1757, 1758, 1759, 1760, 1761, 1762, 1763, 1764, 1765, 1766, 1767, 1768, 1769, 1770, 1771, 1772, 1773, 1774, 1775, 1776, 1777, 1778, 1779, 1780, 1781, 1782, 1783, 1784, 1785, 1786, 1787, 1788, 1789, 1790, 1791, 1792, 1793, 1794, 1795, 1796, 1797, 1798, 1799, 1800, 1801, 1802, 1803, 1804, 1805, 1806, 1807, 1808, 1809, 1810, 1811, 1812, 1813, 1814, 1815, 1816, 1817, 1818, 1819, 1820, 1821, 1822, 1823, 1824, 1825, 1826, 1827, 1828, 1829, 1830, 1831, 1832, 1833, 1834, 1835, 1836, 1837, 1838, 1839, 1840, 1841, 1842, 1843, 1844, 1845, 1846, 1847, 1848, 1849, 1850, 1851, 1852, 1853, 1854, 1855, 1856, 1857, 1858, 1859, 1860, 1861, 1862, 1863, 1436, 1437, 1438, 1439, 1440, 1441, 1442, 1443, 1444, 1445, 1446, 1447, 1448, 1449, 1450, 1451, 1452, 1453, 1454, 1455, 1456, 1457, 1458, 1459, 1460, 1461, 1561, 1560, 1559, 1558, 1557, 1556, 1555, 1554, 1553, 1552, 1551, 1550, 1549, 1548, 1547, 956, 957, 958, 959, 960, 961, 962, 963, 964, 965, 966, 967, 968, 969, 970, 971, 972, 973, 974, 975, 976, 977, 978, 979, 980, 981, 982, 983, 984, 985, 986, 987, 988, 989, 990, 991, 992, 993, 994, 995, 996, 997, 998, 999, 1000, 1001, 1002, 1003, 1004, 1005, 1006, 1007, 1008, 1009, 1010, 1011, 1012, 1013, 1014, 1015, 1016, 1017, 1018, 1019, 1020, 1021, 1022, 1023, 1024, 1025, 1026, 1027, 1028, 1029, 1030, 1031, 1032, 1033, 1034, 1035, 1036, 1037, 1038, 1039, 1040, 1041, 1042, 1043, 1044, 1045, 1046, 1047, 1048, 1049, 1050, 1051, 1052, 1053, 1054, 1055, 1056, 1641, 1640, 1639, 1638, 1637, 1636, 1635, 1634, 1633, 1632, 1631, 1630, 1629, 1628, 1627, 1626, 1625, 1624, 1623, 1622, 1621, 1620, 1619, 1618, 1617, 1616, 1615, 1614, 1613, 1612, 1611, 1610, 1609, 1608, 1607, 1606, 1605, 1604, 1603, 1602, 1601, 1600, 1599, 1598, 1597, 1596, 1595, 1594, 1593, 1592, 1591, 1590, 1589, 1588, 1587, 1586, 1585, 1584, 1583, 1582, 1581, 1580, 1579, 1578, 1577, 1576, 1575, 1574, 1573, 1572, 1571, 1570, 1569, 1568, 1567, 1566, 1565, 1564, 1563, 1562, 1467, 1468, 1469, 1470, 1471, 1472, 1473, 1474, 1475, 1476, 1477, 1478, 1479, 1480, 1481, 1482, 1483, 1484, 1485, 1486, 1487, 1488, 1489, 1490, 1491, 1492, 1493, 1494, 1495, 1496, 1497, 1498, 1499, 1500, 1501, 1502, 1503, 1504, 1505, 1506, 1507, 1508, 1509, 1510, 1511, 1512, 1513, 1514, 1515, 1516, 1517, 1518, 1519, 1520, 1521, 1522, 1523, 1524, 1525, 1526, 1527, 1528, 1529, 1530, 1531, 1532, 1533, 1534, 1535, 1536, 1537, 1538, 1539, 1540, 1541, 1542, 1543, 1544, 1545, 1546, 1277, 1276, 1275, 1274, 1273, 1272, 1271, 1270, 1269, 1268, 1267, 1266, 1265, 1264, 1263, 1262, 1261, 1260, 1259, 1258, 1257, 1256, 1255, 1254, 1253, 1252, 1251, 1250, 1249, 1248, 1247, 1246, 1245, 1244, 1243, 1242, 1241, 1240, 1239, 1238, 1237, 1236, 1235, 1234, 1233, 1232, 1231, 1230, 1229, 1228, 1227, 1226, 1225, 1224, 1223, 1222, 1221, 1220, 1219, 1218, 1217, 1216, 1215, 1214, 1213, 1212, 1211, 1210, 1209, 1208, 1207, 1206, 1205, 1204, 1203, 1202, 1201, 1200, 1199, 1198, 1197, 1196, 1195, 1194, 1193, 1192, 1191, 1190, 1189, 1188, 1187, 1186, 1185, 1086, 1085, 1084, 1083, 1082, 1081, 1080, 1079, 1078, 1077, 1076, 1075, 1074, 1073, 1072, 951, 950, 949, 948, 947, 946, 1391, 1390, 1389, 1388, 1387, 1386, 1385, 1384, 1383, 1382, 1381, 1380, 1379, 1378, 1377, 1376, 1375, 1374, 1373, 1372, 1371, 1370, 1369, 1368, 1367, 1366, 1365, 1364, 1363, 1362, 1361, 1360, 1359, 1358, 1357, 1356, 1355, 1354, 1353, 1352, 1351, 1350, 1349, 1348, 1347, 1346, 1345, 1344, 1343, 1342, 1341, 1340, 1339, 1338, 1337, 1336, 1335, 1334, 1333, 1332, 1331, 1330, 1329, 1328, 1327, 1326, 1325, 1324, 1323, 1322, 1321, 1320, 1319, 1318, 1317, 1316, 1315, 1314, 1313, 1312, 1311, 1310, 1309, 1308, 1307, 1306, 1305, 1304, 1303, 1302, 1301, 1300, 1299, 1298, 1297, 1296, 1295, 1294, 1293, 1292, 1291, 1290, 1289, 1288, 1287, 1286, 1285, 1284, 1283, 1282, 1281, 777, 778, 779, 780, 781, 782, 783, 784, 785, 786, 787, 788, 789, 790, 791, 792, 793, 794, 795, 796, 797, 798, 799, 800, 801, 802, 803, 804, 805, 806, 807, 808, 809, 810, 811, 812, 813, 814, 815, 816, 817, 818, 819, 820, 821, 822, 823, 824, 825, 826, 827, 828, 829, 830, 831, 832, 833, 834, 835, 836, 837, 838, 839, 840, 841, 842, 843, 844, 845, 846, 847, 848, 849, 850, 851, 852, 853, 854, 855, 856, 857, 858, 859, 860, 861, 862, 863, 864, 865, 866, 867, 868, 869, 887, 888, 889, 890, 891, 892, 893, 894, 895, 896, 897, 898, 899, 900, 938, 939, 937, 880, 881, 882, 883, 884, 885, 886, 563, 562, 561, 560, 559, 558, 557, 556, 555, 554, 553, 552, 551, 550, 549, 548, 547, 546, 545, 544, 543, 542, 541, 540, 539, 538, 537, 536, 535, 534, 533, 532, 531, 530, 529, 528, 527, 526, 525, 524, 523, 522, 521, 520, 519, 518, 517, 516, 515, 514, 513, 512, 511, 510, 509, 508, 507, 506, 505, 504, 503, 502, 501, 500, 499, 498, 497, 496, 495, 494, 493, 492, 491, 490, 489, 488, 487, 486, 485, 484, 483, 482, 481, 480, 479, 478, 477, 476, 475, 474, 473, 472, 471, 470, 469, 468, 467, 466, 465, 464, 463, 462, 461, 460, 459, 458, 457, 456, 455, 454, 242, 241, 240, 68, 69, 70, 71, 72, 73, 74, 75, 76, 77, 78, 79, 80, 81, 82, 83, 84, 85, 86, 87, 88, 89, 90, 91, 92, 93, 94, 95, 96, 97, 98, 99, 100, 101, 102, 103, 104, 105, 106, 107, 108, 109, 110, 111, 112, 113, 114, 115, 116, 117, 118, 119, 120, 121, 122, 123, 124, 125, 126, 127, 128, 129, 130, 131, 132, 133, 134, 135, 136, 137, 138, 139, 140, 141, 142, 143, 144, 145, 146, 147, 148, 149, 150, 151, 152, 153, 154, 155, 156, 157, 158, 159, 160, 161, 162, 163, 435, 434, 433, 432, 431, 430, 429, 428, 427, 426, 425, 424, 423, 422, 421, 420, 419, 418, 417, 416, 415, 414, 413, 412, 411, 410, 409, 408, 407, 406, 405, 404, 403, 402, 401, 400, 399, 398, 397, 396, 395, 394, 393, 392, 391, 390, 389, 388, 387, 386, 385, 384, 383, 382, 381, 380, 379, 378, 377, 376, 375, 374, 373, 372, 371, 370, 369, 368, 367, 366, 365, 364, 363, 362, 361, 360, 359, 358, 357, 356, 355, 354, 353, 352, 351, 350, 349, 348, 347, 346, 345, 344, 343, 342, 341, 243, 244, 245, 246, 247, 248, 249, 250, 251, 252, 253, 254, 255, 256, 257, 258, 259, 260, 261, 262, 263, 264, 265, 266, 267, 268, 269, 270, 271, 272, 273, 274, 275, 276, 277, 278, 279, 280, 281, 282, 283, 284, 285, 286, 287, 288, 289, 290, 291, 292, 293, 294, 295, 296, 297, 298, 299, 300, 301, 302, 303, 304, 305, 306, 307, 308, 309, 310, 311, 312, 313, 314, 315, 316, 317, 318, 319, 320, 321, 322, 323, 324, 325, 326, 327, 328, 329, 330, 331, 332, 333, 334, 335, 336, 337, 338, 339, 340, 1279, 1280, 1278, 776, 775, 774, 773, 765, 764, 763, 762, 761, 760, 759, 758, 757, 756, 755, 754, 753, 752, 751, 750, 749, 748, 747, 746, 745, 744, 743, 742, 741, 740, 739, 738, 737, 736, 735, 734, 733, 732, 731, 730, 729, 728, 727, 726, 725, 724, 723, 722, 721, 720, 719, 718, 717, 716, 715, 714, 713, 712, 711, 710, 709, 708, 707, 706, 705, 704, 703, 702, 701, 700, 699, 698, 697, 696, 695, 694, 693, 692, 691, 690, 689, 688, 687, 686, 685, 684, 683, 682, 681, 680, 679, 678, 677, 676, 675, 674]
uncompressed_zig: [2394, 2393, 2392, 2391, 2389, 2390, 2388, 2387, 2386, 2385, 2384, 2383, 2382, 2381, 2380, 2379, 2378, 2377, 2376, 2375, 2374, 2373, 2372, 2371, 2370, 2369, 2368, 2367, 2366, 2365, 2364, 2363, 2362, 2361, 2360, 2359, 2358, 2357, 2356, 2355, 2354, 2353, 2352, 2351, 2350, 2349, 2348, 2347, 2346, 2345, 2344, 2343, 2342, 2341, 2340, 2339, 2338, 2222, 2223, 2224, 2225, 1880, 1881, 1882, 2007, 2008, 2009, 2011, 2010, 1659, 1660, 1661, 1662, 1663, 1664, 1665, 1666, 1667, 1668, 1669, 1670, 1671, 1672, 1673, 1674, 1675, 1676, 1677, 1678, 1679, 1680, 1681, 1682, 1683, 1684, 1685, 1686, 1687, 1688, 1689, 1690, 1691, 1692, 1693, 1694, 1695, 1696, 1697, 1698, 1699, 1700, 1701, 1702, 1703, 1704, 1705, 1706, 1707, 1708, 1709, 1710, 1711, 1712, 1713, 1714, 1715, 1716, 1717, 1718, 1719, 1720, 1721, 1722, 1723, 1724, 1725, 1726, 1727, 1728, 1729, 1730, 1731, 1732, 1733, 1734, 1735, 1736, 1737, 1738, 1739, 1740, 1741, 1742, 1743, 1744, 1745, 1746, 1747, 1748, 1749, 1750, 1751, 1752, 2104, 2103, 2102, 2101, 2100, 2099, 2098, 2097, 2096, 2095, 2094, 2093, 2092, 2091, 2090, 2089, 2088, 2087, 2086, 2085, 2084, 2083, 2082, 2081, 2080, 2079, 2078, 2077, 2076, 2075, 2074, 2073, 2072, 2071, 2070, 2069, 2068, 2067, 2066, 2065, 2064, 2063, 2062, 2061, 2060, 2059, 2058, 2057, 2056, 2055, 2054, 2053, 2052, 2051, 2050, 2049, 2048, 2047, 2046, 2045, 2044, 2043, 2042, 2041, 2040, 2039, 2038, 2037, 2036, 2035, 2034, 2033, 2032, 2031, 2030, 2029, 2028, 2027, 2026, 2025, 2024, 2023, 2022, 2021, 2020, 2019, 2018, 2017, 2016, 2015, 2014, 2013, 2012, 1658, 1657, 1656, 1655, 1654, 1423, 1422, 1421, 1879, 1878, 1877, 1876, 1875, 1415, 1414, 1416, 1417, 1418, 1419, 1420, 926, 927, 928, 1087, 1088, 1089, 1090, 1091, 1092, 1093, 1094, 1095, 1096, 1097, 1098, 1099, 1100, 1101, 1102, 1103, 1104, 1105, 1106, 1107, 1108, 1109, 1110, 1111, 1112, 1113, 1114, 1115, 1116, 1117, 1118, 1119, 1120, 1121, 1122, 1123, 1124, 1125, 1126, 1127, 1128, 1129, 1130, 1131, 1132, 1133, 1134, 1135, 1136, 1137, 1138, 1139, 1140, 1141, 1142, 1143, 1144, 1145, 1146, 1147, 1148, 1149, 1150, 1151, 1152, 1153, 1154, 1155, 1156, 1157, 1158, 1159, 1160, 1161, 1162, 1163, 1164, 1165, 1166, 1167, 1168, 1169, 1170, 1171, 1172, 1173, 1174, 1175, 1176, 1177, 1178, 1179, 1180, 1181, 1182, 1183, 1184, 673, 672, 671, 670, 669, 668, 667, 666, 665, 664, 663, 662, 661, 660, 659, 658, 657, 656, 655, 654, 653, 652, 651, 650, 649, 648, 647, 646, 645, 644, 643, 642, 641, 640, 639, 638, 637, 636, 635, 634, 633, 632, 631, 630, 629, 628, 627, 626, 625, 624, 623, 622, 621, 620, 619, 618, 617, 616, 615, 614, 613, 612, 611, 610, 609, 608, 607, 606, 605, 604, 603, 602, 601, 600, 599, 598, 597, 596, 595, 594, 593, 592, 591, 590, 589, 588, 587, 586, 585, 584, 583, 582, 581, 580, 579, 578, 577, 576, 575, 574, 573, 572, 571, 570, 569, 568, 567, 566, 565, 564, 1058, 1057, 945, 944, 943, 1432, 1431, 1430, 1887, 1886, 1884, 1883, 1885, 1869, 1868, 1867, 1866, 1865, 1864, 1424, 1425, 1426, 1427, 1428, 1429, 941, 942, 940, 936, 935, 934, 933, 932, 931, 930, 929, 1392, 1393, 1394, 1395, 1396, 1397, 1398, 1403, 1404, 1405, 1406, 1407, 1408, 1409, 1410, 1411, 1412, 1413, 1653, 1652, 1651, 2006, 2004, 2005, 1650, 1649, 1648, 1647, 1646, 1874, 1873, 2221, 2220, 1870, 1872, 1871, 2219, 2217, 2218, 2003, 2002, 1645, 1644, 1433, 1434, 1435, 1643, 1642, 2000, 1999, 2001, 1061, 1060, 1059, 1062, 1063, 1064, 1065, 1066, 1067, 1068, 1069, 1070, 1071, 925, 924, 923, 922, 921, 920, 919, 918, 917, 916, 915, 914, 913, 912, 911, 910, 909, 908, 907, 906, 905, 904, 903, 902, 901, 766, 767, 768, 769, 770, 771, 772, 1402, 1401, 1400, 1399, 448, 447, 446, 445, 444, 443, 442, 441, 440, 439, 438, 437, 436, 239, 238, 237, 236, 235, 234, 233, 232, 231, 230, 229, 228, 227, 226, 225, 224, 223, 222, 221, 220, 219, 218, 217, 216, 215, 214, 213, 212, 211, 210, 209, 208, 207, 206, 205, 204, 203, 202, 201, 200, 199, 198, 197, 196, 195, 194, 193, 192, 191, 190, 189, 188, 187, 186, 185, 184, 183, 182, 181, 180, 179, 178, 177, 176, 175, 174, 173, 172, 171, 170, 169, 168, 167, 166, 165, 164, 6, 5, 4, 3, 2, 1, 59, 60, 61, 62, 63, 64, 65, 66, 67, 7, 8, 9, 10, 11, 12, 13, 14, 15, 16, 17, 18, 19, 20, 21, 22, 23, 24, 25, 26, 27, 28, 29, 30, 31, 32, 33, 34, 35, 36, 37, 38, 39, 40, 41, 42, 43, 44, 45, 46, 47, 48, 49, 50, 51, 52, 53, 54, 55, 56, 57, 58, 449, 450, 451, 452, 453, 5839, 5840, 5841, 5842, 5843, 5844, 5845, 5846, 5847, 5848, 5849, 5850, 5851, 5852, 5853, 5854, 5855, 5856, 5857, 5858, 5859, 5860, 5861, 5862, 5863, 5864, 5865, 5992, 5993, 5994, 5995, 5996, 5997, 5998, 5999, 6000, 6001, 6002, 6003, 6004, 6005, 6006, 6007, 6008, 6009, 6010, 6011, 6073, 6072, 6071, 6070, 6069, 6068, 6067, 6066, 5986, 5985, 5983, 5984, 5987, 5988, 5989, 5990, 5991, 5867, 5866, 5868, 5869, 5870, 5871, 5872, 5873, 5874, 5875, 5876, 5877, 5878, 5879, 5880, 5881, 5882, 5883, 5884, 5885, 5886, 5887, 5888, 5889, 5890, 5891, 5892, 5893, 5894, 5895, 5896, 5897, 5898, 5899, 5900, 5901, 5902, 5903, 5904, 5905, 5906, 5907, 5908, 5909, 5910, 5911, 5912, 5913, 5914, 5915, 5916, 5917, 5918, 5919, 5920, 5921, 5922, 5923, 5924, 5925, 5926, 5927, 5931, 5928, 5932, 5929, 5933, 5930, 6012, 6013, 6014, 6015, 6016, 6017, 6018, 6019, 6020, 5941, 5934, 6021, 5942, 5935, 6022, 5943, 5936, 6023, 5937, 6024, 5938, 6025, 5939, 6026, 5944, 5940, 6027, 5945, 6028, 5946, 6029, 5947, 6030, 5948, 6031, 5949, 6032, 5950, 6033, 5951, 6034, 5952, 6035, 5953, 6036, 5954, 6037, 5955, 6038, 5956, 6039, 5957, 6040, 5958, 6041, 5959, 6042, 5960, 6043, 5961, 6044, 5962, 6045, 5963, 6046, 5964, 6047, 5965, 6048, 5966, 6049, 5967, 6050, 5968, 6051, 5969, 6052, 5970, 6053, 5971, 6054, 5972, 6055, 5973, 6056, 5974, 6057, 6059, 6074, 6075, 6076, 6077, 6078, 6079, 6080, 6081, 6082, 6083, 6065, 6064, 6060, 6063, 6062, 6058, 6061, 5978, 5979, 5980, 5981, 5982, 5838, 5837, 5836, 5835, 5834, 5977, 5833, 5976, 5832, 5975, 5831, 5830, 5829, 5828, 5827, 5826, 5825, 5824, 5823, 5822, 5821, 5820, 5819, 5818, 5817, 5816, 5815, 5814, 5813, 5812, 5811, 5810, 5809, 5808, 5807, 5806, 5805, 5804, 5803, 5802, 5801, 5800, 5799, 5798, 5797, 5796, 5795, 5794, 5793, 5792, 5791, 5790, 5789, 5788, 5787, 5786, 5785, 5784, 5783, 5782, 5781, 5780, 5779, 5778, 5777, 5776, 5775, 5774, 5773, 5772, 5771, 5770, 5769, 5768, 5767, 5766, 5765, 5764, 5763, 5762, 5761, 5760, 5759, 5758, 5757, 5756, 5755, 5754, 5753, 5752, 5751, 5750, 5749, 5748, 5747, 5746, 5745, 5744, 5743, 5742, 5741, 5740, 5739, 5738, 5737, 5736, 5735, 5734, 5733, 5732, 5731, 5730, 5729, 5728, 5727, 5726, 5725, 5724, 5722, 5723, 5721, 5720, 5719, 5718, 5717, 5716, 5715, 5714, 5713, 5712, 5711, 5710, 5709, 5708, 5707, 5706, 5705, 5704, 5703, 5702, 5701, 5700, 5699, 5698, 5697, 5696, 5695, 5694, 5693, 5692, 5691, 5690, 5689, 5688, 5687, 5686, 5685, 5684, 5683, 5682, 5681, 5680, 5679, 5678, 5677, 5676, 5675, 5674, 5673, 5672, 5671, 5670, 5669, 5668, 5667, 5666, 5665, 5664, 5663, 5662, 5661, 5660, 5659, 5658, 5657, 5457, 5656, 5456, 5455, 5459, 5460, 5461, 5458, 5462, 5463, 5464, 5465, 5466, 5467, 5468, 5469, 5470, 5471, 5472, 5473, 5474, 5475, 5476, 5477, 5478, 5479, 5480, 5481, 5482, 5483, 5484, 5485, 5486, 5487, 5488, 5489, 5490, 5491, 5492, 5493, 5494, 5495, 5496, 5497, 5498, 5499, 5500, 5501, 5502, 5503, 5504, 5505, 5506, 5507, 5508, 5509, 5510, 5511, 5512, 5513, 5514, 5515, 5516, 5517, 5518, 5519, 5520, 5521, 5522, 5523, 5524, 5525, 5526, 5527, 5528, 5529, 5530, 5531, 5532, 5533, 5534, 5535, 5536, 5537, 5538, 5539, 5540, 5541, 5542, 5543, 5544, 5545, 5546, 5547, 5548, 5549, 5550, 5551, 5552, 5553, 5554, 5555, 5556, 5557, 5558, 5559, 5560, 5561, 5562, 5563, 5564, 5565, 5566, 5567, 5568, 5569, 5570, 5571, 5572, 5573, 5574, 5575, 5576, 5577, 5578, 5579, 5580, 5581, 5582, 5583, 5584, 5585, 5586, 5587, 5588, 5589, 5590, 5591, 5592, 5593, 5594, 5595, 5596, 5597, 5598, 5599, 5600, 5601, 5602, 5603, 5604, 5605, 5606, 5607, 5608, 5609, 5610, 5611, 5612, 5613, 5614, 5615, 5616, 5617, 5618, 5619, 5620, 5621, 5622, 5623, 5624, 5625, 5626, 5627, 5628, 5629, 5630, 5631, 5632, 5633, 5634, 5635, 5636, 5637, 5638, 5639, 5640, 5641, 5642, 5413, 5412, 5411, 5410, 5409, 5408, 5407, 5406, 5405, 5404, 5403, 5402, 5401, 5400, 5399, 5398, 5397, 5396, 5395, 5394, 5393, 5392, 5391, 5390, 5389, 5388, 5387, 5386, 5385, 5384, 5383, 5382, 5381, 5380, 5379, 5378, 5377, 5376, 5375, 5374, 5373, 5372, 5371, 5370, 5369, 5368, 5367, 5366, 5365, 5364, 5363, 5362, 5361, 5360, 5359, 5358, 5357, 5356, 5355, 5354, 5353, 5352, 5351, 5350, 5349, 5348, 5347, 5346, 5345, 5344, 5343, 5342, 5341, 5340, 5339, 5338, 5337, 5336, 5335, 5334, 5333, 5332, 5331, 5330, 5329, 5328, 5327, 5326, 5325, 5324, 5323, 5322, 5321, 5320, 5319, 5318, 5317, 5316, 5315, 5314, 5313, 5312, 5311, 5310, 5309, 5308, 5307, 5306, 5305, 5304, 5303, 5302, 5301, 5300, 5299, 5298, 5297, 5295, 5296, 5294, 5293, 5292, 5291, 5290, 5289, 5288, 5287, 5286, 5285, 5284, 5283, 5282, 5281, 5280, 5279, 5278, 5277, 5276, 5275, 5274, 5273, 5272, 5271, 5270, 5269, 5268, 5267, 5266, 5265, 5264, 5263, 5262, 5261, 5260, 5259, 5258, 5257, 5256, 5255, 5254, 5253, 5252, 5251, 5250, 5249, 5248, 5247, 5246, 5245, 5244, 5243, 5242, 5241, 5240, 5239, 5238, 5237, 5236, 5235, 5234, 5233, 5232, 5231, 5230, 5229, 5228, 5227, 5226, 5225, 5224, 5223, 5222, 5221, 5220, 5219, 5218, 5217, 5216, 5215, 5214, 5213, 5212, 5211, 5210, 5209, 5208, 5207, 5206, 5205, 5204, 5203, 5202, 5201, 5200, 5199, 4962, 4963, 4964, 4965, 4966, 4967, 4968, 4969, 4970, 4971, 4972, 4973, 4974, 4975, 4976, 4977, 4978, 4979, 4980, 4981, 4982, 4983, 4984, 4985, 4986, 4987, 4988, 4989, 4990, 4991, 4992, 4993, 4994, 4995, 4996, 4997, 4998, 4999, 5000, 5001, 5002, 5003, 5004, 5005, 5006, 5007, 5008, 5009, 5010, 5011, 5012, 5013, 5014, 5015, 5016, 5017, 5018, 5019, 5020, 5021, 5022, 5023, 5024, 5025, 5026, 5027, 5028, 5029, 5030, 5031, 5032, 5033, 5034, 5035, 5036, 5037, 5038, 5039, 5040, 5041, 5042, 5043, 5044, 5045, 5046, 5047, 5048, 5049, 5050, 5051, 5052, 5053, 5054, 5055, 5056, 5057, 5058, 5059, 5060, 5061, 5062, 5063, 5064, 5065, 5066, 5067, 5068, 5069, 5070, 5071, 5072, 5073, 5074, 5075, 5076, 5077, 5078, 5079, 5080, 5081, 5082, 5083, 5084, 5085, 5086, 5087, 5088, 5089, 5090, 5091, 5092, 5093, 5094, 5095, 5096, 5097, 5098, 5099, 5100, 5101, 5102, 5103, 5104, 5105, 5106, 5107, 5108, 5109, 5110, 5111, 5112, 5113, 5114, 5115, 5116, 5117, 5118, 5119, 5120, 5121, 5122, 5123, 5124, 5125, 5126, 5127, 5128, 5129, 5130, 5131, 5132, 5133, 5134, 5135, 5136, 5137, 5138, 5139, 5140, 5141, 5142, 5143, 5144, 5145, 5146, 5147, 5148, 5149, 5150, 5151, 5152, 5153, 5154, 5155, 5156, 5157, 5158, 5159, 5160, 5161, 5162, 5163, 5164, 5165, 5166, 5167, 5168, 5169, 5170, 5171, 5172, 5173, 5174, 5175, 5176, 4947, 4946, 4945, 4944, 4943, 4942, 4941, 4940, 4939, 4938, 4937, 4936, 4935, 4934, 4933, 4932, 4931, 4930, 4929, 4928, 4927, 4926, 4925, 4924, 4923, 4922, 4921, 4920, 4919, 4918, 4917, 4916, 4915, 4914, 4913, 4912, 4911, 4910, 4909, 4908, 4907, 4906, 4905, 4904, 4903, 4902, 4901, 4900, 4899, 4898, 4897, 4896, 4895, 4894, 4893, 4892, 4891, 4890, 4889, 4888, 4887, 4886, 4885, 4884, 4883, 4882, 4881, 4880, 4879, 4878, 4877, 4876, 4875, 4874, 4873, 4872, 4871, 4870, 4869, 4868, 4867, 4866, 4865, 4864, 4863, 4862, 4861, 4860, 4859, 4858, 4857, 4856, 4855, 4854, 4853, 4852, 4851, 4850, 4849, 4848, 4847, 4846, 4845, 4844, 4843, 4842, 4841, 4840, 4839, 4838, 4837, 4836, 4835, 4834, 4833, 4832, 4831, 4830, 4829, 4828, 4827, 4826, 4825, 4824, 4823, 4822, 4821, 4820, 4819, 4818, 4817, 4816, 4815, 4814, 4813, 4812, 4811, 4810, 4809, 4808, 4807, 4806, 4805, 4804, 4803, 4802, 4801, 4800, 4799, 4798, 4797, 4796, 4795, 4794, 4793, 4792, 4791, 4790, 4789, 4788, 4787, 4786, 4785, 4784, 4783, 4782, 4781, 4780, 4779, 4778, 4777, 4776, 4775, 4774, 4773, 4772, 4771, 4770, 4769, 4768, 4767, 4766, 4765, 4764, 4763, 4762, 4761, 4760, 4759, 4758, 4757, 4756, 4755, 4754, 4753, 4752, 4751, 4750, 4749, 4748, 4747, 4746, 4745, 4744, 4743, 4742, 4741, 4740, 4739, 4738, 4737, 4736, 4735, 4734, 4733, 4732, 4731, 4730, 4729, 4728, 4727, 4726, 4725, 4724, 4950, 4949, 4948, 5177, 5178, 5180, 5179, 4951, 4952, 4953, 4954, 4955, 4956, 4957, 4958, 4959, 4961, 4960, 5191, 5190, 5189, 5188, 5187, 5186, 5185, 5184, 5183, 5182, 5181, 5414, 5415, 5416, 5417, 5418, 5419, 5423, 5422, 5421, 5420, 5192, 5193, 5194, 5195, 5196, 5424, 5425, 5197, 5426, 5198, 5427, 5428, 5429, 5430, 5431, 5432, 5433, 5434, 5435, 5436, 5437, 5438, 5439, 5440, 5441, 5442, 5443, 5444, 5445, 5446, 5447, 5451, 5448, 5452, 5449, 5454, 5453, 5450, 5655, 5654, 5653, 5652, 5651, 5650, 5649, 5648, 5647, 5646, 5645, 5644, 5643, 4720, 4721, 4495, 4496, 4497, 4498, 4722, 4723, 4499, 4500, 4501, 4502, 4503, 4504, 4505, 4506, 4507, 4508, 4509, 4510, 4511, 4512, 4513, 4514, 4515, 4516, 4517, 4518, 4519, 4520, 4521, 4522, 4523, 4524, 4525, 4526, 4527, 4528, 4529, 4530, 4531, 4532, 4533, 4534, 4535, 4536, 4537, 4538, 4539, 4540, 4541, 4542, 4543, 4544, 4545, 4546, 4547, 4548, 4549, 4550, 4551, 4552, 4553, 4554, 4555, 4556, 4557, 4558, 4559, 4560, 4561, 4562, 4563, 4564, 4565, 4566, 4567, 4568, 4569, 4570, 4571, 4572, 4573, 4574, 4575, 4576, 4577, 4578, 4579, 4580, 4581, 4582, 4583, 4584, 4585, 4586, 4587, 4588, 4589, 4590, 4591, 4592, 4593, 4594, 4595, 4596, 4597, 4598, 4599, 4600, 4601, 4602, 4603, 4604, 4605, 4606, 4607, 4608, 4609, 4610, 4611, 4612, 4613, 4614, 4615, 4616, 4617, 4618, 4619, 4620, 4621, 4622, 4623, 4624, 4625, 4626, 4627, 4628, 4629, 4630, 4631, 4632, 4633, 4634, 4635, 4636, 4637, 4638, 4639, 4640, 4641, 4642, 4643, 4644, 4645, 4646, 4647, 4648, 4649, 4650, 4651, 4652, 4653, 4654, 4655, 4656, 4657, 4658, 4659, 4660, 4661, 4662, 4663, 4664, 4665, 4666, 4667, 4668, 4669, 4670, 4671, 4672, 4673, 4674, 4675, 4676, 4677, 4678, 4679, 4680, 4681, 4682, 4683, 4684, 4685, 4686, 4687, 4688, 4689, 4690, 4691, 4692, 4693, 4694, 4695, 4696, 4697, 4698, 4699, 4700, 4701, 4702, 4703, 4704, 4705, 4706, 4707, 4708, 4709, 4710, 4711, 4712, 4713, 4714, 4715, 4716, 4717, 4718, 4719, 4494, 4493, 4492, 4491, 4490, 4489, 4488, 4487, 4486, 4485, 4484, 4483, 4482, 4481, 4480, 4479, 4478, 4477, 4476, 4475, 4474, 4473, 4472, 4471, 4470, 4469, 4468, 4467, 4466, 4465, 4464, 4463, 4462, 4461, 4460, 4459, 4458, 4457, 4456, 4455, 4454, 4453, 4452, 4451, 4450, 4449, 4448, 4447, 4446, 4445, 4444, 4443, 4442, 4441, 4440, 4439, 4438, 4437, 4436, 4435, 4434, 4433, 4432, 4431, 4430, 4429, 4428, 4427, 4426, 4425, 4424, 4423, 4422, 4421, 4420, 4419, 4418, 4417, 4416, 4415, 4414, 4413, 4412, 4411, 4410, 4409, 4408, 4407, 4406, 4405, 4404, 4403, 4402, 4401, 4400, 4399, 4398, 4397, 4396, 4395, 4394, 4393, 4392, 4391, 4390, 4389, 4388, 4387, 4386, 4385, 4384, 4383, 4382, 4381, 4380, 4379, 4378, 4377, 4376, 4375, 4374, 4373, 4372, 4371, 4370, 4369, 4368, 4367, 4366, 4365, 4364, 4363, 4362, 4361, 4360, 4359, 4358, 4357, 4356, 4355, 4354, 4353, 4352, 4351, 4350, 4349, 4348, 4347, 4346, 4345, 4344, 4343, 4342, 4341, 4340, 4339, 4338, 4337, 4336, 4335, 4334, 4333, 4332, 4331, 4330, 4329, 4328, 4327, 4326, 4325, 4324, 4323, 4322, 4321, 4320, 4319, 4318, 4317, 4316, 4315, 4314, 4313, 4312, 4311, 4310, 4309, 4308, 4307, 4306, 4305, 4304, 4303, 4302, 4301, 4300, 4299, 4298, 4297, 4296, 4295, 4294, 4293, 4292, 4291, 4290, 4289, 4288, 4287, 4286, 4285, 4284, 4283, 4282, 4281, 4280, 4279, 4278, 4277, 4276, 4275, 4274, 4273, 4051, 4052, 4053, 4054, 4055, 4056, 4057, 4058, 4059, 4060, 4061, 4062, 4063, 4064, 4065, 4066, 4067, 4068, 4069, 4070, 4071, 4072, 4073, 4074, 4075, 4076, 4077, 4078, 4079, 4080, 4081, 4082, 4083, 4084, 4085, 4086, 4087, 4088, 4089, 4090, 4091, 4092, 4093, 4094, 4095, 4096, 4097, 4098, 4099, 4100, 4101, 4102, 4103, 4104, 4105, 4106, 4107, 4108, 4109, 4110, 4111, 4112, 4113, 4114, 4115, 4116, 4117, 4118, 4119, 4120, 4121, 4122, 4123, 4124, 4125, 4126, 4127, 4128, 4129, 4130, 4131, 4132, 4133, 4134, 4135, 4136, 4137, 4138, 4139, 4140, 4141, 4142, 4143, 4144, 4145, 4146, 4147, 4148, 4149, 4150, 4151, 4152, 4153, 4154, 4155, 4156, 4157, 4158, 4159, 4160, 4161, 4162, 4163, 4164, 4165, 4166, 4167, 4168, 4169, 4170, 4171, 4172, 4173, 4174, 4175, 4176, 4177, 4178, 4179, 4180, 4181, 4182, 4183, 4184, 4185, 4186, 4187, 4188, 4189, 4190, 4191, 4192, 4193, 4194, 4195, 4196, 4197, 4198, 4199, 4200, 4201, 4202, 4203, 4204, 4205, 4206, 4207, 4208, 4209, 4210, 4211, 4212, 4213, 4214, 4215, 4216, 4217, 4218, 4219, 4220, 4221, 4222, 4223, 4224, 4225, 4226, 4227, 4228, 4229, 4230, 4231, 4232, 4233, 4234, 4235, 4236, 4237, 4238, 4239, 4240, 4241, 4242, 4243, 4244, 4245, 4246, 4247, 4248, 4249, 4250, 4251, 4252, 4253, 4254, 4255, 4256, 4257, 4258, 4259, 4260, 4261, 4262, 4263, 4264, 4265, 4266, 4267, 4268, 4269, 4270, 4271, 4272, 4050, 4049, 4048, 4047, 4046, 4045, 4044, 4043, 4042, 4041, 4040, 4039, 4038, 4037, 4036, 4035, 4034, 4033, 4032, 4031, 4030, 4029, 4028, 4027, 4026, 4025, 4024, 4023, 4022, 4021, 4020, 4019, 4018, 4017, 4016, 4015, 4014, 4013, 4012, 4011, 4010, 4009, 4008, 4007, 4006, 4005, 4004, 4003, 4002, 4001, 4000, 3999, 3998, 3997, 3996, 3995, 3994, 3993, 3992, 3991, 3990, 3989, 3988, 3987, 3986, 3985, 3984, 3983, 3982, 3981, 3980, 3979, 3978, 3977, 3976, 3975, 3974, 3973, 3972, 3971, 3970, 3969, 3968, 3967, 3966, 3965, 3964, 3963, 3962, 3961, 3960, 3959, 3958, 3957, 3956, 3955, 3954, 3953, 3952, 3951, 3950, 3949, 3948, 3947, 3946, 3945, 3944, 3943, 3942, 3941, 3940, 3939, 3938, 3937, 3936, 3935, 3934, 3933, 3932, 3931, 3930, 3929, 3928, 3927, 3926, 3925, 3924, 3923, 3922, 3921, 3920, 3919, 3918, 3917, 3916, 3915, 3914, 3913, 3912, 3911, 3910, 3909, 3908, 3907, 3906, 3905, 3904, 3903, 3902, 3901, 3900, 3899, 3898, 3897, 3896, 3895, 3894, 3893, 3892, 3891, 3890, 3889, 3888, 3887, 3886, 3885, 3884, 3883, 3882, 3881, 3880, 3879, 3878, 3877, 3876, 3875, 3874, 3873, 3872, 3871, 3870, 3869, 3868, 3867, 3866, 3865, 3864, 3863, 3862, 3861, 3860, 3859, 3858, 3857, 3856, 3855, 3854, 3853, 3852, 3851, 3850, 3849, 3848, 3847, 3846, 3845, 3844, 3843, 3842, 3841, 3840, 3839, 3838, 3837, 3836, 3835, 3834, 3833, 3829, 3830, 3831, 3832, 3608, 3609, 3610, 3611, 3612, 3613, 3614, 3615, 3616, 3617, 3618, 3619, 3620, 3621, 3622, 3623, 3624, 3625, 3626, 3627, 3628, 3629, 3630, 3631, 3632, 3633, 3634, 3635, 3636, 3637, 3638, 3639, 3640, 3641, 3642, 3643, 3644, 3645, 3646, 3647, 3648, 3649, 3650, 3651, 3652, 3653, 3654, 3655, 3656, 3657, 3658, 3659, 3660, 3661, 3662, 3663, 3664, 3665, 3666, 3667, 3668, 3669, 3670, 3671, 3672, 3673, 3674, 3675, 3676, 3677, 3678, 3679, 3680, 3681, 3682, 3683, 3684, 3685, 3686, 3687, 3688, 3689, 3690, 3691, 3692, 3693, 3694, 3695, 3696, 3697, 3698, 3699, 3700, 3701, 3702, 3703, 3704, 3705, 3706, 3707, 3708, 3709, 3710, 3711, 3712, 3713, 3714, 3715, 3716, 3717, 3718, 3719, 3720, 3721, 3722, 3723, 3724, 3725, 3726, 3727, 3728, 3729, 3730, 3731, 3732, 3733, 3734, 3735, 3736, 3737, 3738, 3739, 3740, 3741, 3742, 3743, 3744, 3745, 3746, 3747, 3748, 3749, 3750, 3751, 3752, 3753, 3754, 3755, 3756, 3757, 3758, 3759, 3760, 3761, 3762, 3763, 3764, 3765, 3766, 3767, 3768, 3769, 3770, 3771, 3772, 3773, 3774, 3775, 3776, 3777, 3778, 3779, 3780, 3781, 3782, 3783, 3784, 3785, 3786, 3787, 3788, 3789, 3790, 3791, 3792, 3793, 3794, 3795, 3796, 3797, 3798, 3799, 3800, 3801, 3802, 3803, 3804, 3805, 3806, 3807, 3808, 3809, 3810, 3811, 3812, 3813, 3814, 3815, 3816, 3817, 3818, 3819, 3820, 3821, 3822, 3823, 3824, 3825, 3826, 3827, 3828, 3607, 3606, 3605, 3604, 3603, 3602, 3601, 3600, 3599, 3598, 3597, 3596, 3595, 3594, 3593, 3592, 3591, 3590, 3589, 3588, 3587, 3586, 3585, 3584, 3583, 3582, 3581, 3580, 3579, 3578, 3577, 3576, 3575, 3574, 3573, 3572, 3571, 3570, 3569, 3568, 3567, 3566, 3565, 3564, 3563, 3562, 3561, 3560, 3559, 3558, 3557, 3556, 3555, 3554, 3553, 3552, 3551, 3550, 3549, 3548, 3547, 3546, 3545, 3544, 3543, 3542, 3541, 3540, 3539, 3538, 3537, 3536, 3535, 3534, 3533, 3532, 3531, 3530, 3529, 3528, 3527, 3526, 3525, 3524, 3523, 3522, 3521, 3520, 3519, 3518, 3517, 3516, 3515, 3514, 3513, 3512, 3511, 3510, 3509, 3508, 3507, 3506, 3505, 3504, 3503, 3502, 3501, 3500, 3499, 3498, 3497, 3496, 3495, 3494, 3493, 3492, 3491, 3490, 3489, 3488, 3487, 3486, 3485, 3484, 3483, 3482, 3481, 3480, 3479, 3478, 3477, 3476, 3475, 3474, 3473, 3472, 3471, 3470, 3469, 3468, 3467, 3466, 3465, 3464, 3463, 3462, 3461, 3460, 3459, 3458, 3457, 3456, 3455, 3454, 3453, 3452, 3451, 3450, 3449, 3448, 3447, 3446, 3445, 3444, 3443, 3442, 3441, 3440, 3439, 3438, 3437, 3436, 3435, 3434, 3433, 3432, 3431, 3430, 3429, 3428, 3427, 3426, 3425, 3424, 3423, 3422, 3421, 3420, 3419, 3418, 3417, 3416, 3415, 3414, 3413, 3412, 3411, 3410, 3409, 3408, 3407, 3406, 3405, 3404, 3403, 3402, 3401, 3400, 3399, 3398, 3397, 3396, 3395, 3394, 3393, 3392, 3391, 3390, 3389, 3386, 3387, 3388, 3168, 3169, 3170, 3171, 3172, 3173, 3174, 3175, 3176, 3177, 3178, 3179, 3180, 3181, 3182, 3183, 3184, 3185, 3186, 3187, 3188, 3189, 3190, 3191, 3192, 3193, 3194, 3195, 3196, 3197, 3198, 3199, 3200, 3201, 3202, 3203, 3204, 3205, 3206, 3207, 3208, 3209, 3210, 3211, 3212, 3213, 3214, 3215, 3216, 3217, 3218, 3219, 3220, 3221, 3222, 3223, 3224, 3225, 3226, 3227, 3228, 3229, 3230, 3231, 3232, 3233, 3234, 3235, 3236, 3237, 3238, 3239, 3240, 3241, 3242, 3243, 3244, 3245, 3246, 3247, 3248, 3249, 3250, 3251, 3252, 3253, 3254, 3255, 3256, 3257, 3258, 3259, 3260, 3261, 3262, 3263, 3264, 3265, 3266, 3267, 3268, 3269, 3270, 3271, 3272, 3273, 3274, 3275, 3276, 3277, 3278, 3279, 3280, 3281, 3282, 3283, 3284, 3285, 3286, 3287, 3288, 3289, 3290, 3291, 3292, 3293, 3294, 3295, 3296, 3297, 3298, 3299, 3300, 3301, 3302, 3303, 3304, 3305, 3306, 3307, 3308, 3309, 3310, 3311, 3312, 3313, 3314, 3315, 3316, 3317, 3318, 3319, 3320, 3321, 3322, 3323, 3324, 3325, 3326, 3327, 3328, 3329, 3330, 3331, 3332, 3333, 3334, 3335, 3336, 3337, 3338, 3339, 3340, 3341, 3342, 3343, 3344, 3345, 3346, 3347, 3348, 3349, 3350, 3351, 3352, 3353, 3354, 3355, 3356, 3357, 3358, 3359, 3360, 3361, 3362, 3363, 3364, 3365, 3366, 3367, 3368, 3369, 3370, 3371, 3372, 3373, 3374, 3375, 3376, 3377, 3378, 3379, 3380, 3381, 3382, 3383, 3384, 3385, 3164, 3163, 3162, 3161, 3160, 3159, 3158, 3157, 3156, 3155, 3154, 3153, 3152, 3151, 3150, 3149, 3148, 3147, 3146, 3145, 3144, 3143, 3142, 3141, 3140, 3139, 3138, 3137, 3136, 3135, 3134, 3133, 3132, 3131, 3130, 3129, 3128, 3127, 3126, 3125, 3124, 3123, 3122, 3121, 3120, 3119, 3118, 3117, 3116, 3115, 3114, 3113, 3112, 3111, 3110, 3109, 3108, 3107, 3106, 3105, 3104, 3103, 3102, 3101, 3100, 3099, 3098, 3097, 3096, 3095, 3094, 3093, 3092, 3091, 3090, 3089, 3088, 3087, 3086, 3085, 3084, 3083, 3082, 3081, 3080, 3079, 3078, 3077, 3076, 3075, 3074, 3073, 3072, 3071, 3070, 3069, 3068, 3067, 3066, 3065, 3064, 3063, 3062, 3061, 3060, 3059, 3058, 3057, 3056, 3055, 3054, 3053, 3052, 3051, 3050, 3049, 3048, 3047, 3046, 3045, 3044, 3043, 3042, 3041, 3040, 3039, 3038, 3037, 3036, 3035, 3034, 3033, 3032, 3031, 3030, 3029, 3028, 3027, 3026, 3025, 3024, 3023, 3022, 3021, 3020, 3019, 3018, 3017, 3016, 3015, 3014, 3013, 3012, 3011, 3010, 3009, 3008, 3007, 3006, 3005, 3004, 3003, 3002, 3001, 3000, 2999, 2998, 2997, 2996, 2995, 2994, 2993, 2992, 2991, 2990, 2989, 2988, 2987, 2986, 2985, 2984, 2983, 2982, 2981, 2980, 2979, 2978, 2977, 2976, 2975, 2974, 2973, 2972, 2971, 2970, 2969, 2968, 2967, 2966, 2965, 2964, 2963, 2962, 2961, 2960, 2959, 2958, 2957, 2956, 2955, 2954, 2953, 2952, 2951, 2950, 2949, 2948, 3167, 3165, 3166, 2947, 2946, 2945, 2725, 2726, 2727, 2728, 2729, 2730, 2731, 2732, 2733, 2734, 2735, 2736, 2737, 2738, 2739, 2740, 2741, 2742, 2743, 2744, 2745, 2746, 2747, 2748, 2749, 2750, 2751, 2752, 2753, 2754, 2755, 2756, 2757, 2758, 2759, 2760, 2761, 2762, 2763, 2764, 2765, 2766, 2767, 2768, 2769, 2770, 2771, 2772, 2773, 2774, 2775, 2776, 2777, 2778, 2779, 2780, 2781, 2782, 2783, 2784, 2785, 2786, 2787, 2788, 2789, 2790, 2791, 2792, 2793, 2794, 2795, 2796, 2797, 2798, 2799, 2800, 2801, 2802, 2803, 2804, 2805, 2806, 2807, 2808, 2809, 2810, 2811, 2812, 2813, 2814, 2815, 2816, 2817, 2818, 2819, 2820, 2821, 2822, 2823, 2824, 2825, 2826, 2827, 2828, 2829, 2830, 2831, 2832, 2833, 2834, 2835, 2836, 2837, 2838, 2839, 2840, 2841, 2842, 2843, 2844, 2845, 2846, 2847, 2848, 2849, 2850, 2851, 2852, 2853, 2854, 2855, 2856, 2857, 2858, 2859, 2860, 2861, 2862, 2863, 2864, 2865, 2866, 2867, 2868, 2869, 2870, 2871, 2872, 2873, 2874, 2875, 2876, 2877, 2878, 2879, 2880, 2881, 2882, 2883, 2884, 2885, 2886, 2887, 2888, 2889, 2890, 2891, 2892, 2893, 2894, 2895, 2896, 2897, 2898, 2899, 2900, 2901, 2902, 2903, 2904, 2905, 2906, 2907, 2908, 2909, 2910, 2911, 2912, 2913, 2914, 2915, 2916, 2917, 2918, 2919, 2920, 2921, 2922, 2923, 2924, 2925, 2926, 2927, 2928, 2929, 2930, 2931, 2932, 2933, 2934, 2935, 2936, 2937, 2938, 2939, 2940, 2941, 2942, 2944, 2943, 2724, 2723, 2722, 2721, 2720, 2719, 2718, 2717, 2716, 2715, 2714, 2713, 2712, 2711, 2710, 2709, 2708, 2707, 2706, 2705, 2704, 2703, 2702, 2701, 2700, 2699, 2698, 2697, 2696, 2695, 2694, 2693, 2692, 2691, 2690, 2689, 2688, 2687, 2686, 2685, 2684, 2683, 2682, 2681, 2680, 2679, 2678, 2677, 2676, 2675, 2674, 2673, 2672, 2671, 2670, 2669, 2668, 2667, 2666, 2665, 2664, 2663, 2662, 2661, 2660, 2659, 2658, 2657, 2656, 2655, 2654, 2653, 2652, 2651, 2650, 2649, 2648, 2647, 2646, 2645, 2644, 2643, 2642, 2641, 2640, 2639, 2638, 2637, 2636, 2635, 2634, 2633, 2632, 2631, 2630, 2629, 2628, 2627, 2626, 2625, 2624, 2623, 2622, 2621, 2620, 2619, 2618, 2617, 2616, 2615, 2614, 2613, 2612, 2611, 2610, 2609, 2608, 2607, 2606, 2605, 2604, 2603, 2602, 2601, 2600, 2599, 2598, 2597, 2596, 2595, 2594, 2593, 2592, 2591, 2590, 2589, 2588, 2587, 2586, 2585, 2584, 2583, 2582, 2581, 2580, 2579, 2578, 2577, 2576, 2575, 2574, 2573, 2572, 2571, 2570, 2569, 2568, 2567, 2566, 2565, 2564, 2563, 2562, 2561, 2560, 2559, 2558, 2557, 2556, 2555, 2554, 2553, 2552, 2551, 2550, 2549, 2548, 2547, 2546, 2545, 2544, 2543, 2542, 2541, 2540, 2539, 2538, 2537, 2536, 2535, 2534, 2533, 2532, 2531, 2530, 2529, 2528, 2527, 2526, 2525, 2524, 2523, 2522, 2521, 2520, 2519, 2518, 2517, 2516, 2515, 2514, 2513, 2512, 2511, 2510, 2509, 2508, 2507, 2506, 2397, 2398, 2399, 2400, 2401, 2402, 2403, 2404, 2405, 2406, 2407, 2408, 2409, 2410, 2411, 2412, 2413, 2414, 2415, 2416, 2417, 2418, 2419, 2420, 2421, 2422, 2423, 2424, 2425, 2426, 2427, 2428, 2429, 2430, 2431, 2432, 2433, 2434, 2435, 2436, 2437, 2438, 2439, 2440, 2441, 2442, 2443, 2444, 2445, 2446, 2447, 2448, 2449, 2450, 2451, 2452, 2453, 2454, 2455, 2456, 2457, 2458, 2459, 2460, 2461, 2462, 2463, 2464, 2465, 2466, 2467, 2468, 2469, 2470, 2471, 2472, 2473, 2474, 2475, 2476, 2477, 2478, 2479, 2480, 2481, 2482, 2483, 2484, 2485, 2486, 2487, 2488, 2489, 2490, 2491, 2492, 2493, 2494, 2495, 2496, 2497, 2498, 2499, 2500, 2501, 2502, 2503, 2504, 2505, 2226, 2227, 2228, 2229, 2230, 2231, 2232, 2233, 2234, 2235, 2236, 2237, 2238, 2239, 2240, 2241, 2242, 2243, 2244, 2245, 2246, 2247, 2248, 2249, 2250, 2251, 2252, 2253, 2254, 2255, 2256, 2257, 2258, 2259, 2260, 2261, 2262, 2263, 2264, 2265, 2266, 2267, 2268, 2269, 2270, 2271, 2272, 2273, 2274, 2275, 2276, 2277, 2278, 2279, 2280, 2281, 2282, 2283, 2284, 2285, 2286, 2287, 2288, 2289, 2290, 2291, 2292, 2293, 2294, 2295, 2296, 2297, 2298, 2299, 2300, 2301, 2302, 2303, 2304, 2305, 2306, 2307, 2308, 2309, 2310, 2311, 2312, 2313, 2314, 2315, 2316, 2317, 2318, 2319, 2320, 2321, 2322, 2323, 2324, 2325, 2326, 2327, 2328, 2329, 2330, 2331, 2332, 2333, 2334, 2335, 2336, 2337, 1998, 1997, 1996, 1995, 1994, 1993, 1992, 1991, 1990, 1989, 1988, 1987, 1986, 1985, 1984, 1983, 1982, 1981, 1980, 1979, 1978, 1977, 1976, 1975, 1974, 1973, 1972, 1971, 1970, 1969, 1968, 1967, 1966, 1965, 1964, 1963, 1962, 1961, 1960, 1959, 1958, 1957, 1956, 1955, 1954, 1953, 1952, 1951, 1950, 1949, 1948, 1947, 1946, 1945, 1944, 1943, 1942, 1941, 1940, 1939, 1938, 1937, 1936, 1935, 1934, 1933, 1932, 1931, 1930, 1929, 1928, 1927, 1926, 1925, 1924, 1923, 1922, 1921, 1920, 1919, 1918, 1466, 1917, 1465, 1916, 1464, 1915, 1463, 1914, 1462, 1913, 1912, 1911, 1910, 1909, 1908, 1907, 1906, 1905, 1904, 1903, 1902, 1901, 1900, 1899, 1898, 1897, 1896, 1895, 1894, 1893, 1892, 1891, 1890, 1889, 1888, 2216, 2215, 2214, 2213, 2212, 2211, 2210, 2209, 2208, 2207, 2206, 2205, 2204, 2203, 2202, 2201, 2200, 2199, 2198, 2197, 2196, 2195, 2194, 2193, 2192, 2191, 2190, 2189, 2188, 2187, 2186, 2185, 2184, 2183, 2182, 2181, 2180, 2179, 2178, 2177, 2176, 2175, 2174, 2173, 2172, 2171, 2170, 2169, 2168, 2167, 2166, 2165, 2164, 2163, 2162, 2161, 2160, 2159, 2158, 2157, 2156, 2155, 2154, 2153, 2152, 2151, 2150, 2149, 2148, 2147, 2146, 2145, 2144, 2143, 2142, 2141, 2140, 2139, 2138, 2137, 2136, 2135, 2134, 2133, 2132, 2131, 2130, 2129, 2128, 2127, 2126, 2125, 2124, 2123, 2122, 2121, 2120, 2119, 2118, 2117, 2116, 2115, 2114, 2113, 2112, 2111, 2110, 2109, 2396, 2395, 2108, 2107, 2106, 2105, 1753, 1754, 1755, 1756, 1757, 1758, 1759, 1760, 1761, 1762, 1763, 1764, 1765, 1766, 1767, 1768, 1769, 1770, 1771, 1772, 1773, 1774, 1775, 1776, 1777, 1778, 1779, 1780, 1781, 1782, 1783, 1784, 1785, 1786, 1787, 1788, 1789, 1790, 1791, 1792, 1793, 1794, 1795, 1796, 1797, 1798, 1799, 1800, 1801, 1802, 1803, 1804, 1805, 1806, 1807, 1808, 1809, 1810, 1811, 1812, 1813, 1814, 1815, 1816, 1817, 1818, 1819, 1820, 1821, 1822, 1823, 1824, 1825, 1826, 1827, 1828, 1829, 1830, 1831, 1832, 1833, 1834, 1835, 1836, 1837, 1838, 1839, 1840, 1841, 1842, 1843, 1844, 1845, 1846, 1847, 1848, 1849, 1850, 1851, 1852, 1853, 1854, 1855, 1856, 1857, 1858, 1859, 1860, 1861, 1862, 1863, 1436, 1437, 1438, 1439, 1440, 1441, 1442, 1443, 1444, 1445, 1446, 1447, 1448, 1449, 1450, 1451, 1452, 1453, 1454, 1455, 1456, 1457, 1458, 1459, 1460, 1461, 1561, 1560, 1559, 1558, 1557, 1556, 1555, 1554, 1553, 1552, 1551, 1550, 1549, 1548, 1547, 955, 954, 956, 957, 958, 959, 960, 961, 962, 963, 964, 965, 966, 967, 968, 969, 970, 971, 972, 973, 974, 975, 976, 977, 978, 979, 980, 981, 982, 983, 984, 985, 986, 987, 988, 989, 990, 991, 992, 993, 994, 995, 996, 997, 998, 999, 1000, 1001, 1002, 1003, 1004, 1005, 1006, 1007, 1008, 1009, 1010, 1011, 1012, 1013, 1014, 1015, 1016, 1017, 1018, 1019, 1020, 1021, 1022, 1023, 1024, 1025, 1026, 1027, 1028, 1029, 1030, 1031, 1032, 1033, 1034, 1035, 1036, 1037, 1038, 1039, 1040, 1041, 1042, 1043, 1044, 1045, 1046, 1047, 1048, 1049, 1050, 1051, 1052, 1053, 1054, 1055, 1056, 1641, 1640, 1639, 1638, 1637, 1636, 1635, 1634, 1633, 1632, 1631, 1630, 1629, 1628, 1627, 1626, 1625, 1624, 1623, 1622, 1621, 1620, 1619, 1618, 1617, 1616, 1615, 1614, 1613, 1612, 1611, 1610, 1609, 1608, 1607, 1606, 1605, 1604, 1603, 1602, 1601, 1600, 1599, 1598, 1597, 1596, 1595, 1594, 1593, 1592, 1591, 1590, 1589, 1588, 1587, 1586, 1585, 1584, 1583, 1582, 1581, 1580, 1579, 1578, 1577, 1576, 1575, 1574, 1573, 1572, 1571, 1570, 1569, 1568, 1567, 1566, 1565, 1564, 1563, 1562, 1467, 1468, 1469, 1470, 1471, 1472, 1473, 1474, 1475, 1476, 1477, 1478, 1479, 1480, 1481, 1482, 1483, 1484, 1485, 1486, 1487, 1488, 1489, 1490, 1491, 1492, 1493, 1494, 1495, 1496, 1497, 1498, 1499, 1500, 1501, 1502, 1503, 1504, 1505, 1506, 1507, 1508, 1509, 1510, 1511, 1512, 1513, 1514, 1515, 1516, 1517, 1518, 1519, 1520, 1521, 1522, 1523, 1524, 1525, 1526, 1527, 1528, 1529, 1530, 1531, 1532, 1533, 1534, 1535, 1536, 1537, 1538, 1539, 1540, 1541, 1542, 1543, 1544, 1545, 1546, 1277, 1276, 1275, 1274, 1273, 1272, 1271, 1270, 1269, 1268, 1267, 1266, 1265, 1264, 1263, 1262, 1261, 1260, 1259, 1258, 1257, 1256, 1255, 1254, 1253, 1252, 1251, 1250, 1249, 1248, 1247, 1246, 1245, 1244, 1243, 1242, 1241, 1240, 1239, 1238, 1237, 1236, 1235, 1234, 1233, 1232, 1231, 1230, 1229, 1228, 1227, 1226, 1225, 1224, 1223, 1222, 1221, 1220, 1219, 1218, 1217, 1216, 1215, 1214, 1213, 1212, 1211, 1210, 1209, 1208, 1207, 1206, 1205, 1204, 1203, 1202, 1201, 1200, 1199, 1198, 1197, 1196, 1195, 1194, 1193, 1192, 1191, 1190, 1189, 1188, 1187, 1186, 1185, 1086, 1085, 1084, 1083, 1082, 1081, 1080, 1079, 1078, 1077, 1076, 953, 1075, 952, 1074, 1073, 1072, 951, 950, 949, 948, 947, 946, 1391, 1390, 1389, 1388, 1387, 1386, 1385, 1384, 1383, 1382, 1381, 1380, 1379, 1378, 1377, 1376, 1375, 1374, 1373, 1372, 1371, 1370, 1369, 1368, 1367, 1366, 1365, 1364, 1363, 1362, 1361, 1360, 1359, 1358, 1357, 1356, 1355, 1354, 1353, 1352, 1351, 1350, 1349, 1348, 1347, 1346, 1345, 1344, 1343, 1342, 1341, 1340, 1339, 1338, 1337, 1336, 1335, 1334, 1333, 1332, 1331, 1330, 1329, 1328, 1327, 1326, 1325, 1324, 1323, 1322, 1321, 1320, 1319, 1318, 1317, 1316, 1315, 1314, 1313, 1312, 1311, 1310, 1309, 1308, 1307, 1306, 1305, 1304, 1303, 1302, 1301, 1300, 1299, 1298, 1297, 1296, 1295, 1294, 1293, 1292, 1291, 1290, 1289, 1288, 1287, 1286, 1285, 1284, 1283, 1282, 1281, 777, 778, 779, 780, 781, 782, 783, 784, 785, 786, 787, 788, 789, 790, 791, 792, 793, 794, 795, 796, 797, 798, 799, 800, 801, 802, 803, 804, 805, 806, 807, 808, 809, 810, 811, 812, 813, 814, 815, 816, 817, 818, 819, 820, 821, 822, 823, 824, 825, 826, 827, 828, 829, 830, 831, 832, 833, 834, 835, 836, 837, 838, 839, 840, 841, 842, 843, 844, 845, 846, 847, 848, 849, 850, 851, 852, 853, 854, 855, 856, 857, 858, 859, 860, 861, 862, 863, 864, 865, 866, 867, 868, 869, 887, 888, 870, 889, 871, 890, 872, 891, 873, 892, 874, 893, 875, 894, 876, 895, 877, 896, 878, 897, 879, 898, 899, 900, 938, 939, 937, 880, 881, 882, 883, 884, 885, 886, 563, 562, 561, 560, 559, 558, 557, 556, 555, 554, 553, 552, 551, 550, 549, 548, 547, 546, 545, 544, 543, 542, 541, 540, 539, 538, 537, 536, 535, 534, 533, 532, 531, 530, 529, 528, 527, 526, 525, 524, 523, 522, 521, 520, 519, 518, 517, 516, 515, 514, 513, 512, 511, 510, 509, 508, 507, 506, 505, 504, 503, 502, 501, 500, 499, 498, 497, 496, 495, 494, 493, 492, 491, 490, 489, 488, 487, 486, 485, 484, 483, 482, 481, 480, 479, 478, 477, 476, 475, 474, 473, 472, 471, 470, 469, 468, 467, 466, 465, 464, 463, 462, 461, 460, 459, 458, 457, 456, 455, 454, 242, 241, 240, 68, 69, 70, 71, 72, 73, 74, 75, 76, 77, 78, 79, 80, 81, 82, 83, 84, 85, 86, 87, 88, 89, 90, 91, 92, 93, 94, 95, 96, 97, 98, 99, 100, 101, 102, 103, 104, 105, 106, 107, 108, 109, 110, 111, 112, 113, 114, 115, 116, 117, 118, 119, 120, 121, 122, 123, 124, 125, 126, 127, 128, 129, 130, 131, 132, 133, 134, 135, 136, 137, 138, 139, 140, 141, 142, 143, 144, 145, 146, 147, 148, 149, 150, 151, 152, 153, 154, 155, 156, 157, 158, 159, 160, 161, 162, 163, 435, 434, 433, 432, 431, 430, 429, 428, 427, 426, 425, 424, 423, 422, 421, 420, 419, 418, 417, 416, 415, 414, 413, 412, 411, 410, 409, 408, 407, 406, 405, 404, 403, 402, 401, 400, 399, 398, 397, 396, 395, 394, 393, 392, 391, 390, 389, 388, 387, 386, 385, 384, 383, 382, 381, 380, 379, 378, 377, 376, 375, 374, 373, 372, 371, 370, 369, 368, 367, 366, 365, 364, 363, 362, 361, 360, 359, 358, 357, 356, 355, 354, 353, 352, 351, 350, 349, 348, 347, 346, 345, 344, 343, 342, 341, 243, 244, 245, 246, 247, 248, 249, 250, 251, 252, 253, 254, 255, 256, 257, 258, 259, 260, 261, 262, 263, 264, 265, 266, 267, 268, 269, 270, 271, 272, 273, 274, 275, 276, 277, 278, 279, 280, 281, 282, 283, 284, 285, 286, 287, 288, 289, 290, 291, 292, 293, 294, 295, 296, 297, 298, 299, 300, 301, 302, 303, 304, 305, 306, 307, 308, 309, 310, 311, 312, 313, 314, 315, 316, 317, 318, 319, 320, 321, 322, 323, 324, 325, 326, 327, 328, 329, 330, 331, 332, 333, 334, 335, 336, 337, 338, 339, 340, 1279, 1280, 1278, 776, 775, 774, 773, 765, 764, 763, 762, 761, 760, 759, 758, 757, 756, 755, 754, 753, 752, 751, 750, 749, 748, 747, 746, 745, 744, 743, 742, 741, 740, 739, 738, 737, 736, 735, 734, 733, 732, 731, 730, 729, 728, 727, 726, 725, 724, 723, 722, 721, 720, 719, 718, 717, 716, 715, 714, 713, 712, 711, 710, 709, 708, 707, 706, 705, 704, 703, 702, 701, 700, 699, 698, 697, 696, 695, 694, 693, 692, 691, 690, 689, 688, 687, 686, 685, 684, 683, 682, 681, 680, 679, 678, 677, 676, 675, 674]
weight: 9768.236415740064
quality mode: 90.3906, {{1546.16}}
compressed: [5983,5984,5985,5986,5987,5988,5989,5990,5991,5992,5993,5994,5995,5996,5997,6066,6067,6068,6069,6070,6071,6072,6073,6002,6003,6004,6007,6008,6009,6010,6011,5885,5884,5869,5868,5867,5866,5865,5864,5863,5862,5861,5860,5859,5858,5857,5856,5847,5846,5845,5844,5843,5842,5841,5840,5839,5692,5693,5695,5696,5699,5700,5701,5711,5712,5713,5714,5715,5716,5717,5718,5719,5720,5721,5722,5723,5724,5725,5736,5737,5834,5835,5836,5837,5838,5982,5981,5980,5979,5978,5930,5929,5928,6012,6013,6014,6015,6056,6057,6061,6062,6063,6064,6065,6083,6082,6081,6080,6079,6077,6076,6075,6074,5642,5641,5640,5639,5638,5543,5542,5541,5540,5539,5538,5537,5536,5535,5528,5527,5526,5525,5524,5523,5522,5521,5520,5519,5518,5517,5516,5515,5514,5460,5659,5658,5657,5656,5459,5450,5449,5448,5446,5654,5655,5653,5652,5651,5650,5445,5444,5436,5435,5434,5649,5648,5647,5646,5645,5644,5643,5430,5429,5427,5426,5425,5424,5194,5193,5192,5420,5421,5422,5423,5195,5196,5199,5200,5201,5277,5278,5284,5285,5286,5287,5288,5289,5290,5291,5292,5293,5294,5295,5296,5297,5298,5299,5300,5305,5306,5307,5308,5309,5310,5311,5312,5313,5409,5410,5411,5412,5413,5176,5175,5174,5173,5172,5074,5073,5072,5066,5065,5064,5063,5062,5061,5060,5059,5058,5057,5056,5055,5054,5053,5052,5051,5050,5043,5042,5041,5040,5039,5038,5037,5036,5035,5017,5016,4965,4964,4963,4962,4961,4960,4959,5191,5190,5189,5188,5187,5186,5419,5418,5417,5416,5415,5414,5181,5182,5183,5184,5185,4956,4958,4957,4955,4954,4953,4952,4951,5179,5178,5177,5180,4950,4949,4948,4720,4721,4722,4723,4724,4725,4726,4727,4728,4729,4730,4731,4733,4732,4734,4735,4736,4737,4738,4785,4786,4787,4788,4789,4790,4791,4792,4793,4812,4813,4824,4825,4826,4827,4828,4829,4830,4831,4832,4833,4834,4835,4836,4837,4943,4944,4945,4946,4947,4719,4718,4717,4716,4715,4608,4607,4606,4605,4604,4603,4602,4601,4600,4566,4565,4564,4563,4562,4561,4560,4559,4558,4511,4510,4509,4508,4507,4506,4505,4504,4503,4502,4501,4500,4499,4498,4497,4496,4495,4273,4274,4275,4276,4277,4278,4279,4280,4281,4282,4283,4284,4285,4286,4287,4334,4335,4336,4337,4338,4339,4340,4341,4342,4379,4380,4381,4490,4491,4492,4493,4494,4272,4271,4270,4269,4268,4119,4118,4117,4116,4115,4114,4113,4112,4111,4064,4063,4062,4061,4060,4059,4058,4057,4056,4055,4054,4053,4052,4051,3833,3834,3835,3836,3840,3841,3889,3890,3891,3892,3893,3894,3895,3896,3897,4046,4047,4048,4049,4050,3828,3827,3826,3825,3824,3672,3671,3615,3614,3613,3612,3832,3829,3830,3831,3611,3610,3609,3608,3389,3390,3391,3392,3393,3394,3395,3603,3604,3605,3606,3607,3385,3384,3383,3382,3381,3172,3171,3170,3169,3168,3388,3387,3386,3167,3166,3165,2945,2946,2947,2948,2949,2950,2951,3160,3161,3162,3163,3164,2944,2943,2942,2941,2940,2731,2730,2729,2728,2727,2726,2725,2506,2507,2508,2509,2510,2613,2614,2720,2721,2722,2723,2724,2336,2337,2335,2334,2333,2229,2228,2227,2226,2505,2504,2503,2502,2501,2400,2399,2398,2397,2105,2106,2107,2108,2395,2396,2109,2110,2111,2112,2212,2213,2214,2215,2216,1888,1889,1890,1891,1994,1995,1996,1997,1998,1546,1545,1544,1543,1542,1469,1468,1467,1562,1563,1564,1565,1637,1638,1639,1640,1641,1056,1055,1054,1053,1052,978,977,971,970,969,957,956,1547,1548,1549,1550,1557,1558,1559,1560,1561,1461,1460,1448,1447,1446,1439,1438,1437,1436,1863,1862,1861,1860,1859,1760,1759,1758,1757,1756,1755,1754,1753,1281,1282,1283,1284,1285,1286,1287,1288,1387,1388,1389,1390,1391,946,947,948,949,950,951,1072,1073,1074,1075,1082,1083,1084,1085,1086,1185,1186,1187,1188,1273,1274,1275,1276,1277,673,672,671,670,669,581,580,578,577,574,573,567,566,565,564,563,562,886,885,884,883,882,881,880,869,868,782,781,780,779,778,777,454,455,456,457,461,462,483,484,544,545,546,887,888,889,890,896,897,898,899,900,937,938,939,561,560,559,555,554,553,552,551,901,902,903,904,905,906,908,909,910,911,1398,1397,1396,1395,1394,1393,1392,929,930,931,932,933,934,935,936,941,942,940,1429,1428,1427,1426,1425,1424,1864,1865,1866,1867,1868,1869,1403,1404,1405,1406,1407,1408,1409,1410,1411,1412,1413,1653,1652,1651,2006,2004,2005,1650,1649,1648,1647,1646,1874,1873,2221,2220,1870,1872,1871,2219,2217,2218,1885,1883,1884,1886,1887,1430,1431,1432,943,944,945,1057,1058,1435,1434,1433,2003,2002,1645,1644,1643,1642,2000,1999,2001,1061,1060,1059,1062,1063,1064,1065,1066,1067,1068,1069,1070,1071,926,927,928,1087,1088,1089,1090,1091,1092,1093,1094,1180,1181,1182,1183,1184,1750,1751,1752,2104,2103,2102,2101,2100,1749,1748,1662,1661,1660,1659,2012,2013,2014,2015,2058,2059,2060,2061,2394,2393,2392,2391,2390,2389,2388,2387,2386,2346,2345,2344,2343,2342,2341,2340,2339,2338,2222,2223,2224,2225,1880,1881,1882,2007,2008,2009,2010,2011,1658,1657,1656,1655,1654,1423,1422,1421,1879,1878,1877,1876,1875,1415,1414,1416,1417,1418,1419,1420,925,924,921,920,912,1402,1401,1400,1399,772,771,770,769,768,766,765,700,699,698,697,696,695,694,693,692,677,676,675,674,247,248,269,270,336,337,773,774,775,776,1278,1279,1280,340,339,338,435,434,433,432,431,344,343,342,341,245,244,243,242,241,240,68,69,70,71,72,73,74,148,149,155,156,158,159,161,163,162,160,448,447,446,445,444,443,442,441,440,439,438,437,436,239,238,237,236,235,220,219,218,216,215,167,166,165,164,6,4,3,2,1,59,60,61,62,63,64,65,66,67,7,8,54,55,56,57,58,449,450,451,452,453]
uncompressed: [5983, 5984, 5985, 5986, 5987, 5988, 5989, 5990, 5991, 5992, 5993, 5994, 5995, 5996, 5997, 6066, 6067, 6068, 6069, 6070, 6071, 6072, 6073, 6002, 6003, 6004, 6005, 6006, 6007, 6008, 6009, 6010, 6011, 5885, 5884, 5883, 5882, 5881, 5880, 5879, 5878, 5877, 5876, 5875, 5874, 5873, 5872, 5871, 5870, 5869, 5868, 5867, 5866, 5865, 5864, 5863, 5862, 5861, 5860, 5859, 5858, 5857, 5856, 5855, 5854, 5853, 5852, 5851, 5850, 5849, 5848, 5847, 5846, 5845, 5844, 5843, 5842, 5841, 5840, 5839, 5692, 5693, 5694, 5695, 5696, 5697, 5698, 5699, 5700, 5701, 5702, 5703, 5704, 5705, 5706, 5707, 5708, 5709, 5710, 5711, 5712, 5713, 5714, 5715, 5716, 5717, 5718, 5719, 5720, 5721, 5722, 5723, 5724, 5725, 5726, 5727, 5728, 5729, 5730, 5731, 5732, 5733, 5734, 5735, 5736, 5737, 5738, 5739, 5740, 5741, 5742, 5743, 5744, 5745, 5746, 5747, 5748, 5749, 5750, 5751, 5752, 5753, 5754, 5755, 5756, 5757, 5758, 5759, 5760, 5761, 5762, 5763, 5764, 5765, 5766, 5767, 5768, 5769, 5770, 5771, 5772, 5773, 5774, 5775, 5776, 5777, 5778, 5779, 5780, 5781, 5782, 5783, 5784, 5785, 5786, 5787, 5788, 5789, 5790, 5791, 5792, 5793, 5794, 5795, 5796, 5797, 5798, 5799, 5800, 5801, 5802, 5803, 5804, 5805, 5806, 5807, 5808, 5809, 5810, 5811, 5812, 5813, 5814, 5815, 5816, 5817, 5818, 5819, 5820, 5821, 5822, 5823, 5824, 5825, 5826, 5827, 5828, 5829, 5830, 5831, 5832, 5833, 5834, 5835, 5836, 5837, 5838, 5982, 5981, 5980, 5979, 5978, 5977, 5976, 5975, 5974, 5973, 5972, 5971, 5970, 5969, 5968, 5967, 5966, 5965, 5964, 5963, 5962, 5961, 5960, 5959, 5958, 5957, 5956, 5955, 5954, 5953, 5952, 5951, 5950, 5949, 5948, 5947, 5946, 5945, 5944, 5943, 5942, 5941, 5940, 5939, 5938, 5937, 5936, 5935, 5934, 5933, 5932, 5931, 5930, 5929, 5928, 6012, 6013, 6014, 6015, 6016, 6017, 6018, 6019, 6020, 6021, 6022, 6023, 6024, 6025, 6026, 6027, 6028, 6029, 6030, 6031, 6032, 6033, 6034, 6035, 6036, 6037, 6038, 6039, 6040, 6041, 6042, 6043, 6044, 6045, 6046, 6047, 6048, 6049, 6050, 6051, 6052, 6053, 6054, 6055, 6056, 6057, 6058, 6059, 6060, 6061, 6062, 6063, 6064, 6065, 6083, 6082, 6081, 6080, 6079, 6078, 6077, 6076, 6075, 6074, 5642, 5641, 5640, 5639, 5638, 5637, 5636, 5635, 5634, 5633, 5632, 5631, 5630, 5629, 5628, 5627, 5626, 5625, 5624, 5623, 5622, 5621, 5620, 5619, 5618, 5617, 5616, 5615, 5614, 5613, 5612, 5611, 5610, 5609, 5608, 5607, 5606, 5605, 5604, 5603, 5602, 5601, 5600, 5599, 5598, 5597, 5596, 5595, 5594, 5593, 5592, 5591, 5590, 5589, 5588, 5587, 5586, 5585, 5584, 5583, 5582, 5581, 5580, 5579, 5578, 5577, 5576, 5575, 5574, 5573, 5572, 5571, 5570, 5569, 5568, 5567, 5566, 5565, 5564, 5563, 5562, 5561, 5560, 5559, 5558, 5557, 5556, 5555, 5554, 5553, 5552, 5551, 5550, 5549, 5548, 5547, 5546, 5545, 5544, 5543, 5542, 5541, 5540, 5539, 5538, 5537, 5536, 5535, 5534, 5533, 5532, 5531, 5530, 5529, 5528, 5527, 5526, 5525, 5524, 5523, 5522, 5521, 5520, 5519, 5518, 5517, 5516, 5515, 5514, 5513, 5512, 5511, 5510, 5509, 5508, 5507, 5506, 5505, 5504, 5503, 5502, 5501, 5500, 5499, 5498, 5497, 5496, 5495, 5494, 5493, 5492, 5491, 5490, 5489, 5488, 5487, 5486, 5485, 5484, 5483, 5482, 5481, 5480, 5479, 5478, 5477, 5476, 5475, 5474, 5473, 5472, 5471, 5470, 5469, 5468, 5467, 5466, 5465, 5464, 5463, 5462, 5461, 5460, 5659, 5658, 5657, 5656, 5459, 5458, 5457, 5456, 5455, 5454, 5453, 5452, 5451, 5450, 5449, 5448, 5447, 5446, 5654, 5655, 5653, 5652, 5651, 5650, 5445, 5444, 5443, 5442, 5441, 5440, 5439, 5438, 5437, 5436, 5435, 5434, 5649, 5648, 5647, 5646, 5645, 5644, 5643, 5430, 5429, 5428, 5427, 5426, 5425, 5424, 5194, 5193, 5192, 5420, 5421, 5422, 5423, 5195, 5196, 5197, 5198, 5199, 5200, 5201, 5202, 5203, 5204, 5205, 5206, 5207, 5208, 5209, 5210, 5211, 5212, 5213, 5214, 5215, 5216, 5217, 5218, 5219, 5220, 5221, 5222, 5223, 5224, 5225, 5226, 5227, 5228, 5229, 5230, 5231, 5232, 5233, 5234, 5235, 5236, 5237, 5238, 5239, 5240, 5241, 5242, 5243, 5244, 5245, 5246, 5247, 5248, 5249, 5250, 5251, 5252, 5253, 5254, 5255, 5256, 5257, 5258, 5259, 5260, 5261, 5262, 5263, 5264, 5265, 5266, 5267, 5268, 5269, 5270, 5271, 5272, 5273, 5274, 5275, 5276, 5277, 5278, 5279, 5280, 5281, 5282, 5283, 5284, 5285, 5286, 5287, 5288, 5289, 5290, 5291, 5292, 5293, 5294, 5295, 5296, 5297, 5298, 5299, 5300, 5301, 5302, 5303, 5304, 5305, 5306, 5307, 5308, 5309, 5310, 5311, 5312, 5313, 5314, 5315, 5316, 5317, 5318, 5319, 5320, 5321, 5322, 5323, 5324, 5325, 5326, 5327, 5328, 5329, 5330, 5331, 5332, 5333, 5334, 5335, 5336, 5337, 5338, 5339, 5340, 5341, 5342, 5343, 5344, 5345, 5346, 5347, 5348, 5349, 5350, 5351, 5352, 5353, 5354, 5355, 5356, 5357, 5358, 5359, 5360, 5361, 5362, 5363, 5364, 5365, 5366, 5367, 5368, 5369, 5370, 5371, 5372, 5373, 5374, 5375, 5376, 5377, 5378, 5379, 5380, 5381, 5382, 5383, 5384, 5385, 5386, 5387, 5388, 5389, 5390, 5391, 5392, 5393, 5394, 5395, 5396, 5397, 5398, 5399, 5400, 5401, 5402, 5403, 5404, 5405, 5406, 5407, 5408, 5409, 5410, 5411, 5412, 5413, 5176, 5175, 5174, 5173, 5172, 5171, 5170, 5169, 5168, 5167, 5166, 5165, 5164, 5163, 5162, 5161, 5160, 5159, 5158, 5157, 5156, 5155, 5154, 5153, 5152, 5151, 5150, 5149, 5148, 5147, 5146, 5145, 5144, 5143, 5142, 5141, 5140, 5139, 5138, 5137, 5136, 5135, 5134, 5133, 5132, 5131, 5130, 5129, 5128, 5127, 5126, 5125, 5124, 5123, 5122, 5121, 5120, 5119, 5118, 5117, 5116, 5115, 5114, 5113, 5112, 5111, 5110, 5109, 5108, 5107, 5106, 5105, 5104, 5103, 5102, 5101, 5100, 5099, 5098, 5097, 5096, 5095, 5094, 5093, 5092, 5091, 5090, 5089, 5088, 5087, 5086, 5085, 5084, 5083, 5082, 5081, 5080, 5079, 5078, 5077, 5076, 5075, 5074, 5073, 5072, 5071, 5070, 5069, 5068, 5067, 5066, 5065, 5064, 5063, 5062, 5061, 5060, 5059, 5058, 5057, 5056, 5055, 5054, 5053, 5052, 5051, 5050, 5049, 5048, 5047, 5046, 5045, 5044, 5043, 5042, 5041, 5040, 5039, 5038, 5037, 5036, 5035, 5034, 5033, 5032, 5031, 5030, 5029, 5028, 5027, 5026, 5025, 5024, 5023, 5022, 5021, 5020, 5019, 5018, 5017, 5016, 5015, 5014, 5013, 5012, 5011, 5010, 5009, 5008, 5007, 5006, 5005, 5004, 5003, 5002, 5001, 5000, 4999, 4998, 4997, 4996, 4995, 4994, 4993, 4992, 4991, 4990, 4989, 4988, 4987, 4986, 4985, 4984, 4983, 4982, 4981, 4980, 4979, 4978, 4977, 4976, 4975, 4974, 4973, 4972, 4971, 4970, 4969, 4968, 4967, 4966, 4965, 4964, 4963, 4962, 4961, 4960, 4959, 5191, 5190, 5189, 5188, 5187, 5186, 5419, 5418, 5417, 5416, 5415, 5414, 5181, 5182, 5183, 5184, 5185, 4956, 4958, 4957, 4955, 4954, 4953, 4952, 4951, 5179, 5178, 5177, 5180, 4950, 4949, 4948, 4720, 4721, 4722, 4723, 4724, 4725, 4726, 4727, 4728, 4729, 4730, 4731, 4733, 4732, 4734, 4735, 4736, 4737, 4738, 4739, 4740, 4741, 4742, 4743, 4744, 4745, 4746, 4747, 4748, 4749, 4750, 4751, 4752, 4753, 4754, 4755, 4756, 4757, 4758, 4759, 4760, 4761, 4762, 4763, 4764, 4765, 4766, 4767, 4768, 4769, 4770, 4771, 4772, 4773, 4774, 4775, 4776, 4777, 4778, 4779, 4780, 4781, 4782, 4783, 4784, 4785, 4786, 4787, 4788, 4789, 4790, 4791, 4792, 4793, 4794, 4795, 4796, 4797, 4798, 4799, 4800, 4801, 4802, 4803, 4804, 4805, 4806, 4807, 4808, 4809, 4810, 4811, 4812, 4813, 4814, 4815, 4816, 4817, 4818, 4819, 4820, 4821, 4822, 4823, 4824, 4825, 4826, 4827, 4828, 4829, 4830, 4831, 4832, 4833, 4834, 4835, 4836, 4837, 4838, 4839, 4840, 4841, 4842, 4843, 4844, 4845, 4846, 4847, 4848, 4849, 4850, 4851, 4852, 4853, 4854, 4855, 4856, 4857, 4858, 4859, 4860, 4861, 4862, 4863, 4864, 4865, 4866, 4867, 4868, 4869, 4870, 4871, 4872, 4873, 4874, 4875, 4876, 4877, 4878, 4879, 4880, 4881, 4882, 4883, 4884, 4885, 4886, 4887, 4888, 4889, 4890, 4891, 4892, 4893, 4894, 4895, 4896, 4897, 4898, 4899, 4900, 4901, 4902, 4903, 4904, 4905, 4906, 4907, 4908, 4909, 4910, 4911, 4912, 4913, 4914, 4915, 4916, 4917, 4918, 4919, 4920, 4921, 4922, 4923, 4924, 4925, 4926, 4927, 4928, 4929, 4930, 4931, 4932, 4933, 4934, 4935, 4936, 4937, 4938, 4939, 4940, 4941, 4942, 4943, 4944, 4945, 4946, 4947, 4719, 4718, 4717, 4716, 4715, 4714, 4713, 4712, 4711, 4710, 4709, 4708, 4707, 4706, 4705, 4704, 4703, 4702, 4701, 4700, 4699, 4698, 4697, 4696, 4695, 4694, 4693, 4692, 4691, 4690, 4689, 4688, 4687, 4686, 4685, 4684, 4683, 4682, 4681, 4680, 4679, 4678, 4677, 4676, 4675, 4674, 4673, 4672, 4671, 4670, 4669, 4668, 4667, 4666, 4665, 4664, 4663, 4662, 4661, 4660, 4659, 4658, 4657, 4656, 4655, 4654, 4653, 4652, 4651, 4650, 4649, 4648, 4647, 4646, 4645, 4644, 4643, 4642, 4641, 4640, 4639, 4638, 4637, 4636, 4635, 4634, 4633, 4632, 4631, 4630, 4629, 4628, 4627, 4626, 4625, 4624, 4623, 4622, 4621, 4620, 4619, 4618, 4617, 4616, 4615, 4614, 4613, 4612, 4611, 4610, 4609, 4608, 4607, 4606, 4605, 4604, 4603, 4602, 4601, 4600, 4599, 4598, 4597, 4596, 4595, 4594, 4593, 4592, 4591, 4590, 4589, 4588, 4587, 4586, 4585, 4584, 4583, 4582, 4581, 4580, 4579, 4578, 4577, 4576, 4575, 4574, 4573, 4572, 4571, 4570, 4569, 4568, 4567, 4566, 4565, 4564, 4563, 4562, 4561, 4560, 4559, 4558, 4557, 4556, 4555, 4554, 4553, 4552, 4551, 4550, 4549, 4548, 4547, 4546, 4545, 4544, 4543, 4542, 4541, 4540, 4539, 4538, 4537, 4536, 4535, 4534, 4533, 4532, 4531, 4530, 4529, 4528, 4527, 4526, 4525, 4524, 4523, 4522, 4521, 4520, 4519, 4518, 4517, 4516, 4515, 4514, 4513, 4512, 4511, 4510, 4509, 4508, 4507, 4506, 4505, 4504, 4503, 4502, 4501, 4500, 4499, 4498, 4497, 4496, 4495, 4273, 4274, 4275, 4276, 4277, 4278, 4279, 4280, 4281, 4282, 4283, 4284, 4285, 4286, 4287, 4288, 4289, 4290, 4291, 4292, 4293, 4294, 4295, 4296, 4297, 4298, 4299, 4300, 4301, 4302, 4303, 4304, 4305, 4306, 4307, 4308, 4309, 4310, 4311, 4312, 4313, 4314, 4315, 4316, 4317, 4318, 4319, 4320, 4321, 4322, 4323, 4324, 4325, 4326, 4327, 4328, 4329, 4330, 4331, 4332, 4333, 4334, 4335, 4336, 4337, 4338, 4339, 4340, 4341, 4342, 4343, 4344, 4345, 4346, 4347, 4348, 4349, 4350, 4351, 4352, 4353, 4354, 4355, 4356, 4357, 4358, 4359, 4360, 4361, 4362, 4363, 4364, 4365, 4366, 4367, 4368, 4369, 4370, 4371, 4372, 4373, 4374, 4375, 4376, 4377, 4378, 4379, 4380, 4381, 4382, 4383, 4384, 4385, 4386, 4387, 4388, 4389, 4390, 4391, 4392, 4393, 4394, 4395, 4396, 4397, 4398, 4399, 4400, 4401, 4402, 4403, 4404, 4405, 4406, 4407, 4408, 4409, 4410, 4411, 4412, 4413, 4414, 4415, 4416, 4417, 4418, 4419, 4420, 4421, 4422, 4423, 4424, 4425, 4426, 4427, 4428, 4429, 4430, 4431, 4432, 4433, 4434, 4435, 4436, 4437, 4438, 4439, 4440, 4441, 4442, 4443, 4444, 4445, 4446, 4447, 4448, 4449, 4450, 4451, 4452, 4453, 4454, 4455, 4456, 4457, 4458, 4459, 4460, 4461, 4462, 4463, 4464, 4465, 4466, 4467, 4468, 4469, 4470, 4471, 4472, 4473, 4474, 4475, 4476, 4477, 4478, 4479, 4480, 4481, 4482, 4483, 4484, 4485, 4486, 4487, 4488, 4489, 4490, 4491, 4492, 4493, 4494, 4272, 4271, 4270, 4269, 4268, 4267, 4266, 4265, 4264, 4263, 4262, 4261, 4260, 4259, 4258, 4257, 4256, 4255, 4254, 4253, 4252, 4251, 4250, 4249, 4248, 4247, 4246, 4245, 4244, 4243, 4242, 4241, 4240, 4239, 4238, 4237, 4236, 4235, 4234, 4233, 4232, 4231, 4230, 4229, 4228, 4227, 4226, 4225, 4224, 4223, 4222, 4221, 4220, 4219, 4218, 4217, 4216, 4215, 4214, 4213, 4212, 4211, 4210, 4209, 4208, 4207, 4206, 4205, 4204, 4203, 4202, 4201, 4200, 4199, 4198, 4197, 4196, 4195, 4194, 4193, 4192, 4191, 4190, 4189, 4188, 4187, 4186, 4185, 4184, 4183, 4182, 4181, 4180, 4179, 4178, 4177, 4176, 4175, 4174, 4173, 4172, 4171, 4170, 4169, 4168, 4167, 4166, 4165, 4164, 4163, 4162, 4161, 4160, 4159, 4158, 4157, 4156, 4155, 4154, 4153, 4152, 4151, 4150, 4149, 4148, 4147, 4146, 4145, 4144, 4143, 4142, 4141, 4140, 4139, 4138, 4137, 4136, 4135, 4134, 4133, 4132, 4131, 4130, 4129, 4128, 4127, 4126, 4125, 4124, 4123, 4122, 4121, 4120, 4119, 4118, 4117, 4116, 4115, 4114, 4113, 4112, 4111, 4110, 4109, 4108, 4107, 4106, 4105, 4104, 4103, 4102, 4101, 4100, 4099, 4098, 4097, 4096, 4095, 4094, 4093, 4092, 4091, 4090, 4089, 4088, 4087, 4086, 4085, 4084, 4083, 4082, 4081, 4080, 4079, 4078, 4077, 4076, 4075, 4074, 4073, 4072, 4071, 4070, 4069, 4068, 4067, 4066, 4065, 4064, 4063, 4062, 4061, 4060, 4059, 4058, 4057, 4056, 4055, 4054, 4053, 4052, 4051, 3833, 3834, 3835, 3836, 3837, 3838, 3839, 3840, 3841, 3842, 3843, 3844, 3845, 3846, 3847, 3848, 3849, 3850, 3851, 3852, 3853, 3854, 3855, 3856, 3857, 3858, 3859, 3860, 3861, 3862, 3863, 3864, 3865, 3866, 3867, 3868, 3869, 3870, 3871, 3872, 3873, 3874, 3875, 3876, 3877, 3878, 3879, 3880, 3881, 3882, 3883, 3884, 3885, 3886, 3887, 3888, 3889, 3890, 3891, 3892, 3893, 3894, 3895, 3896, 3897, 3898, 3899, 3900, 3901, 3902, 3903, 3904, 3905, 3906, 3907, 3908, 3909, 3910, 3911, 3912, 3913, 3914, 3915, 3916, 3917, 3918, 3919, 3920, 3921, 3922, 3923, 3924, 3925, 3926, 3927, 3928, 3929, 3930, 3931, 3932, 3933, 3934, 3935, 3936, 3937, 3938, 3939, 3940, 3941, 3942, 3943, 3944, 3945, 3946, 3947, 3948, 3949, 3950, 3951, 3952, 3953, 3954, 3955, 3956, 3957, 3958, 3959, 3960, 3961, 3962, 3963, 3964, 3965, 3966, 3967, 3968, 3969, 3970, 3971, 3972, 3973, 3974, 3975, 3976, 3977, 3978, 3979, 3980, 3981, 3982, 3983, 3984, 3985, 3986, 3987, 3988, 3989, 3990, 3991, 3992, 3993, 3994, 3995, 3996, 3997, 3998, 3999, 4000, 4001, 4002, 4003, 4004, 4005, 4006, 4007, 4008, 4009, 4010, 4011, 4012, 4013, 4014, 4015, 4016, 4017, 4018, 4019, 4020, 4021, 4022, 4023, 4024, 4025, 4026, 4027, 4028, 4029, 4030, 4031, 4032, 4033, 4034, 4035, 4036, 4037, 4038, 4039, 4040, 4041, 4042, 4043, 4044, 4045, 4046, 4047, 4048, 4049, 4050, 3828, 3827, 3826, 3825, 3824, 3823, 3822, 3821, 3820, 3819, 3818, 3817, 3816, 3815, 3814, 3813, 3812, 3811, 3810, 3809, 3808, 3807, 3806, 3805, 3804, 3803, 3802, 3801, 3800, 3799, 3798, 3797, 3796, 3795, 3794, 3793, 3792, 3791, 3790, 3789, 3788, 3787, 3786, 3785, 3784, 3783, 3782, 3781, 3780, 3779, 3778, 3777, 3776, 3775, 3774, 3773, 3772, 3771, 3770, 3769, 3768, 3767, 3766, 3765, 3764, 3763, 3762, 3761, 3760, 3759, 3758, 3757, 3756, 3755, 3754, 3753, 3752, 3751, 3750, 3749, 3748, 3747, 3746, 3745, 3744, 3743, 3742, 3741, 3740, 3739, 3738, 3737, 3736, 3735, 3734, 3733, 3732, 3731, 3730, 3729, 3728, 3727, 3726, 3725, 3724, 3723, 3722, 3721, 3720, 3719, 3718, 3717, 3716, 3715, 3714, 3713, 3712, 3711, 3710, 3709, 3708, 3707, 3706, 3705, 3704, 3703, 3702, 3701, 3700, 3699, 3698, 3697, 3696, 3695, 3694, 3693, 3692, 3691, 3690, 3689, 3688, 3687, 3686, 3685, 3684, 3683, 3682, 3681, 3680, 3679, 3678, 3677, 3676, 3675, 3674, 3673, 3672, 3671, 3670, 3669, 3668, 3667, 3666, 3665, 3664, 3663, 3662, 3661, 3660, 3659, 3658, 3657, 3656, 3655, 3654, 3653, 3652, 3651, 3650, 3649, 3648, 3647, 3646, 3645, 3644, 3643, 3642, 3641, 3640, 3639, 3638, 3637, 3636, 3635, 3634, 3633, 3632, 3631, 3630, 3629, 3628, 3627, 3626, 3625, 3624, 3623, 3622, 3621, 3620, 3619, 3618, 3617, 3616, 3615, 3614, 3613, 3612, 3832, 3829, 3830, 3831, 3611, 3610, 3609, 3608, 3389, 3390, 3391, 3392, 3393, 3394, 3395, 3396, 3397, 3398, 3399, 3400, 3401, 3402, 3403, 3404, 3405, 3406, 3407, 3408, 3409, 3410, 3411, 3412, 3413, 3414, 3415, 3416, 3417, 3418, 3419, 3420, 3421, 3422, 3423, 3424, 3425, 3426, 3427, 3428, 3429, 3430, 3431, 3432, 3433, 3434, 3435, 3436, 3437, 3438, 3439, 3440, 3441, 3442, 3443, 3444, 3445, 3446, 3447, 3448, 3449, 3450, 3451, 3452, 3453, 3454, 3455, 3456, 3457, 3458, 3459, 3460, 3461, 3462, 3463, 3464, 3465, 3466, 3467, 3468, 3469, 3470, 3471, 3472, 3473, 3474, 3475, 3476, 3477, 3478, 3479, 3480, 3481, 3482, 3483, 3484, 3485, 3486, 3487, 3488, 3489, 3490, 3491, 3492, 3493, 3494, 3495, 3496, 3497, 3498, 3499, 3500, 3501, 3502, 3503, 3504, 3505, 3506, 3507, 3508, 3509, 3510, 3511, 3512, 3513, 3514, 3515, 3516, 3517, 3518, 3519, 3520, 3521, 3522, 3523, 3524, 3525, 3526, 3527, 3528, 3529, 3530, 3531, 3532, 3533, 3534, 3535, 3536, 3537, 3538, 3539, 3540, 3541, 3542, 3543, 3544, 3545, 3546, 3547, 3548, 3549, 3550, 3551, 3552, 3553, 3554, 3555, 3556, 3557, 3558, 3559, 3560, 3561, 3562, 3563, 3564, 3565, 3566, 3567, 3568, 3569, 3570, 3571, 3572, 3573, 3574, 3575, 3576, 3577, 3578, 3579, 3580, 3581, 3582, 3583, 3584, 3585, 3586, 3587, 3588, 3589, 3590, 3591, 3592, 3593, 3594, 3595, 3596, 3597, 3598, 3599, 3600, 3601, 3602, 3603, 3604, 3605, 3606, 3607, 3385, 3384, 3383, 3382, 3381, 3380, 3379, 3378, 3377, 3376, 3375, 3374, 3373, 3372, 3371, 3370, 3369, 3368, 3367, 3366, 3365, 3364, 3363, 3362, 3361, 3360, 3359, 3358, 3357, 3356, 3355, 3354, 3353, 3352, 3351, 3350, 3349, 3348, 3347, 3346, 3345, 3344, 3343, 3342, 3341, 3340, 3339, 3338, 3337, 3336, 3335, 3334, 3333, 3332, 3331, 3330, 3329, 3328, 3327, 3326, 3325, 3324, 3323, 3322, 3321, 3320, 3319, 3318, 3317, 3316, 3315, 3314, 3313, 3312, 3311, 3310, 3309, 3308, 3307, 3306, 3305, 3304, 3303, 3302, 3301, 3300, 3299, 3298, 3297, 3296, 3295, 3294, 3293, 3292, 3291, 3290, 3289, 3288, 3287, 3286, 3285, 3284, 3283, 3282, 3281, 3280, 3279, 3278, 3277, 3276, 3275, 3274, 3273, 3272, 3271, 3270, 3269, 3268, 3267, 3266, 3265, 3264, 3263, 3262, 3261, 3260, 3259, 3258, 3257, 3256, 3255, 3254, 3253, 3252, 3251, 3250, 3249, 3248, 3247, 3246, 3245, 3244, 3243, 3242, 3241, 3240, 3239, 3238, 3237, 3236, 3235, 3234, 3233, 3232, 3231, 3230, 3229, 3228, 3227, 3226, 3225, 3224, 3223, 3222, 3221, 3220, 3219, 3218, 3217, 3216, 3215, 3214, 3213, 3212, 3211, 3210, 3209, 3208, 3207, 3206, 3205, 3204, 3203, 3202, 3201, 3200, 3199, 3198, 3197, 3196, 3195, 3194, 3193, 3192, 3191, 3190, 3189, 3188, 3187, 3186, 3185, 3184, 3183, 3182, 3181, 3180, 3179, 3178, 3177, 3176, 3175, 3174, 3173, 3172, 3171, 3170, 3169, 3168, 3388, 3387, 3386, 3167, 3166, 3165, 2945, 2946, 2947, 2948, 2949, 2950, 2951, 2952, 2953, 2954, 2955, 2956, 2957, 2958, 2959, 2960, 2961, 2962, 2963, 2964, 2965, 2966, 2967, 2968, 2969, 2970, 2971, 2972, 2973, 2974, 2975, 2976, 2977, 2978, 2979, 2980, 2981, 2982, 2983, 2984, 2985, 2986, 2987, 2988, 2989, 2990, 2991, 2992, 2993, 2994, 2995, 2996, 2997, 2998, 2999, 3000, 3001, 3002, 3003, 3004, 3005, 3006, 3007, 3008, 3009, 3010, 3011, 3012, 3013, 3014, 3015, 3016, 3017, 3018, 3019, 3020, 3021, 3022, 3023, 3024, 3025, 3026, 3027, 3028, 3029, 3030, 3031, 3032, 3033, 3034, 3035, 3036, 3037, 3038, 3039, 3040, 3041, 3042, 3043, 3044, 3045, 3046, 3047, 3048, 3049, 3050, 3051, 3052, 3053, 3054, 3055, 3056, 3057, 3058, 3059, 3060, 3061, 3062, 3063, 3064, 3065, 3066, 3067, 3068, 3069, 3070, 3071, 3072, 3073, 3074, 3075, 3076, 3077, 3078, 3079, 3080, 3081, 3082, 3083, 3084, 3085, 3086, 3087, 3088, 3089, 3090, 3091, 3092, 3093, 3094, 3095, 3096, 3097, 3098, 3099, 3100, 3101, 3102, 3103, 3104, 3105, 3106, 3107, 3108, 3109, 3110, 3111, 3112, 3113, 3114, 3115, 3116, 3117, 3118, 3119, 3120, 3121, 3122, 3123, 3124, 3125, 3126, 3127, 3128, 3129, 3130, 3131, 3132, 3133, 3134, 3135, 3136, 3137, 3138, 3139, 3140, 3141, 3142, 3143, 3144, 3145, 3146, 3147, 3148, 3149, 3150, 3151, 3152, 3153, 3154, 3155, 3156, 3157, 3158, 3159, 3160, 3161, 3162, 3163, 3164, 2944, 2943, 2942, 2941, 2940, 2939, 2938, 2937, 2936, 2935, 2934, 2933, 2932, 2931, 2930, 2929, 2928, 2927, 2926, 2925, 2924, 2923, 2922, 2921, 2920, 2919, 2918, 2917, 2916, 2915, 2914, 2913, 2912, 2911, 2910, 2909, 2908, 2907, 2906, 2905, 2904, 2903, 2902, 2901, 2900, 2899, 2898, 2897, 2896, 2895, 2894, 2893, 2892, 2891, 2890, 2889, 2888, 2887, 2886, 2885, 2884, 2883, 2882, 2881, 2880, 2879, 2878, 2877, 2876, 2875, 2874, 2873, 2872, 2871, 2870, 2869, 2868, 2867, 2866, 2865, 2864, 2863, 2862, 2861, 2860, 2859, 2858, 2857, 2856, 2855, 2854, 2853, 2852, 2851, 2850, 2849, 2848, 2847, 2846, 2845, 2844, 2843, 2842, 2841, 2840, 2839, 2838, 2837, 2836, 2835, 2834, 2833, 2832, 2831, 2830, 2829, 2828, 2827, 2826, 2825, 2824, 2823, 2822, 2821, 2820, 2819, 2818, 2817, 2816, 2815, 2814, 2813, 2812, 2811, 2810, 2809, 2808, 2807, 2806, 2805, 2804, 2803, 2802, 2801, 2800, 2799, 2798, 2797, 2796, 2795, 2794, 2793, 2792, 2791, 2790, 2789, 2788, 2787, 2786, 2785, 2784, 2783, 2782, 2781, 2780, 2779, 2778, 2777, 2776, 2775, 2774, 2773, 2772, 2771, 2770, 2769, 2768, 2767, 2766, 2765, 2764, 2763, 2762, 2761, 2760, 2759, 2758, 2757, 2756, 2755, 2754, 2753, 2752, 2751, 2750, 2749, 2748, 2747, 2746, 2745, 2744, 2743, 2742, 2741, 2740, 2739, 2738, 2737, 2736, 2735, 2734, 2733, 2732, 2731, 2730, 2729, 2728, 2727, 2726, 2725, 2506, 2507, 2508, 2509, 2510, 2511, 2512, 2513, 2514, 2515, 2516, 2517, 2518, 2519, 2520, 2521, 2522, 2523, 2524, 2525, 2526, 2527, 2528, 2529, 2530, 2531, 2532, 2533, 2534, 2535, 2536, 2537, 2538, 2539, 2540, 2541, 2542, 2543, 2544, 2545, 2546, 2547, 2548, 2549, 2550, 2551, 2552, 2553, 2554, 2555, 2556, 2557, 2558, 2559, 2560, 2561, 2562, 2563, 2564, 2565, 2566, 2567, 2568, 2569, 2570, 2571, 2572, 2573, 2574, 2575, 2576, 2577, 2578, 2579, 2580, 2581, 2582, 2583, 2584, 2585, 2586, 2587, 2588, 2589, 2590, 2591, 2592, 2593, 2594, 2595, 2596, 2597, 2598, 2599, 2600, 2601, 2602, 2603, 2604, 2605, 2606, 2607, 2608, 2609, 2610, 2611, 2612, 2613, 2614, 2615, 2616, 2617, 2618, 2619, 2620, 2621, 2622, 2623, 2624, 2625, 2626, 2627, 2628, 2629, 2630, 2631, 2632, 2633, 2634, 2635, 2636, 2637, 2638, 2639, 2640, 2641, 2642, 2643, 2644, 2645, 2646, 2647, 2648, 2649, 2650, 2651, 2652, 2653, 2654, 2655, 2656, 2657, 2658, 2659, 2660, 2661, 2662, 2663, 2664, 2665, 2666, 2667, 2668, 2669, 2670, 2671, 2672, 2673, 2674, 2675, 2676, 2677, 2678, 2679, 2680, 2681, 2682, 2683, 2684, 2685, 2686, 2687, 2688, 2689, 2690, 2691, 2692, 2693, 2694, 2695, 2696, 2697, 2698, 2699, 2700, 2701, 2702, 2703, 2704, 2705, 2706, 2707, 2708, 2709, 2710, 2711, 2712, 2713, 2714, 2715, 2716, 2717, 2718, 2719, 2720, 2721, 2722, 2723, 2724, 2336, 2337, 2335, 2334, 2333, 2332, 2331, 2330, 2329, 2328, 2327, 2326, 2325, 2324, 2323, 2322, 2321, 2320, 2319, 2318, 2317, 2316, 2315, 2314, 2313, 2312, 2311, 2310, 2309, 2308, 2307, 2306, 2305, 2304, 2303, 2302, 2301, 2300, 2299, 2298, 2297, 2296, 2295, 2294, 2293, 2292, 2291, 2290, 2289, 2288, 2287, 2286, 2285, 2284, 2283, 2282, 2281, 2280, 2279, 2278, 2277, 2276, 2275, 2274, 2273, 2272, 2271, 2270, 2269, 2268, 2267, 2266, 2265, 2264, 2263, 2262, 2261, 2260, 2259, 2258, 2257, 2256, 2255, 2254, 2253, 2252, 2251, 2250, 2249, 2248, 2247, 2246, 2245, 2244, 2243, 2242, 2241, 2240, 2239, 2238, 2237, 2236, 2235, 2234, 2233, 2232, 2231, 2230, 2229, 2228, 2227, 2226, 2505, 2504, 2503, 2502, 2501, 2500, 2499, 2498, 2497, 2496, 2495, 2494, 2493, 2492, 2491, 2490, 2489, 2488, 2487, 2486, 2485, 2484, 2483, 2482, 2481, 2480, 2479, 2478, 2477, 2476, 2475, 2474, 2473, 2472, 2471, 2470, 2469, 2468, 2467, 2466, 2465, 2464, 2463, 2462, 2461, 2460, 2459, 2458, 2457, 2456, 2455, 2454, 2453, 2452, 2451, 2450, 2449, 2448, 2447, 2446, 2445, 2444, 2443, 2442, 2441, 2440, 2439, 2438, 2437, 2436, 2435, 2434, 2433, 2432, 2431, 2430, 2429, 2428, 2427, 2426, 2425, 2424, 2423, 2422, 2421, 2420, 2419, 2418, 2417, 2416, 2415, 2414, 2413, 2412, 2411, 2410, 2409, 2408, 2407, 2406, 2405, 2404, 2403, 2402, 2401, 2400, 2399, 2398, 2397, 2105, 2106, 2107, 2108, 2395, 2396, 2109, 2110, 2111, 2112, 2113, 2114, 2115, 2116, 2117, 2118, 2119, 2120, 2121, 2122, 2123, 2124, 2125, 2126, 2127, 2128, 2129, 2130, 2131, 2132, 2133, 2134, 2135, 2136, 2137, 2138, 2139, 2140, 2141, 2142, 2143, 2144, 2145, 2146, 2147, 2148, 2149, 2150, 2151, 2152, 2153, 2154, 2155, 2156, 2157, 2158, 2159, 2160, 2161, 2162, 2163, 2164, 2165, 2166, 2167, 2168, 2169, 2170, 2171, 2172, 2173, 2174, 2175, 2176, 2177, 2178, 2179, 2180, 2181, 2182, 2183, 2184, 2185, 2186, 2187, 2188, 2189, 2190, 2191, 2192, 2193, 2194, 2195, 2196, 2197, 2198, 2199, 2200, 2201, 2202, 2203, 2204, 2205, 2206, 2207, 2208, 2209, 2210, 2211, 2212, 2213, 2214, 2215, 2216, 1888, 1889, 1890, 1891, 1892, 1893, 1894, 1895, 1896, 1897, 1898, 1899, 1900, 1901, 1902, 1903, 1904, 1905, 1906, 1907, 1908, 1909, 1910, 1911, 1912, 1913, 1914, 1915, 1916, 1917, 1918, 1919, 1920, 1921, 1922, 1923, 1924, 1925, 1926, 1927, 1928, 1929, 1930, 1931, 1932, 1933, 1934, 1935, 1936, 1937, 1938, 1939, 1940, 1941, 1942, 1943, 1944, 1945, 1946, 1947, 1948, 1949, 1950, 1951, 1952, 1953, 1954, 1955, 1956, 1957, 1958, 1959, 1960, 1961, 1962, 1963, 1964, 1965, 1966, 1967, 1968, 1969, 1970, 1971, 1972, 1973, 1974, 1975, 1976, 1977, 1978, 1979, 1980, 1981, 1982, 1983, 1984, 1985, 1986, 1987, 1988, 1989, 1990, 1991, 1992, 1993, 1994, 1995, 1996, 1997, 1998, 1546, 1545, 1544, 1543, 1542, 1541, 1540, 1539, 1538, 1537, 1536, 1535, 1534, 1533, 1532, 1531, 1530, 1529, 1528, 1527, 1526, 1525, 1524, 1523, 1522, 1521, 1520, 1519, 1518, 1517, 1516, 1515, 1514, 1513, 1512, 1511, 1510, 1509, 1508, 1507, 1506, 1505, 1504, 1503, 1502, 1501, 1500, 1499, 1498, 1497, 1496, 1495, 1494, 1493, 1492, 1491, 1490, 1489, 1488, 1487, 1486, 1485, 1484, 1483, 1482, 1481, 1480, 1479, 1478, 1477, 1476, 1475, 1474, 1473, 1472, 1471, 1470, 1469, 1468, 1467, 1562, 1563, 1564, 1565, 1566, 1567, 1568, 1569, 1570, 1571, 1572, 1573, 1574, 1575, 1576, 1577, 1578, 1579, 1580, 1581, 1582, 1583, 1584, 1585, 1586, 1587, 1588, 1589, 1590, 1591, 1592, 1593, 1594, 1595, 1596, 1597, 1598, 1599, 1600, 1601, 1602, 1603, 1604, 1605, 1606, 1607, 1608, 1609, 1610, 1611, 1612, 1613, 1614, 1615, 1616, 1617, 1618, 1619, 1620, 1621, 1622, 1623, 1624, 1625, 1626, 1627, 1628, 1629, 1630, 1631, 1632, 1633, 1634, 1635, 1636, 1637, 1638, 1639, 1640, 1641, 1056, 1055, 1054, 1053, 1052, 1051, 1050, 1049, 1048, 1047, 1046, 1045, 1044, 1043, 1042, 1041, 1040, 1039, 1038, 1037, 1036, 1035, 1034, 1033, 1032, 1031, 1030, 1029, 1028, 1027, 1026, 1025, 1024, 1023, 1022, 1021, 1020, 1019, 1018, 1017, 1016, 1015, 1014, 1013, 1012, 1011, 1010, 1009, 1008, 1007, 1006, 1005, 1004, 1003, 1002, 1001, 1000, 999, 998, 997, 996, 995, 994, 993, 992, 991, 990, 989, 988, 987, 986, 985, 984, 983, 982, 981, 980, 979, 978, 977, 976, 975, 974, 973, 972, 971, 970, 969, 968, 967, 966, 965, 964, 963, 962, 961, 960, 959, 958, 957, 956, 1547, 1548, 1549, 1550, 1551, 1552, 1553, 1554, 1555, 1556, 1557, 1558, 1559, 1560, 1561, 1461, 1460, 1459, 1458, 1457, 1456, 1455, 1454, 1453, 1452, 1451, 1450, 1449, 1448, 1447, 1446, 1445, 1444, 1443, 1442, 1441, 1440, 1439, 1438, 1437, 1436, 1863, 1862, 1861, 1860, 1859, 1858, 1857, 1856, 1855, 1854, 1853, 1852, 1851, 1850, 1849, 1848, 1847, 1846, 1845, 1844, 1843, 1842, 1841, 1840, 1839, 1838, 1837, 1836, 1835, 1834, 1833, 1832, 1831, 1830, 1829, 1828, 1827, 1826, 1825, 1824, 1823, 1822, 1821, 1820, 1819, 1818, 1817, 1816, 1815, 1814, 1813, 1812, 1811, 1810, 1809, 1808, 1807, 1806, 1805, 1804, 1803, 1802, 1801, 1800, 1799, 1798, 1797, 1796, 1795, 1794, 1793, 1792, 1791, 1790, 1789, 1788, 1787, 1786, 1785, 1784, 1783, 1782, 1781, 1780, 1779, 1778, 1777, 1776, 1775, 1774, 1773, 1772, 1771, 1770, 1769, 1768, 1767, 1766, 1765, 1764, 1763, 1762, 1761, 1760, 1759, 1758, 1757, 1756, 1755, 1754, 1753, 1281, 1282, 1283, 1284, 1285, 1286, 1287, 1288, 1289, 1290, 1291, 1292, 1293, 1294, 1295, 1296, 1297, 1298, 1299, 1300, 1301, 1302, 1303, 1304, 1305, 1306, 1307, 1308, 1309, 1310, 1311, 1312, 1313, 1314, 1315, 1316, 1317, 1318, 1319, 1320, 1321, 1322, 1323, 1324, 1325, 1326, 1327, 1328, 1329, 1330, 1331, 1332, 1333, 1334, 1335, 1336, 1337, 1338, 1339, 1340, 1341, 1342, 1343, 1344, 1345, 1346, 1347, 1348, 1349, 1350, 1351, 1352, 1353, 1354, 1355, 1356, 1357, 1358, 1359, 1360, 1361, 1362, 1363, 1364, 1365, 1366, 1367, 1368, 1369, 1370, 1371, 1372, 1373, 1374, 1375, 1376, 1377, 1378, 1379, 1380, 1381, 1382, 1383, 1384, 1385, 1386, 1387, 1388, 1389, 1390, 1391, 946, 947, 948, 949, 950, 951, 1072, 1073, 1074, 1075, 1076, 1077, 1078, 1079, 1080, 1081, 1082, 1083, 1084, 1085, 1086, 1185, 1186, 1187, 1188, 1189, 1190, 1191, 1192, 1193, 1194, 1195, 1196, 1197, 1198, 1199, 1200, 1201, 1202, 1203, 1204, 1205, 1206, 1207, 1208, 1209, 1210, 1211, 1212, 1213, 1214, 1215, 1216, 1217, 1218, 1219, 1220, 1221, 1222, 1223, 1224, 1225, 1226, 1227, 1228, 1229, 1230, 1231, 1232, 1233, 1234, 1235, 1236, 1237, 1238, 1239, 1240, 1241, 1242, 1243, 1244, 1245, 1246, 1247, 1248, 1249, 1250, 1251, 1252, 1253, 1254, 1255, 1256, 1257, 1258, 1259, 1260, 1261, 1262, 1263, 1264, 1265, 1266, 1267, 1268, 1269, 1270, 1271, 1272, 1273, 1274, 1275, 1276, 1277, 673, 672, 671, 670, 669, 668, 667, 666, 665, 664, 663, 662, 661, 660, 659, 658, 657, 656, 655, 654, 653, 652, 651, 650, 649, 648, 647, 646, 645, 644, 643, 642, 641, 640, 639, 638, 637, 636, 635, 634, 633, 632, 631, 630, 629, 628, 627, 626, 625, 624, 623, 622, 621, 620, 619, 618, 617, 616, 615, 614, 613, 612, 611, 610, 609, 608, 607, 606, 605, 604, 603, 602, 601, 600, 599, 598, 597, 596, 595, 594, 593, 592, 591, 590, 589, 588, 587, 586, 585, 584, 583, 582, 581, 580, 579, 578, 577, 576, 575, 574, 573, 572, 571, 570, 569, 568, 567, 566, 565, 564, 563, 562, 886, 885, 884, 883, 882, 881, 880, 879, 878, 877, 876, 875, 874, 873, 872, 871, 870, 869, 868, 867, 866, 865, 864, 863, 862, 861, 860, 859, 858, 857, 856, 855, 854, 853, 852, 851, 850, 849, 848, 847, 846, 845, 844, 843, 842, 841, 840, 839, 838, 837, 836, 835, 834, 833, 832, 831, 830, 829, 828, 827, 826, 825, 824, 823, 822, 821, 820, 819, 818, 817, 816, 815, 814, 813, 812, 811, 810, 809, 808, 807, 806, 805, 804, 803, 802, 801, 800, 799, 798, 797, 796, 795, 794, 793, 792, 791, 790, 789, 788, 787, 786, 785, 784, 783, 782, 781, 780, 779, 778, 777, 454, 455, 456, 457, 458, 459, 460, 461, 462, 463, 464, 465, 466, 467, 468, 469, 470, 471, 472, 473, 474, 475, 476, 477, 478, 479, 480, 481, 482, 483, 484, 485, 486, 487, 488, 489, 490, 491, 492, 493, 494, 495, 496, 497, 498, 499, 500, 501, 502, 503, 504, 505, 506, 507, 508, 509, 510, 511, 512, 513, 514, 515, 516, 517, 518, 519, 520, 521, 522, 523, 524, 525, 526, 527, 528, 529, 530, 531, 532, 533, 534, 535, 536, 537, 538, 539, 540, 541, 542, 543, 544, 545, 546, 887, 888, 889, 890, 891, 892, 893, 894, 895, 896, 897, 898, 899, 900, 937, 938, 939, 561, 560, 559, 558, 557, 556, 555, 554, 553, 552, 551, 901, 902, 903, 904, 905, 906, 907, 908, 909, 910, 911, 1398, 1397, 1396, 1395, 1394, 1393, 1392, 929, 930, 931, 932, 933, 934, 935, 936, 941, 942, 940, 1429, 1428, 1427, 1426, 1425, 1424, 1864, 1865, 1866, 1867, 1868, 1869, 1403, 1404, 1405, 1406, 1407, 1408, 1409, 1410, 1411, 1412, 1413, 1653, 1652, 1651, 2006, 2004, 2005, 1650, 1649, 1648, 1647, 1646, 1874, 1873, 2221, 2220, 1870, 1872, 1871, 2219, 2217, 2218, 1885, 1883, 1884, 1886, 1887, 1430, 1431, 1432, 943, 944, 945, 1057, 1058, 1435, 1434, 1433, 2003, 2002, 1645, 1644, 1643, 1642, 2000, 1999, 2001, 1061, 1060, 1059, 1062, 1063, 1064, 1065, 1066, 1067, 1068, 1069, 1070, 1071, 926, 927, 928, 1087, 1088, 1089, 1090, 1091, 1092, 1093, 1094, 1095, 1096, 1097, 1098, 1099, 1100, 1101, 1102, 1103, 1104, 1105, 1106, 1107, 1108, 1109, 1110, 1111, 1112, 1113, 1114, 1115, 1116, 1117, 1118, 1119, 1120, 1121, 1122, 1123, 1124, 1125, 1126, 1127, 1128, 1129, 1130, 1131, 1132, 1133, 1134, 1135, 1136, 1137, 1138, 1139, 1140, 1141, 1142, 1143, 1144, 1145, 1146, 1147, 1148, 1149, 1150, 1151, 1152, 1153, 1154, 1155, 1156, 1157, 1158, 1159, 1160, 1161, 1162, 1163, 1164, 1165, 1166, 1167, 1168, 1169, 1170, 1171, 1172, 1173, 1174, 1175, 1176, 1177, 1178, 1179, 1180, 1181, 1182, 1183, 1184, 1750, 1751, 1752, 2104, 2103, 2102, 2101, 2100, 1749, 1748, 1747, 1746, 1745, 1744, 1743, 1742, 1741, 1740, 1739, 1738, 1737, 1736, 1735, 1734, 1733, 1732, 1731, 1730, 1729, 1728, 1727, 1726, 1725, 1724, 1723, 1722, 1721, 1720, 1719, 1718, 1717, 1716, 1715, 1714, 1713, 1712, 1711, 1710, 1709, 1708, 1707, 1706, 1705, 1704, 1703, 1702, 1701, 1700, 1699, 1698, 1697, 1696, 1695, 1694, 1693, 1692, 1691, 1690, 1689, 1688, 1687, 1686, 1685, 1684, 1683, 1682, 1681, 1680, 1679, 1678, 1677, 1676, 1675, 1674, 1673, 1672, 1671, 1670, 1669, 1668, 1667, 1666, 1665, 1664, 1663, 1662, 1661, 1660, 1659, 2012, 2013, 2014, 2015, 2016, 2017, 2018, 2019, 2020, 2021, 2022, 2023, 2024, 2025, 2026, 2027, 2028, 2029, 2030, 2031, 2032, 2033, 2034, 2035, 2036, 2037, 2038, 2039, 2040, 2041, 2042, 2043, 2044, 2045, 2046, 2047, 2048, 2049, 2050, 2051, 2052, 2053, 2054, 2055, 2056, 2057, 2058, 2059, 2060, 2061, 2394, 2393, 2392, 2391, 2390, 2389, 2388, 2387, 2386, 2385, 2384, 2383, 2382, 2381, 2380, 2379, 2378, 2377, 2376, 2375, 2374, 2373, 2372, 2371, 2370, 2369, 2368, 2367, 2366, 2365, 2364, 2363, 2362, 2361, 2360, 2359, 2358, 2357, 2356, 2355, 2354, 2353, 2352, 2351, 2350, 2349, 2348, 2347, 2346, 2345, 2344, 2343, 2342, 2341, 2340, 2339, 2338, 2222, 2223, 2224, 2225, 1880, 1881, 1882, 2007, 2008, 2009, 2010, 2011, 1658, 1657, 1656, 1655, 1654, 1423, 1422, 1421, 1879, 1878, 1877, 1876, 1875, 1415, 1414, 1416, 1417, 1418, 1419, 1420, 925, 924, 923, 922, 921, 920, 919, 918, 917, 916, 915, 914, 913, 912, 1402, 1401, 1400, 1399, 772, 771, 770, 769, 768, 767, 766, 765, 764, 763, 762, 761, 760, 759, 758, 757, 756, 755, 754, 753, 752, 751, 750, 749, 748, 747, 746, 745, 744, 743, 742, 741, 740, 739, 738, 737, 736, 735, 734, 733, 732, 731, 730, 729, 728, 727, 726, 725, 724, 723, 722, 721, 720, 719, 718, 717, 716, 715, 714, 713, 712, 711, 710, 709, 708, 707, 706, 705, 704, 703, 702, 701, 700, 699, 698, 697, 696, 695, 694, 693, 692, 691, 690, 689, 688, 687, 686, 685, 684, 683, 682, 681, 680, 679, 678, 677, 676, 675, 674, 247, 248, 249, 250, 251, 252, 253, 254, 255, 256, 257, 258, 259, 260, 261, 262, 263, 264, 265, 266, 267, 268, 269, 270, 271, 272, 273, 274, 275, 276, 277, 278, 279, 280, 281, 282, 283, 284, 285, 286, 287, 288, 289, 290, 291, 292, 293, 294, 295, 296, 297, 298, 299, 300, 301, 302, 303, 304, 305, 306, 307, 308, 309, 310, 311, 312, 313, 314, 315, 316, 317, 318, 319, 320, 321, 322, 323, 324, 325, 326, 327, 328, 329, 330, 331, 332, 333, 334, 335, 336, 337, 773, 774, 775, 776, 1278, 1279, 1280, 340, 339, 338, 435, 434, 433, 432, 431, 430, 429, 428, 427, 426, 425, 424, 423, 422, 421, 420, 419, 418, 417, 416, 415, 414, 413, 412, 411, 410, 409, 408, 407, 406, 405, 404, 403, 402, 401, 400, 399, 398, 397, 396, 395, 394, 393, 392, 391, 390, 389, 388, 387, 386, 385, 384, 383, 382, 381, 380, 379, 378, 377, 376, 375, 374, 373, 372, 371, 370, 369, 368, 367, 366, 365, 364, 363, 362, 361, 360, 359, 358, 357, 356, 355, 354, 353, 352, 351, 350, 349, 348, 347, 346, 345, 344, 343, 342, 341, 245, 244, 243, 242, 241, 240, 68, 69, 70, 71, 72, 73, 74, 75, 76, 77, 78, 79, 80, 81, 82, 83, 84, 85, 86, 87, 88, 89, 90, 91, 92, 93, 94, 95, 96, 97, 98, 99, 100, 101, 102, 103, 104, 105, 106, 107, 108, 109, 110, 111, 112, 113, 114, 115, 116, 117, 118, 119, 120, 121, 122, 123, 124, 125, 126, 127, 128, 129, 130, 131, 132, 133, 134, 135, 136, 137, 138, 139, 140, 141, 142, 143, 144, 145, 146, 147, 148, 149, 150, 151, 152, 153, 154, 155, 156, 157, 158, 159, 161, 163, 162, 160, 448, 447, 446, 445, 444, 443, 442, 441, 440, 439, 438, 437, 436, 239, 238, 237, 236, 235, 234, 233, 232, 231, 230, 229, 228, 227, 226, 225, 224, 223, 222, 221, 220, 219, 218, 217, 216, 215, 214, 213, 212, 211, 210, 209, 208, 207, 206, 205, 204, 203, 202, 201, 200, 199, 198, 197, 196, 195, 194, 193, 192, 191, 190, 189, 188, 187, 186, 185, 184, 183, 182, 181, 180, 179, 178, 177, 176, 175, 174, 173, 172, 171, 170, 169, 168, 167, 166, 165, 164, 6, 5, 4, 3, 2, 1, 59, 60, 61, 62, 63, 64, 65, 66, 67, 7, 8, 9, 10, 11, 12, 13, 14, 15, 16, 17, 18, 19, 20, 21, 22, 23, 24, 25, 26, 27, 28, 29, 30, 31, 32, 33, 34, 35, 36, 37, 38, 39, 40, 41, 42, 43, 44, 45, 46, 47, 48, 49, 50, 51, 52, 53, 54, 55, 56, 57, 58, 449, 450, 451, 452, 453]
uncompressed_zig: [5983, 5984, 5985, 5986, 5987, 5988, 5989, 5990, 5991, 5992, 5993, 5994, 5998, 5995, 5996, 5997, 5999, 6066, 6067, 6068, 6069, 6070, 6071, 6072, 6000, 6073, 6002, 6003, 6004, 6001, 6005, 6006, 6007, 6008, 5886, 6009, 6010, 5887, 6011, 5891, 5889, 5888, 5885, 5884, 5883, 5882, 5881, 5880, 5879, 5878, 5877, 5876, 5875, 5874, 5873, 5872, 5871, 5870, 5869, 5868, 5867, 5866, 5865, 5864, 5863, 5862, 5861, 5860, 5859, 5858, 5857, 5856, 5855, 5854, 5853, 5852, 5851, 5850, 5849, 5848, 5847, 5846, 5845, 5844, 5843, 5842, 5841, 5840, 5690, 5839, 5689, 5688, 5687, 5686, 5692, 5693, 5694, 5691, 5695, 5696, 5697, 5698, 5699, 5700, 5701, 5702, 5703, 5704, 5705, 5706, 5707, 5708, 5709, 5710, 5711, 5712, 5713, 5714, 5715, 5716, 5717, 5718, 5719, 5720, 5721, 5722, 5723, 5724, 5725, 5726, 5727, 5728, 5729, 5730, 5731, 5732, 5733, 5734, 5735, 5736, 5737, 5738, 5739, 5740, 5741, 5742, 5743, 5744, 5745, 5746, 5747, 5748, 5890, 5749, 5900, 5750, 5751, 5752, 5753, 5754, 5755, 5903, 5902, 5896, 5895, 5894, 5893, 5892, 5756, 5904, 5901, 5897, 5757, 5908, 5907, 5906, 5905, 5899, 5898, 5758, 5759, 5760, 5761, 5762, 5763, 5764, 5765, 5909, 5766, 5910, 5767, 5911, 5768, 5912, 5769, 5913, 5770, 5914, 5771, 5915, 5772, 5916, 5773, 5917, 5774, 5918, 5775, 5919, 5776, 5920, 5777, 5921, 5778, 5779, 5780, 5781, 5782, 5783, 5784, 5785, 5786, 5787, 5788, 5789, 5790, 5791, 5792, 5793, 5794, 5795, 5796, 5797, 5798, 5799, 5800, 5801, 5802, 5803, 5804, 5805, 5806, 5807, 5808, 5809, 5810, 5811, 5812, 5813, 5814, 5815, 5816, 5817, 5818, 5819, 5820, 5821, 5822, 5823, 5824, 5825, 5826, 5827, 5828, 5829, 5830, 5831, 5832, 5833, 5834, 5835, 5836, 5837, 5838, 5982, 5981, 5980, 5979, 5978, 5977, 5976, 5975, 5974, 5973, 5972, 5971, 5970, 5969, 5968, 5967, 5966, 5965, 5964, 5963, 5962, 5961, 5960, 5959, 5958, 5957, 5956, 5955, 5954, 5953, 5952, 5951, 5950, 5949, 5948, 5947, 5946, 5945, 5944, 5943, 5942, 5941, 5940, 5939, 5938, 5937, 5936, 5935, 5934, 5933, 5932, 5931, 5927, 5930, 5926, 5929, 5925, 5924, 5923, 5922, 5928, 6012, 6013, 6014, 6015, 6016, 6017, 6018, 6019, 6020, 6021, 6022, 6023, 6024, 6025, 6026, 6027, 6028, 6029, 6030, 6031, 6032, 6033, 6034, 6035, 6036, 6037, 6038, 6039, 6040, 6041, 6042, 6043, 6044, 6045, 6046, 6047, 6048, 6049, 6050, 6051, 6052, 6053, 6054, 6055, 6056, 6057, 6058, 6059, 6060, 6061, 6062, 6063, 6064, 6065, 6083, 6082, 6081, 6080, 6079, 6078, 6077, 6076, 6075, 6074, 5642, 5641, 5640, 5639, 5638, 5637, 5636, 5635, 5634, 5633, 5632, 5631, 5630, 5629, 5628, 5627, 5626, 5625, 5624, 5623, 5622, 5621, 5620, 5619, 5618, 5617, 5616, 5615, 5614, 5613, 5612, 5611, 5610, 5609, 5608, 5607, 5606, 5605, 5604, 5603, 5602, 5601, 5600, 5599, 5598, 5597, 5596, 5595, 5594, 5593, 5592, 5591, 5590, 5589, 5588, 5587, 5586, 5585, 5584, 5583, 5582, 5581, 5580, 5579, 5578, 5577, 5576, 5575, 5574, 5573, 5572, 5571, 5570, 5569, 5568, 5567, 5566, 5565, 5564, 5563, 5562, 5561, 5560, 5559, 5558, 5557, 5556, 5555, 5554, 5553, 5552, 5551, 5550, 5549, 5548, 5547, 5546, 5545, 5544, 5543, 5542, 5541, 5540, 5539, 5538, 5537, 5536, 5535, 5534, 5533, 5532, 5531, 5530, 5529, 5528, 5527, 5526, 5525, 5524, 5523, 5522, 5521, 5520, 5519, 5518, 5517, 5516, 5515, 5514, 5513, 5512, 5511, 5510, 5509, 5508, 5507, 5506, 5505, 5504, 5503, 5502, 5501, 5500, 5499, 5498, 5497, 5496, 5495, 5494, 5493, 5492, 5491, 5490, 5489, 5685, 5488, 5684, 5487, 5683, 5486, 5682, 5485, 5681, 5484, 5680, 5483, 5679, 5482, 5678, 5481, 5677, 5480, 5676, 5479, 5675, 5478, 5674, 5477, 5673, 5476, 5672, 5475, 5671, 5474, 5670, 5473, 5472, 5471, 5470, 5469, 5468, 5467, 5466, 5669, 5668, 5667, 5666, 5465, 5665, 5464, 5664, 5463, 5663, 5462, 5461, 5460, 5659, 5662, 5658, 5661, 5657, 5660, 5656, 5459, 5458, 5457, 5456, 5455, 5454, 5453, 5452, 5451, 5450, 5449, 5448, 5447, 5446, 5654, 5655, 5653, 5652, 5651, 5650, 5445, 5444, 5443, 5442, 5441, 5440, 5439, 5438, 5437, 5436, 5435, 5434, 5649, 5432, 5648, 5431, 5647, 5646, 5645, 5644, 5643, 5433, 5430, 5429, 5428, 5427, 5426, 5425, 5424, 5194, 5193, 5192, 5420, 5421, 5422, 5423, 5195, 5196, 5197, 5198, 5199, 5200, 5201, 5202, 5203, 5204, 5205, 5206, 5207, 5208, 5209, 5210, 5211, 5212, 5213, 5214, 5215, 5216, 5217, 5218, 5219, 5220, 5221, 5222, 5223, 5224, 5225, 5226, 5227, 5228, 5229, 5230, 5231, 5232, 5233, 5234, 5235, 5236, 5237, 5238, 5239, 5240, 5241, 5242, 5243, 5244, 5245, 5246, 5247, 5248, 5249, 5250, 5251, 5252, 5253, 5254, 5255, 5256, 5257, 5258, 5259, 5260, 5261, 5262, 5263, 5264, 5265, 5266, 5267, 5268, 5269, 5270, 5271, 5272, 5273, 5274, 5275, 5276, 5277, 5278, 5279, 5280, 5281, 5282, 5283, 5284, 5285, 5286, 5287, 5288, 5289, 5290, 5291, 5292, 5293, 5294, 5295, 5296, 5297, 5298, 5299, 5300, 5301, 5302, 5303, 5304, 5305, 5306, 5307, 5308, 5309, 5310, 5311, 5312, 5313, 5314, 5315, 5316, 5317, 5318, 5319, 5320, 5321, 5322, 5323, 5324, 5325, 5326, 5327, 5328, 5329, 5330, 5331, 5332, 5333, 5334, 5335, 5336, 5337, 5338, 5339, 5340, 5341, 5342, 5343, 5344, 5345, 5346, 5347, 5348, 5349, 5350, 5351, 5352, 5353, 5354, 5355, 5356, 5357, 5358, 5359, 5360, 5361, 5362, 5363, 5364, 5365, 5366, 5367, 5368, 5369, 5370, 5371, 5372, 5373, 5374, 5375, 5376, 5377, 5378, 5379, 5380, 5381, 5382, 5383, 5384, 5385, 5386, 5387, 5388, 5389, 5390, 5391, 5392, 5393, 5394, 5395, 5396, 5397, 5398, 5399, 5400, 5401, 5402, 5403, 5404, 5405, 5406, 5407, 5408, 5409, 5410, 5411, 5412, 5413, 5176, 5175, 5174, 5173, 5172, 5171, 5170, 5169, 5168, 5167, 5166, 5165, 5164, 5163, 5162, 5161, 5160, 5159, 5158, 5157, 5156, 5155, 5154, 5153, 5152, 5151, 5150, 5149, 5148, 5147, 5146, 5145, 5144, 5143, 5142, 5141, 5140, 5139, 5138, 5137, 5136, 5135, 5134, 5133, 5132, 5131, 5130, 5129, 5128, 5127, 5126, 5125, 5124, 5123, 5122, 5121, 5120, 5119, 5118, 5117, 5116, 5115, 5114, 5113, 5112, 5111, 5110, 5109, 5108, 5107, 5106, 5105, 5104, 5103, 5102, 5101, 5100, 5099, 5098, 5097, 5096, 5095, 5094, 5093, 5092, 5091, 5090, 5089, 5088, 5087, 5086, 5085, 5084, 5083, 5082, 5081, 5080, 5079, 5078, 5077, 5076, 5075, 5074, 5073, 5072, 5071, 5070, 5069, 5068, 5067, 5066, 5065, 5064, 5063, 5062, 5061, 5060, 5059, 5058, 5057, 5056, 5055, 5054, 5053, 5052, 5051, 5050, 5049, 5048, 5047, 5046, 5045, 5044, 5043, 5042, 5041, 5040, 5039, 5038, 5037, 5036, 5035, 5034, 5033, 5032, 5031, 5030, 5029, 5028, 5027, 5026, 5025, 5024, 5023, 5022, 5021, 5020, 5019, 5018, 5017, 5016, 5015, 5014, 5013, 5012, 5011, 5010, 5009, 5008, 5007, 5006, 5005, 5004, 5003, 5002, 5001, 5000, 4999, 4998, 4997, 4996, 4995, 4994, 4993, 4992, 4991, 4990, 4989, 4988, 4987, 4986, 4985, 4984, 4983, 4982, 4981, 4980, 4979, 4978, 4977, 4976, 4975, 4974, 4973, 4972, 4971, 4970, 4969, 4968, 4967, 4966, 4965, 4964, 4963, 4962, 4961, 4960, 4959, 5191, 5190, 5189, 5188, 5187, 5186, 5419, 5418, 5417, 5416, 5415, 5414, 5181, 5182, 5183, 5184, 5185, 4956, 4958, 4957, 4955, 4954, 4953, 4952, 4951, 5179, 5178, 5177, 5180, 4950, 4949, 4948, 4720, 4721, 4722, 4723, 4724, 4725, 4726, 4727, 4728, 4729, 4730, 4731, 4733, 4732, 4734, 4735, 4736, 4737, 4738, 4739, 4740, 4741, 4742, 4743, 4744, 4745, 4746, 4747, 4748, 4749, 4750, 4751, 4752, 4753, 4754, 4755, 4756, 4757, 4758, 4759, 4760, 4761, 4762, 4763, 4764, 4765, 4766, 4767, 4768, 4769, 4770, 4771, 4772, 4773, 4774, 4775, 4776, 4777, 4778, 4779, 4780, 4781, 4782, 4783, 4784, 4785, 4786, 4787, 4788, 4789, 4790, 4791, 4792, 4793, 4794, 4795, 4796, 4797, 4798, 4799, 4800, 4801, 4802, 4803, 4804, 4805, 4806, 4807, 4808, 4809, 4810, 4811, 4812, 4813, 4814, 4815, 4816, 4817, 4818, 4819, 4820, 4821, 4822, 4823, 4824, 4825, 4826, 4827, 4828, 4829, 4830, 4831, 4832, 4833, 4834, 4835, 4836, 4837, 4838, 4839, 4840, 4841, 4842, 4843, 4844, 4845, 4846, 4847, 4848, 4849, 4850, 4851, 4852, 4853, 4854, 4855, 4856, 4857, 4858, 4859, 4860, 4861, 4862, 4863, 4864, 4865, 4866, 4867, 4868, 4869, 4870, 4871, 4872, 4873, 4874, 4875, 4876, 4877, 4878, 4879, 4880, 4881, 4882, 4883, 4884, 4885, 4886, 4887, 4888, 4889, 4890, 4891, 4892, 4893, 4894, 4895, 4896, 4897, 4898, 4899, 4900, 4901, 4902, 4903, 4904, 4905, 4906, 4907, 4908, 4909, 4910, 4911, 4912, 4913, 4914, 4915, 4916, 4917, 4918, 4919, 4920, 4921, 4922, 4923, 4924, 4925, 4926, 4927, 4928, 4929, 4930, 4931, 4932, 4933, 4934, 4935, 4936, 4937, 4938, 4939, 4940, 4941, 4942, 4943, 4944, 4945, 4946, 4947, 4719, 4718, 4717, 4716, 4715, 4714, 4713, 4712, 4711, 4710, 4709, 4708, 4707, 4706, 4705, 4704, 4703, 4702, 4701, 4700, 4699, 4698, 4697, 4696, 4695, 4694, 4693, 4692, 4691, 4690, 4689, 4688, 4687, 4686, 4685, 4684, 4683, 4682, 4681, 4680, 4679, 4678, 4677, 4676, 4675, 4674, 4673, 4672, 4671, 4670, 4669, 4668, 4667, 4666, 4665, 4664, 4663, 4662, 4661, 4660, 4659, 4658, 4657, 4656, 4655, 4654, 4653, 4652, 4651, 4650, 4649, 4648, 4647, 4646, 4645, 4644, 4643, 4642, 4641, 4640, 4639, 4638, 4637, 4636, 4635, 4634, 4633, 4632, 4631, 4630, 4629, 4628, 4627, 4626, 4625, 4624, 4623, 4622, 4621, 4620, 4619, 4618, 4617, 4616, 4615, 4614, 4613, 4612, 4611, 4610, 4609, 4608, 4607, 4606, 4605, 4604, 4603, 4602, 4601, 4600, 4599, 4598, 4597, 4596, 4595, 4594, 4593, 4592, 4591, 4590, 4589, 4588, 4587, 4586, 4585, 4584, 4583, 4582, 4581, 4580, 4579, 4578, 4577, 4576, 4575, 4574, 4573, 4572, 4571, 4570, 4569, 4568, 4567, 4566, 4565, 4564, 4563, 4562, 4561, 4560, 4559, 4558, 4557, 4556, 4555, 4554, 4553, 4552, 4551, 4550, 4549, 4548, 4547, 4546, 4545, 4544, 4543, 4542, 4541, 4540, 4539, 4538, 4537, 4536, 4535, 4534, 4533, 4532, 4531, 4530, 4529, 4528, 4527, 4526, 4525, 4524, 4523, 4522, 4521, 4520, 4519, 4518, 4517, 4516, 4515, 4514, 4513, 4512, 4511, 4510, 4509, 4508, 4507, 4506, 4505, 4504, 4503, 4502, 4501, 4500, 4499, 4498, 4497, 4496, 4495, 4273, 4274, 4275, 4276, 4277, 4278, 4279, 4280, 4281, 4282, 4283, 4284, 4285, 4286, 4287, 4288, 4289, 4290, 4291, 4292, 4293, 4294, 4295, 4296, 4297, 4298, 4299, 4300, 4301, 4302, 4303, 4304, 4305, 4306, 4307, 4308, 4309, 4310, 4311, 4312, 4313, 4314, 4315, 4316, 4317, 4318, 4319, 4320, 4321, 4322, 4323, 4324, 4325, 4326, 4327, 4328, 4329, 4330, 4331, 4332, 4333, 4334, 4335, 4336, 4337, 4338, 4339, 4340, 4341, 4342, 4343, 4344, 4345, 4346, 4347, 4348, 4349, 4350, 4351, 4352, 4353, 4354, 4355, 4356, 4357, 4358, 4359, 4360, 4361, 4362, 4363, 4364, 4365, 4366, 4367, 4368, 4369, 4370, 4371, 4372, 4373, 4374, 4375, 4376, 4377, 4378, 4379, 4380, 4381, 4382, 4383, 4384, 4385, 4386, 4387, 4388, 4389, 4390, 4391, 4392, 4393, 4394, 4395, 4396, 4397, 4398, 4399, 4400, 4401, 4402, 4403, 4404, 4405, 4406, 4407, 4408, 4409, 4410, 4411, 4412, 4413, 4414, 4415, 4416, 4417, 4418, 4419, 4420, 4421, 4422, 4423, 4424, 4425, 4426, 4427, 4428, 4429, 4430, 4431, 4432, 4433, 4434, 4435, 4436, 4437, 4438, 4439, 4440, 4441, 4442, 4443, 4444, 4445, 4446, 4447, 4448, 4449, 4450, 4451, 4452, 4453, 4454, 4455, 4456, 4457, 4458, 4459, 4460, 4461, 4462, 4463, 4464, 4465, 4466, 4467, 4468, 4469, 4470, 4471, 4472, 4473, 4474, 4475, 4476, 4477, 4478, 4479, 4480, 4481, 4482, 4483, 4484, 4485, 4486, 4487, 4488, 4489, 4490, 4491, 4492, 4493, 4494, 4272, 4271, 4270, 4269, 4268, 4267, 4266, 4265, 4264, 4263, 4262, 4261, 4260, 4259, 4258, 4257, 4256, 4255, 4254, 4253, 4252, 4251, 4250, 4249, 4248, 4247, 4246, 4245, 4244, 4243, 4242, 4241, 4240, 4239, 4238, 4237, 4236, 4235, 4234, 4233, 4232, 4231, 4230, 4229, 4228, 4227, 4226, 4225, 4224, 4223, 4222, 4221, 4220, 4219, 4218, 4217, 4216, 4215, 4214, 4213, 4212, 4211, 4210, 4209, 4208, 4207, 4206, 4205, 4204, 4203, 4202, 4201, 4200, 4199, 4198, 4197, 4196, 4195, 4194, 4193, 4192, 4191, 4190, 4189, 4188, 4187, 4186, 4185, 4184, 4183, 4182, 4181, 4180, 4179, 4178, 4177, 4176, 4175, 4174, 4173, 4172, 4171, 4170, 4169, 4168, 4167, 4166, 4165, 4164, 4163, 4162, 4161, 4160, 4159, 4158, 4157, 4156, 4155, 4154, 4153, 4152, 4151, 4150, 4149, 4148, 4147, 4146, 4145, 4144, 4143, 4142, 4141, 4140, 4139, 4138, 4137, 4136, 4135, 4134, 4133, 4132, 4131, 4130, 4129, 4128, 4127, 4126, 4125, 4124, 4123, 4122, 4121, 4120, 4119, 4118, 4117, 4116, 4115, 4114, 4113, 4112, 4111, 4110, 4109, 4108, 4107, 4106, 4105, 4104, 4103, 4102, 4101, 4100, 4099, 4098, 4097, 4096, 4095, 4094, 4093, 4092, 4091, 4090, 4089, 4088, 4087, 4086, 4085, 4084, 4083, 4082, 4081, 4080, 4079, 4078, 4077, 4076, 4075, 4074, 4073, 4072, 4071, 4070, 4069, 4068, 4067, 4066, 4065, 4064, 4063, 4062, 4061, 4060, 4059, 4058, 4057, 4056, 4055, 4054, 4053, 4052, 4051, 3833, 3834, 3835, 3836, 3837, 3838, 3839, 3840, 3841, 3842, 3843, 3844, 3845, 3846, 3847, 3848, 3849, 3850, 3851, 3852, 3853, 3854, 3855, 3856, 3857, 3858, 3859, 3860, 3861, 3862, 3863, 3864, 3865, 3866, 3867, 3868, 3869, 3870, 3871, 3872, 3873, 3874, 3875, 3876, 3877, 3878, 3879, 3880, 3881, 3882, 3883, 3884, 3885, 3886, 3887, 3888, 3889, 3890, 3891, 3892, 3893, 3894, 3895, 3896, 3897, 3898, 3899, 3900, 3901, 3902, 3903, 3904, 3905, 3906, 3907, 3908, 3909, 3910, 3911, 3912, 3913, 3914, 3915, 3916, 3917, 3918, 3919, 3920, 3921, 3922, 3923, 3924, 3925, 3926, 3927, 3928, 3929, 3930, 3931, 3932, 3933, 3934, 3935, 3936, 3937, 3938, 3939, 3940, 3941, 3942, 3943, 3944, 3945, 3946, 3947, 3948, 3949, 3950, 3951, 3952, 3953, 3954, 3955, 3956, 3957, 3958, 3959, 3960, 3961, 3962, 3963, 3964, 3965, 3966, 3967, 3968, 3969, 3970, 3971, 3972, 3973, 3974, 3975, 3976, 3977, 3978, 3979, 3980, 3981, 3982, 3983, 3984, 3985, 3986, 3987, 3988, 3989, 3990, 3991, 3992, 3993, 3994, 3995, 3996, 3997, 3998, 3999, 4000, 4001, 4002, 4003, 4004, 4005, 4006, 4007, 4008, 4009, 4010, 4011, 4012, 4013, 4014, 4015, 4016, 4017, 4018, 4019, 4020, 4021, 4022, 4023, 4024, 4025, 4026, 4027, 4028, 4029, 4030, 4031, 4032, 4033, 4034, 4035, 4036, 4037, 4038, 4039, 4040, 4041, 4042, 4043, 4044, 4045, 4046, 4047, 4048, 4049, 4050, 3828, 3827, 3826, 3825, 3824, 3823, 3822, 3821, 3820, 3819, 3818, 3817, 3816, 3815, 3814, 3813, 3812, 3811, 3810, 3809, 3808, 3807, 3806, 3805, 3804, 3803, 3802, 3801, 3800, 3799, 3798, 3797, 3796, 3795, 3794, 3793, 3792, 3791, 3790, 3789, 3788, 3787, 3786, 3785, 3784, 3783, 3782, 3781, 3780, 3779, 3778, 3777, 3776, 3775, 3774, 3773, 3772, 3771, 3770, 3769, 3768, 3767, 3766, 3765, 3764, 3763, 3762, 3761, 3760, 3759, 3758, 3757, 3756, 3755, 3754, 3753, 3752, 3751, 3750, 3749, 3748, 3747, 3746, 3745, 3744, 3743, 3742, 3741, 3740, 3739, 3738, 3737, 3736, 3735, 3734, 3733, 3732, 3731, 3730, 3729, 3728, 3727, 3726, 3725, 3724, 3723, 3722, 3721, 3720, 3719, 3718, 3717, 3716, 3715, 3714, 3713, 3712, 3711, 3710, 3709, 3708, 3707, 3706, 3705, 3704, 3703, 3702, 3701, 3700, 3699, 3698, 3697, 3696, 3695, 3694, 3693, 3692, 3691, 3690, 3689, 3688, 3687, 3686, 3685, 3684, 3683, 3682, 3681, 3680, 3679, 3678, 3677, 3676, 3675, 3674, 3673, 3672, 3671, 3670, 3669, 3668, 3667, 3666, 3665, 3664, 3663, 3662, 3661, 3660, 3659, 3658, 3657, 3656, 3655, 3654, 3653, 3652, 3651, 3650, 3649, 3648, 3647, 3646, 3645, 3644, 3643, 3642, 3641, 3640, 3639, 3638, 3637, 3636, 3635, 3634, 3633, 3632, 3631, 3630, 3629, 3628, 3627, 3626, 3625, 3624, 3623, 3622, 3621, 3620, 3619, 3618, 3617, 3616, 3615, 3614, 3613, 3612, 3832, 3829, 3830, 3831, 3611, 3610, 3609, 3608, 3389, 3390, 3391, 3392, 3393, 3394, 3395, 3396, 3397, 3398, 3399, 3400, 3401, 3402, 3403, 3404, 3405, 3406, 3407, 3408, 3409, 3410, 3411, 3412, 3413, 3414, 3415, 3416, 3417, 3418, 3419, 3420, 3421, 3422, 3423, 3424, 3425, 3426, 3427, 3428, 3429, 3430, 3431, 3432, 3433, 3434, 3435, 3436, 3437, 3438, 3439, 3440, 3441, 3442, 3443, 3444, 3445, 3446, 3447, 3448, 3449, 3450, 3451, 3452, 3453, 3454, 3455, 3456, 3457, 3458, 3459, 3460, 3461, 3462, 3463, 3464, 3465, 3466, 3467, 3468, 3469, 3470, 3471, 3472, 3473, 3474, 3475, 3476, 3477, 3478, 3479, 3480, 3481, 3482, 3483, 3484, 3485, 3486, 3487, 3488, 3489, 3490, 3491, 3492, 3493, 3494, 3495, 3496, 3497, 3498, 3499, 3500, 3501, 3502, 3503, 3504, 3505, 3506, 3507, 3508, 3509, 3510, 3511, 3512, 3513, 3514, 3515, 3516, 3517, 3518, 3519, 3520, 3521, 3522, 3523, 3524, 3525, 3526, 3527, 3528, 3529, 3530, 3531, 3532, 3533, 3534, 3535, 3536, 3537, 3538, 3539, 3540, 3541, 3542, 3543, 3544, 3545, 3546, 3547, 3548, 3549, 3550, 3551, 3552, 3553, 3554, 3555, 3556, 3557, 3558, 3559, 3560, 3561, 3562, 3563, 3564, 3565, 3566, 3567, 3568, 3569, 3570, 3571, 3572, 3573, 3574, 3575, 3576, 3577, 3578, 3579, 3580, 3581, 3582, 3583, 3584, 3585, 3586, 3587, 3588, 3589, 3590, 3591, 3592, 3593, 3594, 3595, 3596, 3597, 3598, 3599, 3600, 3601, 3602, 3603, 3604, 3605, 3606, 3607, 3385, 3384, 3383, 3382, 3381, 3380, 3379, 3378, 3377, 3376, 3375, 3374, 3373, 3372, 3371, 3370, 3369, 3368, 3367, 3366, 3365, 3364, 3363, 3362, 3361, 3360, 3359, 3358, 3357, 3356, 3355, 3354, 3353, 3352, 3351, 3350, 3349, 3348, 3347, 3346, 3345, 3344, 3343, 3342, 3341, 3340, 3339, 3338, 3337, 3336, 3335, 3334, 3333, 3332, 3331, 3330, 3329, 3328, 3327, 3326, 3325, 3324, 3323, 3322, 3321, 3320, 3319, 3318, 3317, 3316, 3315, 3314, 3313, 3312, 3311, 3310, 3309, 3308, 3307, 3306, 3305, 3304, 3303, 3302, 3301, 3300, 3299, 3298, 3297, 3296, 3295, 3294, 3293, 3292, 3291, 3290, 3289, 3288, 3287, 3286, 3285, 3284, 3283, 3282, 3281, 3280, 3279, 3278, 3277, 3276, 3275, 3274, 3273, 3272, 3271, 3270, 3269, 3268, 3267, 3266, 3265, 3264, 3263, 3262, 3261, 3260, 3259, 3258, 3257, 3256, 3255, 3254, 3253, 3252, 3251, 3250, 3249, 3248, 3247, 3246, 3245, 3244, 3243, 3242, 3241, 3240, 3239, 3238, 3237, 3236, 3235, 3234, 3233, 3232, 3231, 3230, 3229, 3228, 3227, 3226, 3225, 3224, 3223, 3222, 3221, 3220, 3219, 3218, 3217, 3216, 3215, 3214, 3213, 3212, 3211, 3210, 3209, 3208, 3207, 3206, 3205, 3204, 3203, 3202, 3201, 3200, 3199, 3198, 3197, 3196, 3195, 3194, 3193, 3192, 3191, 3190, 3189, 3188, 3187, 3186, 3185, 3184, 3183, 3182, 3181, 3180, 3179, 3178, 3177, 3176, 3175, 3174, 3173, 3172, 3171, 3170, 3169, 3168, 3388, 3387, 3386, 3167, 3166, 3165, 2945, 2946, 2947, 2948, 2949, 2950, 2951, 2952, 2953, 2954, 2955, 2956, 2957, 2958, 2959, 2960, 2961, 2962, 2963, 2964, 2965, 2966, 2967, 2968, 2969, 2970, 2971, 2972, 2973, 2974, 2975, 2976, 2977, 2978, 2979, 2980, 2981, 2982, 2983, 2984, 2985, 2986, 2987, 2988, 2989, 2990, 2991, 2992, 2993, 2994, 2995, 2996, 2997, 2998, 2999, 3000, 3001, 3002, 3003, 3004, 3005, 3006, 3007, 3008, 3009, 3010, 3011, 3012, 3013, 3014, 3015, 3016, 3017, 3018, 3019, 3020, 3021, 3022, 3023, 3024, 3025, 3026, 3027, 3028, 3029, 3030, 3031, 3032, 3033, 3034, 3035, 3036, 3037, 3038, 3039, 3040, 3041, 3042, 3043, 3044, 3045, 3046, 3047, 3048, 3049, 3050, 3051, 3052, 3053, 3054, 3055, 3056, 3057, 3058, 3059, 3060, 3061, 3062, 3063, 3064, 3065, 3066, 3067, 3068, 3069, 3070, 3071, 3072, 3073, 3074, 3075, 3076, 3077, 3078, 3079, 3080, 3081, 3082, 3083, 3084, 3085, 3086, 3087, 3088, 3089, 3090, 3091, 3092, 3093, 3094, 3095, 3096, 3097, 3098, 3099, 3100, 3101, 3102, 3103, 3104, 3105, 3106, 3107, 3108, 3109, 3110, 3111, 3112, 3113, 3114, 3115, 3116, 3117, 3118, 3119, 3120, 3121, 3122, 3123, 3124, 3125, 3126, 3127, 3128, 3129, 3130, 3131, 3132, 3133, 3134, 3135, 3136, 3137, 3138, 3139, 3140, 3141, 3142, 3143, 3144, 3145, 3146, 3147, 3148, 3149, 3150, 3151, 3152, 3153, 3154, 3155, 3156, 3157, 3158, 3159, 3160, 3161, 3162, 3163, 3164, 2944, 2943, 2942, 2941, 2940, 2939, 2938, 2937, 2936, 2935, 2934, 2933, 2932, 2931, 2930, 2929, 2928, 2927, 2926, 2925, 2924, 2923, 2922, 2921, 2920, 2919, 2918, 2917, 2916, 2915, 2914, 2913, 2912, 2911, 2910, 2909, 2908, 2907, 2906, 2905, 2904, 2903, 2902, 2901, 2900, 2899, 2898, 2897, 2896, 2895, 2894, 2893, 2892, 2891, 2890, 2889, 2888, 2887, 2886, 2885, 2884, 2883, 2882, 2881, 2880, 2879, 2878, 2877, 2876, 2875, 2874, 2873, 2872, 2871, 2870, 2869, 2868, 2867, 2866, 2865, 2864, 2863, 2862, 2861, 2860, 2859, 2858, 2857, 2856, 2855, 2854, 2853, 2852, 2851, 2850, 2849, 2848, 2847, 2846, 2845, 2844, 2843, 2842, 2841, 2840, 2839, 2838, 2837, 2836, 2835, 2834, 2833, 2832, 2831, 2830, 2829, 2828, 2827, 2826, 2825, 2824, 2823, 2822, 2821, 2820, 2819, 2818, 2817, 2816, 2815, 2814, 2813, 2812, 2811, 2810, 2809, 2808, 2807, 2806, 2805, 2804, 2803, 2802, 2801, 2800, 2799, 2798, 2797, 2796, 2795, 2794, 2793, 2792, 2791, 2790, 2789, 2788, 2787, 2786, 2785, 2784, 2783, 2782, 2781, 2780, 2779, 2778, 2777, 2776, 2775, 2774, 2773, 2772, 2771, 2770, 2769, 2768, 2767, 2766, 2765, 2764, 2763, 2762, 2761, 2760, 2759, 2758, 2757, 2756, 2755, 2754, 2753, 2752, 2751, 2750, 2749, 2748, 2747, 2746, 2745, 2744, 2743, 2742, 2741, 2740, 2739, 2738, 2737, 2736, 2735, 2734, 2733, 2732, 2731, 2730, 2729, 2728, 2727, 2726, 2725, 2506, 2507, 2508, 2509, 2510, 2511, 2512, 2513, 2514, 2515, 2516, 2517, 2518, 2519, 2520, 2521, 2522, 2523, 2524, 2525, 2526, 2527, 2528, 2529, 2530, 2531, 2532, 2533, 2534, 2535, 2536, 2537, 2538, 2539, 2540, 2541, 2542, 2543, 2544, 2545, 2546, 2547, 2548, 2549, 2550, 2551, 2552, 2553, 2554, 2555, 2556, 2557, 2558, 2559, 2560, 2561, 2562, 2563, 2564, 2565, 2566, 2567, 2568, 2569, 2570, 2571, 2572, 2573, 2574, 2575, 2576, 2577, 2578, 2579, 2580, 2581, 2582, 2583, 2584, 2585, 2586, 2587, 2588, 2589, 2590, 2591, 2592, 2593, 2594, 2595, 2596, 2597, 2598, 2599, 2600, 2601, 2602, 2603, 2604, 2605, 2606, 2607, 2608, 2609, 2610, 2611, 2612, 2613, 2614, 2615, 2616, 2617, 2618, 2619, 2620, 2621, 2622, 2623, 2624, 2625, 2626, 2627, 2628, 2629, 2630, 2631, 2632, 2633, 2634, 2635, 2636, 2637, 2638, 2639, 2640, 2641, 2642, 2643, 2644, 2645, 2646, 2647, 2648, 2649, 2650, 2651, 2652, 2653, 2654, 2655, 2656, 2657, 2658, 2659, 2660, 2661, 2662, 2663, 2664, 2665, 2666, 2667, 2668, 2669, 2670, 2671, 2672, 2673, 2674, 2675, 2676, 2677, 2678, 2679, 2680, 2681, 2682, 2683, 2684, 2685, 2686, 2687, 2688, 2689, 2690, 2691, 2692, 2693, 2694, 2695, 2696, 2697, 2698, 2699, 2700, 2701, 2702, 2703, 2704, 2705, 2706, 2707, 2708, 2709, 2710, 2711, 2712, 2713, 2714, 2715, 2716, 2717, 2718, 2719, 2720, 2721, 2722, 2723, 2724, 2336, 2337, 2335, 2334, 2333, 2332, 2331, 2330, 2329, 2328, 2327, 2326, 2325, 2324, 2323, 2322, 2321, 2320, 2319, 2318, 2317, 2316, 2315, 2314, 2313, 2312, 2311, 2310, 2309, 2308, 2307, 2306, 2305, 2304, 2303, 2302, 2301, 2300, 2299, 2298, 2297, 2296, 2295, 2294, 2293, 2292, 2291, 2290, 2289, 2288, 2287, 2286, 2285, 2284, 2283, 2282, 2281, 2280, 2279, 2278, 2277, 2276, 2275, 2274, 2273, 2272, 2271, 2270, 2269, 2268, 2267, 2266, 2265, 2264, 2263, 2262, 2261, 2260, 2259, 2258, 2257, 2256, 2255, 2254, 2253, 2252, 2251, 2250, 2249, 2248, 2247, 2246, 2245, 2244, 2243, 2242, 2241, 2240, 2239, 2238, 2237, 2236, 2235, 2234, 2233, 2232, 2231, 2230, 2229, 2228, 2227, 2226, 2505, 2504, 2503, 2502, 2501, 2500, 2499, 2498, 2497, 2496, 2495, 2494, 2493, 2492, 2491, 2490, 2489, 2488, 2487, 2486, 2485, 2484, 2483, 2482, 2481, 2480, 2479, 2478, 2477, 2476, 2475, 2474, 2473, 2472, 2471, 2470, 2469, 2468, 2467, 2466, 2465, 2464, 2463, 2462, 2461, 2460, 2459, 2458, 2457, 2456, 2455, 2454, 2453, 2452, 2451, 2450, 2449, 2448, 2447, 2446, 2445, 2444, 2443, 2442, 2441, 2440, 2439, 2438, 2437, 2436, 2435, 2434, 2433, 2432, 2431, 2430, 2429, 2428, 2427, 2426, 2425, 2424, 2423, 2422, 2421, 2420, 2419, 2418, 2417, 2416, 2415, 2414, 2413, 2412, 2411, 2410, 2409, 2408, 2407, 2406, 2405, 2404, 2403, 2402, 2401, 2400, 2399, 2398, 2397, 2105, 2106, 2107, 2108, 2395, 2396, 2109, 2110, 2111, 2112, 2113, 2114, 2115, 2116, 2117, 2118, 2119, 2120, 2121, 2122, 2123, 2124, 2125, 2126, 2127, 2128, 2129, 2130, 2131, 2132, 2133, 2134, 2135, 2136, 2137, 2138, 2139, 2140, 2141, 2142, 2143, 2144, 2145, 2146, 2147, 2148, 2149, 2150, 2151, 2152, 2153, 2154, 2155, 2156, 2157, 2158, 2159, 2160, 2161, 2162, 2163, 2164, 2165, 2166, 2167, 2168, 2169, 2170, 2171, 2172, 2173, 2174, 2175, 2176, 2177, 2178, 2179, 2180, 2181, 2182, 2183, 2184, 2185, 2186, 2187, 2188, 2189, 2190, 2191, 2192, 2193, 2194, 2195, 2196, 2197, 2198, 2199, 2200, 2201, 2202, 2203, 2204, 2205, 2206, 2207, 2208, 2209, 2210, 2211, 2212, 2213, 2214, 2215, 2216, 1888, 1889, 1890, 1891, 1892, 1893, 1894, 1895, 1896, 1897, 1898, 1899, 1900, 1901, 1902, 1903, 1904, 1905, 1906, 1907, 1908, 1909, 1910, 1911, 1912, 1913, 1462, 1914, 1463, 1915, 1464, 1916, 1465, 1917, 1466, 1918, 1919, 1920, 1921, 1922, 1923, 1924, 1925, 1926, 1927, 1928, 1929, 1930, 1931, 1932, 1933, 1934, 1935, 1936, 1937, 1938, 1939, 1940, 1941, 1942, 1943, 1944, 1945, 1946, 1947, 1948, 1949, 1950, 1951, 1952, 1953, 1954, 1955, 1956, 1957, 1958, 1959, 1960, 1961, 1962, 1963, 1964, 1965, 1966, 1967, 1968, 1969, 1970, 1971, 1972, 1973, 1974, 1975, 1976, 1977, 1978, 1979, 1980, 1981, 1982, 1983, 1984, 1985, 1986, 1987, 1988, 1989, 1990, 1991, 1992, 1993, 1994, 1995, 1996, 1997, 1998, 1546, 1545, 1544, 1543, 1542, 1541, 1540, 1539, 1538, 1537, 1536, 1535, 1534, 1533, 1532, 1531, 1530, 1529, 1528, 1527, 1526, 1525, 1524, 1523, 1522, 1521, 1520, 1519, 1518, 1517, 1516, 1515, 1514, 1513, 1512, 1511, 1510, 1509, 1508, 1507, 1506, 1505, 1504, 1503, 1502, 1501, 1500, 1499, 1498, 1497, 1496, 1495, 1494, 1493, 1492, 1491, 1490, 1489, 1488, 1487, 1486, 1485, 1484, 1483, 1482, 1481, 1480, 1479, 1478, 1477, 1476, 1475, 1474, 1473, 1472, 1471, 1470, 1469, 1468, 1467, 1562, 1563, 1564, 1565, 1566, 1567, 1568, 1569, 1570, 1571, 1572, 1573, 1574, 1575, 1576, 1577, 1578, 1579, 1580, 1581, 1582, 1583, 1584, 1585, 1586, 1587, 1588, 1589, 1590, 1591, 1592, 1593, 1594, 1595, 1596, 1597, 1598, 1599, 1600, 1601, 1602, 1603, 1604, 1605, 1606, 1607, 1608, 1609, 1610, 1611, 1612, 1613, 1614, 1615, 1616, 1617, 1618, 1619, 1620, 1621, 1622, 1623, 1624, 1625, 1626, 1627, 1628, 1629, 1630, 1631, 1632, 1633, 1634, 1635, 1636, 1637, 1638, 1639, 1640, 1641, 1056, 1055, 1054, 1053, 1052, 1051, 1050, 1049, 1048, 1047, 1046, 1045, 1044, 1043, 1042, 1041, 1040, 1039, 1038, 1037, 1036, 1035, 1034, 1033, 1032, 1031, 1030, 1029, 1028, 1027, 1026, 1025, 1024, 1023, 1022, 1021, 1020, 1019, 1018, 1017, 1016, 1015, 1014, 1013, 1012, 1011, 1010, 1009, 1008, 1007, 1006, 1005, 1004, 1003, 1002, 1001, 1000, 999, 998, 997, 996, 995, 994, 993, 992, 991, 990, 989, 988, 987, 986, 985, 984, 983, 982, 981, 980, 979, 978, 977, 976, 975, 974, 973, 972, 971, 970, 969, 968, 967, 966, 965, 964, 963, 962, 961, 960, 959, 958, 957, 956, 955, 954, 1547, 1548, 1549, 1550, 1551, 1552, 1553, 1554, 1555, 1556, 1557, 1558, 1559, 1560, 1561, 1461, 1460, 1459, 1458, 1457, 1456, 1455, 1454, 1453, 1452, 1451, 1450, 1449, 1448, 1447, 1446, 1445, 1444, 1443, 1442, 1441, 1440, 1439, 1438, 1437, 1436, 1863, 1862, 1861, 1860, 1859, 1858, 1857, 1856, 1855, 1854, 1853, 1852, 1851, 1850, 1849, 1848, 1847, 1846, 1845, 1844, 1843, 1842, 1841, 1840, 1839, 1838, 1837, 1836, 1835, 1834, 1833, 1832, 1831, 1830, 1829, 1828, 1827, 1826, 1825, 1824, 1823, 1822, 1821, 1820, 1819, 1818, 1817, 1816, 1815, 1814, 1813, 1812, 1811, 1810, 1809, 1808, 1807, 1806, 1805, 1804, 1803, 1802, 1801, 1800, 1799, 1798, 1797, 1796, 1795, 1794, 1793, 1792, 1791, 1790, 1789, 1788, 1787, 1786, 1785, 1784, 1783, 1782, 1781, 1780, 1779, 1778, 1777, 1776, 1775, 1774, 1773, 1772, 1771, 1770, 1769, 1768, 1767, 1766, 1765, 1764, 1763, 1762, 1761, 1760, 1759, 1758, 1757, 1756, 1755, 1754, 1753, 1281, 1282, 1283, 1284, 1285, 1286, 1287, 1288, 1289, 1290, 1291, 1292, 1293, 1294, 1295, 1296, 1297, 1298, 1299, 1300, 1301, 1302, 1303, 1304, 1305, 1306, 1307, 1308, 1309, 1310, 1311, 1312, 1313, 1314, 1315, 1316, 1317, 1318, 1319, 1320, 1321, 1322, 1323, 1324, 1325, 1326, 1327, 1328, 1329, 1330, 1331, 1332, 1333, 1334, 1335, 1336, 1337, 1338, 1339, 1340, 1341, 1342, 1343, 1344, 1345, 1346, 1347, 1348, 1349, 1350, 1351, 1352, 1353, 1354, 1355, 1356, 1357, 1358, 1359, 1360, 1361, 1362, 1363, 1364, 1365, 1366, 1367, 1368, 1369, 1370, 1371, 1372, 1373, 1374, 1375, 1376, 1377, 1378, 1379, 1380, 1381, 1382, 1383, 1384, 1385, 1386, 1387, 1388, 1389, 1390, 1391, 946, 947, 948, 949, 950, 951, 1072, 1073, 1074, 952, 1075, 953, 1076, 1077, 1078, 1079, 1080, 1081, 1082, 1083, 1084, 1085, 1086, 1185, 1186, 1187, 1188, 1189, 1190, 1191, 1192, 1193, 1194, 1195, 1196, 1197, 1198, 1199, 1200, 1201, 1202, 1203, 1204, 1205, 1206, 1207, 1208, 1209, 1210, 1211, 1212, 1213, 1214, 1215, 1216, 1217, 1218, 1219, 1220, 1221, 1222, 1223, 1224, 1225, 1226, 1227, 1228, 1229, 1230, 1231, 1232, 1233, 1234, 1235, 1236, 1237, 1238, 1239, 1240, 1241, 1242, 1243, 1244, 1245, 1246, 1247, 1248, 1249, 1250, 1251, 1252, 1253, 1254, 1255, 1256, 1257, 1258, 1259, 1260, 1261, 1262, 1263, 1264, 1265, 1266, 1267, 1268, 1269, 1270, 1271, 1272, 1273, 1274, 1275, 1276, 1277, 673, 672, 671, 670, 669, 668, 667, 666, 665, 664, 663, 662, 661, 660, 659, 658, 657, 656, 655, 654, 653, 652, 651, 650, 649, 648, 647, 646, 645, 644, 643, 642, 641, 640, 639, 638, 637, 636, 635, 634, 633, 632, 631, 630, 629, 628, 627, 626, 625, 624, 623, 622, 621, 620, 619, 618, 617, 616, 615, 614, 613, 612, 611, 610, 609, 608, 607, 606, 605, 604, 603, 602, 601, 600, 599, 598, 597, 596, 595, 594, 593, 592, 591, 590, 589, 588, 587, 586, 585, 584, 583, 582, 581, 580, 579, 578, 577, 576, 575, 574, 573, 572, 571, 570, 569, 568, 567, 566, 565, 564, 563, 562, 886, 885, 884, 883, 882, 881, 880, 879, 878, 877, 876, 875, 874, 873, 872, 871, 870, 869, 868, 867, 866, 865, 864, 863, 862, 861, 860, 859, 858, 857, 856, 855, 854, 853, 852, 851, 850, 849, 848, 847, 846, 845, 844, 843, 842, 841, 840, 839, 838, 837, 836, 835, 834, 833, 832, 831, 830, 829, 828, 827, 826, 825, 824, 823, 822, 821, 820, 819, 818, 817, 816, 815, 814, 813, 812, 811, 810, 809, 808, 807, 806, 805, 804, 803, 802, 801, 800, 799, 798, 797, 796, 795, 794, 793, 792, 791, 790, 789, 788, 787, 786, 785, 784, 783, 782, 781, 780, 779, 778, 777, 454, 455, 456, 457, 458, 459, 460, 461, 462, 463, 464, 465, 466, 467, 468, 469, 470, 471, 472, 473, 474, 475, 476, 477, 478, 479, 480, 481, 482, 483, 484, 485, 486, 487, 488, 489, 490, 491, 492, 493, 494, 495, 496, 497, 498, 499, 500, 501, 502, 503, 504, 505, 506, 507, 508, 509, 510, 511, 512, 513, 514, 515, 516, 517, 518, 519, 520, 521, 522, 523, 524, 525, 526, 527, 528, 529, 530, 531, 532, 533, 534, 535, 536, 537, 538, 539, 540, 541, 542, 543, 544, 545, 546, 887, 888, 547, 889, 548, 890, 549, 891, 550, 892, 893, 894, 895, 896, 897, 898, 899, 900, 937, 938, 939, 561, 560, 559, 558, 557, 556, 555, 554, 553, 552, 551, 901, 902, 903, 904, 905, 906, 907, 908, 909, 910, 911, 1398, 1397, 1396, 1395, 1394, 1393, 1392, 929, 930, 931, 932, 933, 934, 935, 936, 941, 942, 940, 1429, 1428, 1427, 1426, 1425, 1424, 1864, 1865, 1866, 1867, 1868, 1869, 1403, 1404, 1405, 1406, 1407, 1408, 1409, 1410, 1411, 1412, 1413, 1653, 1652, 1651, 2006, 2004, 2005, 1650, 1649, 1648, 1647, 1646, 1874, 1873, 2221, 2220, 1870, 1872, 1871, 2219, 2217, 2218, 1885, 1883, 1884, 1886, 1887, 1430, 1431, 1432, 943, 944, 945, 1057, 1058, 1435, 1434, 1433, 2003, 2002, 1645, 1644, 1643, 1642, 2000, 1999, 2001, 1061, 1060, 1059, 1062, 1063, 1064, 1065, 1066, 1067, 1068, 1069, 1070, 1071, 926, 927, 928, 1087, 1088, 1089, 1090, 1091, 1092, 1093, 1094, 1095, 1096, 1097, 1098, 1099, 1100, 1101, 1102, 1103, 1104, 1105, 1106, 1107, 1108, 1109, 1110, 1111, 1112, 1113, 1114, 1115, 1116, 1117, 1118, 1119, 1120, 1121, 1122, 1123, 1124, 1125, 1126, 1127, 1128, 1129, 1130, 1131, 1132, 1133, 1134, 1135, 1136, 1137, 1138, 1139, 1140, 1141, 1142, 1143, 1144, 1145, 1146, 1147, 1148, 1149, 1150, 1151, 1152, 1153, 1154, 1155, 1156, 1157, 1158, 1159, 1160, 1161, 1162, 1163, 1164, 1165, 1166, 1167, 1168, 1169, 1170, 1171, 1172, 1173, 1174, 1175, 1176, 1177, 1178, 1179, 1180, 1181, 1182, 1183, 1184, 1750, 1751, 1752, 2104, 2103, 2099, 2102, 2098, 2101, 2097, 2100, 1749, 1748, 1747, 1746, 1745, 1744, 1743, 1742, 1741, 2090, 1740, 2096, 2089, 1739, 2095, 2088, 1738, 2094, 2087, 1737, 2093, 2086, 1736, 2092, 2091, 2085, 2084, 2083, 2082, 1735, 1734, 1733, 1732, 1731, 1730, 1729, 1728, 2081, 1727, 2080, 1726, 2079, 1725, 2078, 1724, 2077, 1723, 2076, 1722, 2075, 1721, 2074, 1720, 2073, 1719, 2072, 1718, 2071, 1717, 2070, 1716, 2069, 1715, 2068, 1714, 1713, 1712, 1711, 1710, 1709, 1708, 1707, 1706, 1705, 1704, 1703, 1702, 1701, 1700, 1699, 1698, 1697, 1696, 1695, 1694, 1693, 1692, 1691, 1690, 1689, 1688, 1687, 1686, 1685, 1684, 1683, 1682, 1681, 1680, 1679, 1678, 1677, 1676, 1675, 1674, 1673, 1672, 1671, 1670, 1669, 1668, 1667, 1666, 1665, 1664, 1663, 1662, 1661, 1660, 1659, 2012, 2013, 2014, 2015, 2016, 2017, 2018, 2019, 2020, 2021, 2022, 2023, 2024, 2025, 2026, 2027, 2028, 2029, 2030, 2031, 2032, 2033, 2034, 2035, 2036, 2037, 2038, 2039, 2040, 2041, 2042, 2043, 2044, 2045, 2046, 2047, 2048, 2049, 2050, 2051, 2052, 2053, 2054, 2055, 2056, 2057, 2058, 2062, 2059, 2060, 2061, 2067, 2066, 2065, 2064, 2394, 2063, 2393, 2392, 2391, 2390, 2389, 2388, 2387, 2386, 2385, 2384, 2383, 2382, 2381, 2380, 2379, 2378, 2377, 2376, 2375, 2374, 2373, 2372, 2371, 2370, 2369, 2368, 2367, 2366, 2365, 2364, 2363, 2362, 2361, 2360, 2359, 2358, 2357, 2356, 2355, 2354, 2353, 2352, 2351, 2350, 2349, 2348, 2347, 2346, 2345, 2344, 2343, 2342, 2341, 2340, 2339, 2338, 2222, 2223, 2224, 2225, 1880, 1881, 1882, 2007, 2008, 2009, 2010, 2011, 1658, 1657, 1656, 1655, 1654, 1423, 1422, 1421, 1879, 1878, 1877, 1876, 1875, 1415, 1414, 1416, 1417, 1418, 1419, 1420, 925, 924, 923, 922, 921, 920, 919, 918, 917, 916, 915, 914, 913, 912, 1402, 1401, 1400, 1399, 772, 771, 770, 769, 768, 767, 766, 765, 764, 763, 762, 761, 760, 759, 758, 757, 756, 755, 754, 753, 752, 751, 750, 749, 748, 747, 746, 745, 744, 743, 742, 741, 740, 739, 738, 737, 736, 735, 734, 733, 732, 731, 730, 729, 728, 727, 726, 725, 724, 723, 722, 721, 720, 719, 718, 717, 716, 715, 714, 713, 712, 711, 710, 709, 708, 707, 706, 705, 704, 703, 702, 701, 700, 699, 698, 697, 696, 695, 694, 693, 692, 691, 690, 689, 688, 687, 686, 685, 684, 683, 682, 681, 680, 679, 678, 677, 676, 675, 674, 247, 248, 249, 250, 251, 252, 253, 254, 255, 256, 257, 258, 259, 260, 261, 262, 263, 264, 265, 266, 267, 268, 269, 270, 271, 272, 273, 274, 275, 276, 277, 278, 279, 280, 281, 282, 283, 284, 285, 286, 287, 288, 289, 290, 291, 292, 293, 294, 295, 296, 297, 298, 299, 300, 301, 302, 303, 304, 305, 306, 307, 308, 309, 310, 311, 312, 313, 314, 315, 316, 317, 318, 319, 320, 321, 322, 323, 324, 325, 326, 327, 328, 329, 330, 331, 332, 333, 334, 335, 336, 337, 773, 774, 775, 776, 1278, 1279, 1280, 340, 339, 338, 435, 434, 433, 432, 431, 430, 429, 428, 427, 426, 425, 424, 423, 422, 421, 420, 419, 418, 417, 416, 415, 414, 413, 412, 411, 410, 409, 408, 407, 406, 405, 404, 403, 402, 401, 400, 399, 398, 397, 396, 395, 394, 393, 392, 391, 390, 389, 388, 387, 386, 385, 384, 383, 382, 381, 380, 379, 378, 377, 376, 375, 374, 373, 372, 371, 370, 369, 368, 367, 366, 365, 364, 363, 362, 361, 360, 359, 358, 357, 356, 355, 354, 353, 352, 351, 350, 349, 348, 347, 346, 345, 344, 343, 246, 342, 341, 245, 244, 243, 242, 241, 240, 68, 69, 70, 71, 72, 73, 74, 75, 76, 77, 78, 79, 80, 81, 82, 83, 84, 85, 86, 87, 88, 89, 90, 91, 92, 93, 94, 95, 96, 97, 98, 99, 100, 101, 102, 103, 104, 105, 106, 107, 108, 109, 110, 111, 112, 113, 114, 115, 116, 117, 118, 119, 120, 121, 122, 123, 124, 125, 126, 127, 128, 129, 130, 131, 132, 133, 134, 135, 136, 137, 138, 139, 140, 141, 142, 143, 144, 145, 146, 147, 148, 149, 150, 151, 152, 153, 154, 155, 156, 157, 158, 159, 161, 163, 162, 160, 448, 447, 446, 445, 444, 443, 442, 441, 440, 439, 438, 437, 436, 239, 238, 237, 236, 235, 234, 233, 232, 231, 230, 229, 228, 227, 226, 225, 224, 223, 222, 221, 220, 219, 218, 217, 216, 215, 214, 213, 212, 211, 210, 209, 208, 207, 206, 205, 204, 203, 202, 201, 200, 199, 198, 197, 196, 195, 194, 193, 192, 191, 190, 189, 188, 187, 186, 185, 184, 183, 182, 181, 180, 179, 178, 177, 176, 175, 174, 173, 172, 171, 170, 169, 168, 167, 166, 165, 164, 6, 5, 4, 3, 2, 1, 59, 60, 61, 62, 63, 64, 65, 66, 67, 7, 8, 9, 10, 11, 12, 13, 14, 15, 16, 17, 18, 19, 20, 21, 22, 23, 24, 25, 26, 27, 28, 29, 30, 31, 32, 33, 34, 35, 36, 37, 38, 39, 40, 41, 42, 43, 44, 45, 46, 47, 48, 49, 50, 51, 52, 53, 54, 55, 56, 57, 58, 449, 450, 451, 452, 453]
comp error? = 0.0002109858676296514
weight: 9772.94082808289
automatic mode: 63.25, {{1546.16}}
compressed: [5983,5984,5985,5986,5987,5988,5989,5990,5991,5992,5993,5994,5995,5996,5997,6066,6067,6068,6069,6070,6071,6072,6073,6002,6003,6004,6007,6008,6009,6010,6011,5885,5884,5869,5868,5867,5866,5865,5864,5863,5862,5861,5860,5859,5858,5857,5856,5847,5846,5845,5844,5843,5842,5841,5840,5839,5692,5693,5695,5696,5699,5700,5701,5711,5712,5713,5714,5715,5716,5717,5718,5719,5720,5721,5722,5723,5724,5725,5736,5737,5834,5835,5836,5837,5838,5982,5981,5980,5979,5978,5930,5929,5928,6012,6013,6014,6015,6056,6057,6061,6062,6063,6064,6065,6083,6082,6081,6080,6079,6077,6076,6075,6074,5642,5641,5640,5639,5638,5543,5542,5541,5540,5539,5538,5537,5536,5535,5528,5527,5526,5525,5524,5523,5522,5521,5520,5519,5518,5517,5516,5515,5514,5460,5659,5658,5657,5656,5459,5450,5449,5448,5446,5654,5655,5653,5652,5651,5650,5445,5444,5436,5435,5434,5649,5648,5647,5646,5645,5644,5643,5430,5429,5427,5426,5425,5424,5194,5193,5192,5420,5421,5422,5423,5195,5196,5199,5200,5201,5277,5278,5284,5285,5286,5287,5288,5289,5290,5291,5292,5293,5294,5295,5296,5297,5298,5299,5300,5305,5306,5307,5308,5309,5310,5311,5312,5313,5409,5410,5411,5412,5413,5176,5175,5174,5173,5172,5074,5073,5072,5066,5065,5064,5063,5062,5061,5060,5059,5058,5057,5056,5055,5054,5053,5052,5051,5050,5043,5042,5041,5040,5039,5038,5037,5036,5035,5017,5016,4965,4964,4963,4962,4961,4960,4959,5191,5190,5189,5188,5187,5186,5419,5418,5417,5416,5415,5414,5181,5182,5183,5184,5185,4956,4958,4957,4955,4954,4953,4952,4951,5179,5178,5177,5180,4950,4949,4948,4720,4721,4722,4723,4724,4725,4726,4727,4728,4729,4730,4731,4733,4732,4734,4735,4736,4737,4738,4785,4786,4787,4788,4789,4790,4791,4792,4793,4812,4813,4824,4825,4826,4827,4828,4829,4830,4831,4832,4833,4834,4835,4836,4837,4943,4944,4945,4946,4947,4719,4718,4717,4716,4715,4608,4607,4606,4605,4604,4603,4602,4601,4600,4566,4565,4564,4563,4562,4561,4560,4559,4558,4511,4510,4509,4508,4507,4506,4505,4504,4503,4502,4501,4500,4499,4498,4497,4496,4495,4273,4274,4275,4276,4277,4278,4279,4280,4281,4282,4283,4284,4285,4286,4287,4334,4335,4336,4337,4338,4339,4340,4341,4342,4379,4380,4381,4490,4491,4492,4493,4494,4272,4271,4270,4269,4268,4119,4118,4117,4116,4115,4114,4113,4112,4111,4064,4063,4062,4061,4060,4059,4058,4057,4056,4055,4054,4053,4052,4051,3833,3834,3835,3836,3840,3841,3889,3890,3891,3892,3893,3894,3895,3896,3897,4046,4047,4048,4049,4050,3828,3827,3826,3825,3824,3672,3671,3615,3614,3613,3612,3832,3829,3830,3831,3611,3610,3609,3608,3389,3390,3391,3392,3393,3394,3395,3603,3604,3605,3606,3607,3385,3384,3383,3382,3381,3172,3171,3170,3169,3168,3388,3387,3386,3167,3166,3165,2945,2946,2947,2948,2949,2950,2951,3160,3161,3162,3163,3164,2944,2943,2942,2941,2940,2731,2730,2729,2728,2727,2726,2725,2506,2507,2508,2509,2510,2613,2614,2720,2721,2722,2723,2724,2336,2337,2335,2334,2333,2229,2228,2227,2226,2505,2504,2503,2502,2501,2400,2399,2398,2397,2105,2106,2107,2108,2395,2396,2109,2110,2111,2112,2212,2213,2214,2215,2216,1888,1889,1890,1891,1994,1995,1996,1997,1998,1546,1545,1544,1543,1542,1469,1468,1467,1562,1563,1564,1565,1637,1638,1639,1640,1641,1056,1055,1054,1053,1052,978,977,971,970,969,957,956,1547,1548,1549,1550,1557,1558,1559,1560,1561,1461,1460,1448,1447,1446,1439,1438,1437,1436,1863,1862,1861,1860,1859,1760,1759,1758,1757,1756,1755,1754,1753,1281,1282,1283,1284,1285,1286,1287,1288,1387,1388,1389,1390,1391,946,947,948,949,950,951,1072,1073,1074,1075,1082,1083,1084,1085,1086,1185,1186,1187,1188,1273,1274,1275,1276,1277,673,672,671,670,669,581,580,578,577,574,573,567,566,565,564,563,562,886,885,884,883,882,881,880,869,868,782,781,780,779,778,777,454,455,456,457,461,462,483,484,544,545,546,887,888,889,890,896,897,898,899,900,937,938,939,561,560,559,555,554,553,552,551,901,902,903,904,905,906,908,909,910,911,1398,1397,1396,1395,1394,1393,1392,929,930,931,932,933,934,935,936,941,942,940,1429,1428,1427,1426,1425,1424,1864,1865,1866,1867,1868,1869,1403,1404,1405,1406,1407,1408,1409,1410,1411,1412,1413,1653,1652,1651,2006,2004,2005,1650,1649,1648,1647,1646,1874,1873,2221,2220,1870,1872,1871,2219,2217,2218,1885,1883,1884,1886,1887,1430,1431,1432,943,944,945,1057,1058,1435,1434,1433,2003,2002,1645,1644,1643,1642,2000,1999,2001,1061,1060,1059,1062,1063,1064,1065,1066,1067,1068,1069,1070,1071,926,927,928,1087,1088,1089,1090,1091,1092,1093,1094,1180,1181,1182,1183,1184,1750,1751,1752,2104,2103,2102,2101,2100,1749,1748,1662,1661,1660,1659,2012,2013,2014,2015,2058,2059,2060,2061,2394,2393,2392,2391,2390,2389,2388,2387,2386,2346,2345,2344,2343,2342,2341,2340,2339,2338,2222,2223,2224,2225,1880,1881,1882,2007,2008,2009,2010,2011,1658,1657,1656,1655,1654,1423,1422,1421,1879,1878,1877,1876,1875,1415,1414,1416,1417,1418,1419,1420,925,924,921,920,912,1402,1401,1400,1399,772,771,770,769,768,766,765,700,699,698,697,696,695,694,693,692,677,676,675,674,247,248,269,270,336,337,773,774,775,776,1278,1279,1280,340,339,338,435,434,433,432,431,344,343,342,341,245,244,243,242,241,240,68,69,70,71,72,73,74,148,149,155,156,158,159,161,163,162,160,448,447,446,445,444,443,442,441,440,439,438,437,436,239,238,237,236,235,220,219,218,216,215,167,166,165,164,6,4,3,2,1,59,60,61,62,63,64,65,66,67,7,8,54,55,56,57,58,449,450,451,452,453]
===============================================
external_nodes: [[19.5, 55.0], [20.099999999999998, 55.0], [20.7, 55.0], [21.299999999999997, 55.0], [21.9, 55.0], [22.5, 55.0], [23.1, 55.0], [23.700000000000003, 55.0], [24.3, 55.0], [24.900000000000002, 55.0], [25.5, 55.0], [26.099999999999998, 55.0], [26.7, 55.0], [27.3, 55.0], [27.9, 55.0], [28.5, 55.0], [29.1, 55.0], [29.699999999999996, 55.0], [30.29999999999999, 55.0], [30.9, 55.0], [31.5, 55.0], [32.1, 55.0], [32.7, 55.0], [33.3, 55.0], [33.9, 55.0], [34.5, 55.0], [35.099999999999994, 55.0], [35.7, 55.0], [36.3, 55.0], [36.9, 55.0], [37.5, 55.0], [38.099999999999994, 55.0], [38.7, 55.0], [39.300000000000004, 55.0], [39.900000000000006, 55.0], [40.5, 55.0], [41.099999999999994, 55.0], [41.7, 55.0], [42.300000000000004, 55.0], [42.9, 55.0], [43.5, 55.0], [44.099999999999994, 55.0], [44.699999999999996, 55.0], [45.300000000000004, 55.0], [45.9, 55.0], [46.5, 55.0], [47.099999999999994, 55.0], [47.699999999999996, 55.0], [48.3, 55.0], [48.9, 55.0], [49.5, 55.0], [50.09999999999999, 55.0], [50.7, 55.0], [51.3, 55.0], [51.900000000000006, 55.0], [52.5, 55.0], [53.099999999999994, 55.0], [53.69999999999999, 55.0], [54.3, 55.0], [54.900000000000006, 55.0], [55.5, 55.0], [56.1, 55.0], [56.69999999999999, 55.0], [57.300000000000004, 55.0], [57.9, 55.0], [58.5, 55.0], [59.1, 55.0], [59.69999999999999, 55.0], [60.300000000000004, 55.0], [60.9, 55.0], [61.5, 55.0], [62.1, 55.0], [62.69999999999999, 55.0], [63.3, 55.0], [63.9, 55.0], [64.5, 55.0], [65.1, 55.0], [65.69999999999999, 55.0], [66.3, 55.0], [66.9, 55.0], [67.5, 55.0], [68.10000000000001, 55.0], [68.69999999999999, 55.0], [69.3, 55.0], [69.9, 55.0], [70.5, 55.0], [71.10000000000001, 55.0], [71.69999999999999, 55.0], [72.30000000000001, 55.0], [72.9, 55.0], [73.5, 55.0], [74.1, 55.0], [74.69999999999999, 55.0], [75.3, 55.0], [75.9, 55.0], [76.5, 55.0], [77.1, 55.0], [77.69999999999999, 55.0], [78.3, 55.0], [78.89999999999999, 55.0], [79.5, 55.0], [80.1, 55.0], [80.69999999999999, 55.0], [81.30000000000001, 55.0], [81.89999999999999, 55.0], [82.5, 55.0], [83.10000000000001, 55.0], [83.69999999999999, 55.0], [84.3, 55.0], [84.89999999999998, 55.0], [85.5, 55.0], [86.1, 55.0], [86.7, 55.0], [87.30000000000001, 55.0], [87.89999999999999, 55.0], [88.5, 55.0], [89.1, 55.0], [89.7, 55.0], [90.3, 55.0], [90.9, 55.0], [91.5, 55.0], [92.10000000000001, 55.0], [92.69999999999999, 55.0], [93.3, 55.0], [93.89999999999999, 55.0], [94.5, 55.0], [95.1, 55.0], [95.7, 55.0], [96.30000000000001, 55.0], [96.89999999999999, 55.0], [97.5, 55.0], [98.10000000000001, 55.0], [98.69999999999999, 55.0], [99.3, 55.0], [99.89999999999998, 55.0], [100.49999999999999, 55.0], [101.1, 55.0], [101.69999999999999, 55.0], [102.3, 55.0], [102.8999999999999, 55.0], [103.49999999999999, 55.0], [104.1, 55.0], [104.69999999999999, 55.0], [105.3, 55.0], [105.8999999999999, 55.0], [106.5, 55.0], [107.1, 55.0], [107.69999999999999, 55.0], [108.3, 55.0], [108.8999999999999, 55.0], [109.5, 55.0], [110.1, 55.0], [110.7, 55.0], [111.3, 55.0], [111.8999999999999, 55.0], [112.5, 55.0], [113.1, 55.0], [113.7, 55.0], [114.3, 55.0], [114.89999999999992, 55.0], [115.5, 55.0], [116.10000000000001, 55.0], [116.7, 55.0], [117.30000000000001, 55.0], [117.89999999999989, 55.0], [118.5, 55.0], [119.10000000000001, 55.0], [119.7, 55.0], [120.30000000000001, 55.0], [120.89999999999989, 55.0], [121.50000000000001, 55.0], [122.10000000000001, 55.0], [122.7, 55.0], [123.30000000000001, 55.0], [123.89999999999989, 55.0], [124.50000000000001, 55.0], [125.1, 55.0], [125.70000000000002, 55.0], [126.29999999999998, 55.0], [126.8999999999999, 55.0], [127.49999999999999, 55.0], [128.10000000000002, 55.0], [128.7, 55.0], [129.29999999999998, 55.0], [129.8999999999999, 55.0], [130.5, 55.0], [131.1, 55.0], [131.7, 55.0], [132.29999999999998, 55.0], [132.89999999999992, 55.0], [133.5, 55.0], [134.1, 55.0], [134.7, 55.0], [135.3, 55.0], [135.89999999999992, 55.0], [136.5, 55.0], [137.1, 55.0], [137.7, 55.0], [138.3, 55.0], [138.8999999999999, 55.0], [139.5, 55.0], [140.1, 55.0], [140.7, 55.0], [141.3, 55.0], [141.89999999999992, 55.0], [142.5, 55.0], [143.1, 55.0], [143.70000000000002, 55.0], [144.3, 55.0], [144.8999999999999, 55.0], [145.5, 55.0], [146.1, 55.0], [146.70000000000002, 55.0], [147.3, 55.0], [147.9, 55.0], [148.5, 55.0], [149.10000000000002, 55.0], [149.7, 55.0], [150.2999999999999, 55.0], [150.89999999999998, 55.0], [151.5, 55.0], [152.1, 55.0], [152.70000000000002, 55.0], [153.2999999999999, 55.0], [153.9, 55.0], [154.5, 55.0], [19.5, 54.39473684210526], [20.099999999999998, 54.39473684210526], [20.7, 54.39473684210526], [21.299999999999997, 54.39473684210526], [21.9, 54.39473684210526], [22.5, 54.39473684210526], [23.1, 54.39473684210526], [23.700000000000003, 54.39473684210526], [24.3, 54.39473684210526], [24.900000000000002, 54.39473684210526], [25.5, 54.39473684210526], [26.099999999999998, 54.39473684210526], [26.7, 54.39473684210526], [27.3, 54.39473684210526], [27.9, 54.39473684210526], [28.5, 54.39473684210526], [29.1, 54.39473684210526], [29.699999999999996, 54.39473684210526], [30.29999999999999, 54.39473684210526], [30.9, 54.39473684210526], [31.5, 54.39473684210526], [32.1, 54.39473684210526], [32.7, 54.39473684210526], [33.3, 54.39473684210526], [33.9, 54.39473684210526], [34.5, 54.39473684210526], [35.099999999999994, 54.39473684210526], [35.7, 54.39473684210526], [36.3, 54.39473684210526], [36.9, 54.39473684210526], [37.5, 54.39473684210526], [38.099999999999994, 54.39473684210526], [38.7, 54.39473684210526], [39.300000000000004, 54.39473684210526], [39.900000000000006, 54.39473684210526], [40.5, 54.39473684210526], [41.099999999999994, 54.39473684210526], [41.7, 54.39473684210526], [42.300000000000004, 54.39473684210526], [42.9, 54.39473684210526], [43.5, 54.39473684210526], [44.099999999999994, 54.39473684210526], [44.699999999999996, 54.39473684210526], [45.300000000000004, 54.39473684210526], [45.9, 54.39473684210526], [46.5, 54.39473684210526], [47.099999999999994, 54.39473684210526], [47.699999999999996, 54.39473684210526], [48.3, 54.39473684210526], [48.9, 54.39473684210526], [49.5, 54.39473684210526], [50.09999999999999, 54.39473684210526], [50.7, 54.39473684210526], [51.3, 54.39473684210526], [51.900000000000006, 54.39473684210526], [52.5, 54.39473684210526], [53.099999999999994, 54.39473684210526], [53.69999999999999, 54.39473684210526], [54.3, 54.39473684210526], [54.900000000000006, 54.39473684210526], [55.5, 54.39473684210526], [56.1, 54.39473684210526], [56.69999999999999, 54.39473684210526], [57.300000000000004, 54.39473684210526], [57.9, 54.39473684210526], [58.5, 54.39473684210526], [59.1, 54.39473684210526], [59.69999999999999, 54.39473684210526], [60.300000000000004, 54.39473684210526], [60.9, 54.39473684210526], [61.5, 54.39473684210526], [62.1, 54.39473684210526], [62.69999999999999, 54.39473684210526], [63.3, 54.39473684210526], [63.9, 54.39473684210526], [64.5, 54.39473684210526], [65.1, 54.39473684210526], [65.69999999999999, 54.39473684210526], [66.3, 54.39473684210526], [66.9, 54.39473684210526], [67.5, 54.39473684210526], [68.10000000000001, 54.39473684210526], [68.69999999999999, 54.39473684210526], [69.3, 54.39473684210526], [69.9, 54.39473684210526], [70.5, 54.39473684210526], [71.10000000000001, 54.39473684210526], [71.69999999999999, 54.39473684210526], [72.30000000000001, 54.39473684210526], [72.9, 54.39473684210526], [73.5, 54.39473684210526], [74.1, 54.39473684210526], [74.69999999999999, 54.39473684210526], [75.3, 54.39473684210526], [75.9, 54.39473684210526], [76.5, 54.39473684210526], [77.1, 54.39473684210526], [77.69999999999999, 54.39473684210526], [78.3, 54.39473684210526], [78.89999999999999, 54.39473684210526], [79.5, 54.39473684210526], [80.1, 54.39473684210526], [80.69999999999999, 54.39473684210526], [81.30000000000001, 54.39473684210526], [81.89999999999999, 54.39473684210526], [82.5, 54.39473684210526], [83.10000000000001, 54.39473684210526], [83.69999999999999, 54.39473684210526], [84.3, 54.39473684210526], [84.89999999999998, 54.39473684210526], [85.5, 54.39473684210526], [86.1, 54.39473684210526], [86.7, 54.39473684210526], [87.30000000000001, 54.39473684210526], [87.89999999999999, 54.39473684210526], [88.5, 54.39473684210526], [89.1, 54.39473684210526], [89.7, 54.39473684210526], [90.3, 54.39473684210526], [90.9, 54.39473684210526], [91.5, 54.39473684210526], [92.10000000000001, 54.39473684210526], [92.69999999999999, 54.39473684210526], [93.3, 54.39473684210526], [93.89999999999999, 54.39473684210526], [94.5, 54.39473684210526], [95.1, 54.39473684210526], [95.7, 54.39473684210526], [96.30000000000001, 54.39473684210526], [96.89999999999999, 54.39473684210526], [97.5, 54.39473684210526], [98.10000000000001, 54.39473684210526], [98.69999999999999, 54.39473684210526], [99.3, 54.39473684210526], [99.89999999999998, 54.39473684210526], [100.49999999999999, 54.39473684210526], [101.1, 54.39473684210526], [101.69999999999999, 54.39473684210526], [102.3, 54.39473684210526], [102.8999999999999, 54.39473684210526], [103.49999999999999, 54.39473684210526], [104.1, 54.39473684210526], [104.69999999999999, 54.39473684210526], [105.3, 54.39473684210526], [105.8999999999999, 54.39473684210526], [106.5, 54.39473684210526], [107.1, 54.39473684210526], [107.69999999999999, 54.39473684210526], [108.3, 54.39473684210526], [108.8999999999999, 54.39473684210526], [109.5, 54.39473684210526], [110.1, 54.39473684210526], [110.7, 54.39473684210526], [111.3, 54.39473684210526], [111.8999999999999, 54.39473684210526], [112.5, 54.39473684210526], [113.1, 54.39473684210526], [113.7, 54.39473684210526], [114.3, 54.39473684210526], [114.89999999999992, 54.39473684210526], [115.5, 54.39473684210526], [116.10000000000001, 54.39473684210526], [116.7, 54.39473684210526], [117.30000000000001, 54.39473684210526], [117.89999999999989, 54.39473684210526], [118.5, 54.39473684210526], [119.10000000000001, 54.39473684210526], [119.7, 54.39473684210526], [120.30000000000001, 54.39473684210526], [120.89999999999989, 54.39473684210526], [121.50000000000001, 54.39473684210526], [122.10000000000001, 54.39473684210526], [122.7, 54.39473684210526], [123.30000000000001, 54.39473684210526], [123.89999999999989, 54.39473684210526], [124.50000000000001, 54.39473684210526], [125.1, 54.39473684210526], [125.70000000000002, 54.39473684210526], [126.29999999999998, 54.39473684210526], [126.8999999999999, 54.39473684210526], [127.49999999999999, 54.39473684210526], [128.10000000000002, 54.39473684210526], [128.7, 54.39473684210526], [129.29999999999998, 54.39473684210526], [129.8999999999999, 54.39473684210526], [130.5, 54.39473684210526], [131.1, 54.39473684210526], [131.7, 54.39473684210526], [132.29999999999998, 54.39473684210526], [132.89999999999992, 54.39473684210526], [133.5, 54.39473684210526], [134.1, 54.39473684210526], [134.7, 54.39473684210526], [135.3, 54.39473684210526], [135.89999999999992, 54.39473684210526], [136.5, 54.39473684210526], [137.1, 54.39473684210526], [137.7, 54.39473684210526], [138.3, 54.39473684210526], [138.8999999999999, 54.39473684210526], [139.5, 54.39473684210526], [140.1, 54.39473684210526], [140.7, 54.39473684210526], [141.3, 54.39473684210526], [141.89999999999992, 54.39473684210526], [142.5, 54.39473684210526], [143.1, 54.39473684210526], [143.70000000000002, 54.39473684210526], [144.3, 54.39473684210526], [144.8999999999999, 54.39473684210526], [145.5, 54.39473684210526], [146.1, 54.39473684210526], [146.70000000000002, 54.39473684210526], [147.3, 54.39473684210526], [147.9, 54.39473684210526], [148.5, 54.39473684210526], [149.10000000000002, 54.39473684210526], [149.7, 54.39473684210526], [150.2999999999999, 54.39473684210526], [150.89999999999998, 54.39473684210526], [151.5, 54.39473684210526], [152.1, 54.39473684210526], [152.70000000000002, 54.39473684210526], [153.2999999999999, 54.39473684210526], [153.9, 54.39473684210526], [154.5, 54.39473684210526], [19.5, 53.78947368421053], [20.099999999999998, 53.78947368421053], [20.7, 53.78947368421053], [21.299999999999997, 53.78947368421053], [21.9, 53.78947368421053], [22.5, 53.78947368421053], [23.1, 53.78947368421053], [23.700000000000003, 53.78947368421053], [24.3, 53.78947368421053], [24.900000000000002, 53.78947368421053], [25.5, 53.78947368421053], [26.099999999999998, 53.78947368421053], [26.7, 53.78947368421053], [27.3, 53.78947368421053], [27.9, 53.78947368421053], [28.5, 53.78947368421053], [29.1, 53.78947368421053], [29.699999999999996, 53.78947368421053], [30.29999999999999, 53.78947368421053], [30.9, 53.78947368421053], [31.5, 53.78947368421053], [32.1, 53.78947368421053], [32.7, 53.78947368421053], [33.3, 53.78947368421053], [33.9, 53.78947368421053], [34.5, 53.78947368421053], [35.099999999999994, 53.78947368421053], [35.7, 53.78947368421053], [36.3, 53.78947368421053], [36.9, 53.78947368421053], [37.5, 53.78947368421053], [38.099999999999994, 53.78947368421053], [38.7, 53.78947368421053], [39.300000000000004, 53.78947368421053], [39.900000000000006, 53.78947368421053], [40.5, 53.78947368421053], [41.099999999999994, 53.78947368421053], [41.7, 53.78947368421053], [42.300000000000004, 53.78947368421053], [42.9, 53.78947368421053], [43.5, 53.78947368421053], [44.099999999999994, 53.78947368421053], [44.699999999999996, 53.78947368421053], [45.300000000000004, 53.78947368421053], [45.9, 53.78947368421053], [46.5, 53.78947368421053], [47.099999999999994, 53.78947368421053], [47.699999999999996, 53.78947368421053], [48.3, 53.78947368421053], [48.9, 53.78947368421053], [49.5, 53.78947368421053], [50.09999999999999, 53.78947368421053], [50.7, 53.78947368421053], [51.3, 53.78947368421053], [51.900000000000006, 53.78947368421053], [52.5, 53.78947368421053], [53.099999999999994, 53.78947368421053], [53.69999999999999, 53.78947368421053], [54.3, 53.78947368421053], [54.900000000000006, 53.78947368421053], [55.5, 53.78947368421053], [56.1, 53.78947368421053], [56.69999999999999, 53.78947368421053], [57.300000000000004, 53.78947368421053], [57.9, 53.78947368421053], [58.5, 53.78947368421053], [59.1, 53.78947368421053], [59.69999999999999, 53.78947368421053], [60.300000000000004, 53.78947368421053], [60.9, 53.78947368421053], [61.5, 53.78947368421053], [62.1, 53.78947368421053], [62.69999999999999, 53.78947368421053], [63.3, 53.78947368421053], [63.9, 53.78947368421053], [64.5, 53.78947368421053], [65.1, 53.78947368421053], [65.69999999999999, 53.78947368421053], [66.3, 53.78947368421053], [66.9, 53.78947368421053], [67.5, 53.78947368421053], [68.10000000000001, 53.78947368421053], [68.69999999999999, 53.78947368421053], [69.3, 53.78947368421053], [69.9, 53.78947368421053], [70.5, 53.78947368421053], [71.10000000000001, 53.78947368421053], [71.69999999999999, 53.78947368421053], [72.30000000000001, 53.78947368421053], [72.9, 53.78947368421053], [73.5, 53.78947368421053], [74.1, 53.78947368421053], [74.69999999999999, 53.78947368421053], [75.3, 53.78947368421053], [75.9, 53.78947368421053], [76.5, 53.78947368421053], [77.1, 53.78947368421053], [77.69999999999999, 53.78947368421053], [78.3, 53.78947368421053], [78.89999999999999, 53.78947368421053], [79.5, 53.78947368421053], [80.1, 53.78947368421053], [80.69999999999999, 53.78947368421053], [81.30000000000001, 53.78947368421053], [81.89999999999999, 53.78947368421053], [82.5, 53.78947368421053], [83.10000000000001, 53.78947368421053], [83.69999999999999, 53.78947368421053], [84.3, 53.78947368421053], [84.89999999999998, 53.78947368421053], [85.5, 53.78947368421053], [86.1, 53.78947368421053], [86.7, 53.78947368421053], [87.30000000000001, 53.78947368421053], [87.89999999999999, 53.78947368421053], [88.5, 53.78947368421053], [89.1, 53.78947368421053], [89.7, 53.78947368421053], [90.3, 53.78947368421053], [90.9, 53.78947368421053], [91.5, 53.78947368421053], [92.10000000000001, 53.78947368421053], [92.69999999999999, 53.78947368421053], [93.3, 53.78947368421053], [93.89999999999999, 53.78947368421053], [94.5, 53.78947368421053], [95.1, 53.78947368421053], [95.7, 53.78947368421053], [96.30000000000001, 53.78947368421053], [96.89999999999999, 53.78947368421053], [97.5, 53.78947368421053], [98.10000000000001, 53.78947368421053], [98.69999999999999, 53.78947368421053], [99.3, 53.78947368421053], [99.89999999999998, 53.78947368421053], [100.49999999999999, 53.78947368421053], [101.1, 53.78947368421053], [101.69999999999999, 53.78947368421053], [102.3, 53.78947368421053], [102.8999999999999, 53.78947368421053], [103.49999999999999, 53.78947368421053], [104.1, 53.78947368421053], [104.69999999999999, 53.78947368421053], [105.3, 53.78947368421053], [105.8999999999999, 53.78947368421053], [106.5, 53.78947368421053], [107.1, 53.78947368421053], [107.69999999999999, 53.78947368421053], [108.3, 53.78947368421053], [108.8999999999999, 53.78947368421053], [109.5, 53.78947368421053], [110.1, 53.78947368421053], [110.7, 53.78947368421053], [111.3, 53.78947368421053], [111.8999999999999, 53.78947368421053], [112.5, 53.78947368421053], [113.1, 53.78947368421053], [113.7, 53.78947368421053], [114.3, 53.78947368421053], [114.89999999999992, 53.78947368421053], [115.5, 53.78947368421053], [116.10000000000001, 53.78947368421053], [116.7, 53.78947368421053], [117.30000000000001, 53.78947368421053], [117.89999999999989, 53.78947368421053], [118.5, 53.78947368421053], [119.10000000000001, 53.78947368421053], [119.7, 53.78947368421053], [120.30000000000001, 53.78947368421053], [120.89999999999989, 53.78947368421053], [121.50000000000001, 53.78947368421053], [122.10000000000001, 53.78947368421053], [122.7, 53.78947368421053], [123.30000000000001, 53.78947368421053], [123.89999999999989, 53.78947368421053], [124.50000000000001, 53.78947368421053], [125.1, 53.78947368421053], [125.70000000000002, 53.78947368421053], [126.29999999999998, 53.78947368421053], [126.8999999999999, 53.78947368421053], [127.49999999999999, 53.78947368421053], [128.10000000000002, 53.78947368421053], [128.7, 53.78947368421053], [129.29999999999998, 53.78947368421053], [129.8999999999999, 53.78947368421053], [130.5, 53.78947368421053], [131.1, 53.78947368421053], [131.7, 53.78947368421053], [132.29999999999998, 53.78947368421053], [132.89999999999992, 53.78947368421053], [133.5, 53.78947368421053], [134.1, 53.78947368421053], [134.7, 53.78947368421053], [135.3, 53.78947368421053], [135.89999999999992, 53.78947368421053], [136.5, 53.78947368421053], [137.1, 53.78947368421053], [137.7, 53.78947368421053], [138.3, 53.78947368421053], [138.8999999999999, 53.78947368421053], [139.5, 53.78947368421053], [140.1, 53.78947368421053], [140.7, 53.78947368421053], [141.3, 53.78947368421053], [141.89999999999992, 53.78947368421053], [142.5, 53.78947368421053], [143.1, 53.78947368421053], [143.70000000000002, 53.78947368421053], [144.3, 53.78947368421053], [144.8999999999999, 53.78947368421053], [145.5, 53.78947368421053], [146.1, 53.78947368421053], [146.70000000000002, 53.78947368421053], [147.3, 53.78947368421053], [147.9, 53.78947368421053], [148.5, 53.78947368421053], [149.10000000000002, 53.78947368421053], [149.7, 53.78947368421053], [150.2999999999999, 53.78947368421053], [150.89999999999998, 53.78947368421053], [151.5, 53.78947368421053], [152.1, 53.78947368421053], [152.70000000000002, 53.78947368421053], [153.2999999999999, 53.78947368421053], [153.9, 53.78947368421053], [154.5, 53.78947368421053], [19.5, 53.18421052631579], [20.099999999999998, 53.18421052631579], [20.7, 53.18421052631579], [21.299999999999997, 53.18421052631579], [21.9, 53.18421052631579], [22.5, 53.18421052631579], [23.1, 53.18421052631579], [23.700000000000003, 53.18421052631579], [24.3, 53.18421052631579], [24.900000000000002, 53.18421052631579], [25.5, 53.18421052631579], [26.099999999999998, 53.18421052631579], [26.7, 53.18421052631579], [27.3, 53.18421052631579], [27.9, 53.18421052631579], [28.5, 53.18421052631579], [29.1, 53.18421052631579], [29.699999999999996, 53.18421052631579], [30.29999999999999, 53.18421052631579], [30.9, 53.18421052631579], [31.5, 53.18421052631579], [32.1, 53.18421052631579], [32.7, 53.18421052631579], [33.3, 53.18421052631579], [33.9, 53.18421052631579], [34.5, 53.18421052631579], [35.099999999999994, 53.18421052631579], [35.7, 53.18421052631579], [36.3, 53.18421052631579], [36.9, 53.18421052631579], [37.5, 53.18421052631579], [38.099999999999994, 53.18421052631579], [38.7, 53.18421052631579], [39.300000000000004, 53.18421052631579], [39.900000000000006, 53.18421052631579], [40.5, 53.18421052631579], [41.099999999999994, 53.18421052631579], [41.7, 53.18421052631579], [42.300000000000004, 53.18421052631579], [42.9, 53.18421052631579], [43.5, 53.18421052631579], [44.099999999999994, 53.18421052631579], [44.699999999999996, 53.18421052631579], [45.300000000000004, 53.18421052631579], [45.9, 53.18421052631579], [46.5, 53.18421052631579], [47.099999999999994, 53.18421052631579], [47.699999999999996, 53.18421052631579], [48.3, 53.18421052631579], [48.9, 53.18421052631579], [49.5, 53.18421052631579], [50.09999999999999, 53.18421052631579], [50.7, 53.18421052631579], [51.3, 53.18421052631579], [51.900000000000006, 53.18421052631579], [52.5, 53.18421052631579], [53.099999999999994, 53.18421052631579], [53.69999999999999, 53.18421052631579], [54.3, 53.18421052631579], [54.900000000000006, 53.18421052631579], [55.5, 53.18421052631579], [56.1, 53.18421052631579], [56.69999999999999, 53.18421052631579], [57.300000000000004, 53.18421052631579], [57.9, 53.18421052631579], [58.5, 53.18421052631579], [59.1, 53.18421052631579], [59.69999999999999, 53.18421052631579], [60.300000000000004, 53.18421052631579], [60.9, 53.18421052631579], [61.5, 53.18421052631579], [62.1, 53.18421052631579], [62.69999999999999, 53.18421052631579], [63.3, 53.18421052631579], [63.9, 53.18421052631579], [64.5, 53.18421052631579], [65.1, 53.18421052631579], [65.69999999999999, 53.18421052631579], [66.3, 53.18421052631579], [66.9, 53.18421052631579], [67.5, 53.18421052631579], [68.10000000000001, 53.18421052631579], [68.69999999999999, 53.18421052631579], [69.3, 53.18421052631579], [69.9, 53.18421052631579], [70.5, 53.18421052631579], [71.10000000000001, 53.18421052631579], [71.69999999999999, 53.18421052631579], [72.30000000000001, 53.18421052631579], [72.9, 53.18421052631579], [73.5, 53.18421052631579], [74.1, 53.18421052631579], [74.69999999999999, 53.18421052631579], [75.3, 53.18421052631579], [75.9, 53.18421052631579], [76.5, 53.18421052631579], [77.1, 53.18421052631579], [77.69999999999999, 53.18421052631579], [78.3, 53.18421052631579], [78.89999999999999, 53.18421052631579], [79.5, 53.18421052631579], [80.1, 53.18421052631579], [80.69999999999999, 53.18421052631579], [81.30000000000001, 53.18421052631579], [81.89999999999999, 53.18421052631579], [82.5, 53.18421052631579], [83.10000000000001, 53.18421052631579], [83.69999999999999, 53.18421052631579], [84.3, 53.18421052631579], [84.89999999999998, 53.18421052631579], [85.5, 53.18421052631579], [86.1, 53.18421052631579], [86.7, 53.18421052631579], [87.30000000000001, 53.18421052631579], [87.89999999999999, 53.18421052631579], [88.5, 53.18421052631579], [89.1, 53.18421052631579], [89.7, 53.18421052631579], [90.3, 53.18421052631579], [90.9, 53.18421052631579], [91.5, 53.18421052631579], [92.10000000000001, 53.18421052631579], [92.69999999999999, 53.18421052631579], [93.3, 53.18421052631579], [93.89999999999999, 53.18421052631579], [94.5, 53.18421052631579], [95.1, 53.18421052631579], [95.7, 53.18421052631579], [96.30000000000001, 53.18421052631579], [96.89999999999999, 53.18421052631579], [97.5, 53.18421052631579], [98.10000000000001, 53.18421052631579], [98.69999999999999, 53.18421052631579], [99.3, 53.18421052631579], [99.89999999999998, 53.18421052631579], [100.49999999999999, 53.18421052631579], [101.1, 53.18421052631579], [101.69999999999999, 53.18421052631579], [102.3, 53.18421052631579], [102.8999999999999, 53.18421052631579], [103.49999999999999, 53.18421052631579], [104.1, 53.18421052631579], [104.69999999999999, 53.18421052631579], [105.3, 53.18421052631579], [105.8999999999999, 53.18421052631579], [106.5, 53.18421052631579], [107.1, 53.18421052631579], [107.69999999999999, 53.18421052631579], [108.3, 53.18421052631579], [108.8999999999999, 53.18421052631579], [109.5, 53.18421052631579], [110.1, 53.18421052631579], [110.7, 53.18421052631579], [111.3, 53.18421052631579], [111.8999999999999, 53.18421052631579], [112.5, 53.18421052631579], [113.1, 53.18421052631579], [113.7, 53.18421052631579], [114.3, 53.18421052631579], [114.89999999999992, 53.18421052631579], [115.5, 53.18421052631579], [116.10000000000001, 53.18421052631579], [116.7, 53.18421052631579], [117.30000000000001, 53.18421052631579], [117.89999999999989, 53.18421052631579], [118.5, 53.18421052631579], [119.10000000000001, 53.18421052631579], [119.7, 53.18421052631579], [120.30000000000001, 53.18421052631579], [120.89999999999989, 53.18421052631579], [121.50000000000001, 53.18421052631579], [122.10000000000001, 53.18421052631579], [122.7, 53.18421052631579], [123.30000000000001, 53.18421052631579], [123.89999999999989, 53.18421052631579], [124.50000000000001, 53.18421052631579], [125.1, 53.18421052631579], [125.70000000000002, 53.18421052631579], [126.29999999999998, 53.18421052631579], [126.8999999999999, 53.18421052631579], [127.49999999999999, 53.18421052631579], [128.10000000000002, 53.18421052631579], [128.7, 53.18421052631579], [129.29999999999998, 53.18421052631579], [129.8999999999999, 53.18421052631579], [130.5, 53.18421052631579], [131.1, 53.18421052631579], [131.7, 53.18421052631579], [132.29999999999998, 53.18421052631579], [132.89999999999992, 53.18421052631579], [133.5, 53.18421052631579], [134.1, 53.18421052631579], [134.7, 53.18421052631579], [135.3, 53.18421052631579], [135.89999999999992, 53.18421052631579], [136.5, 53.18421052631579], [137.1, 53.18421052631579], [137.7, 53.18421052631579], [138.3, 53.18421052631579], [138.8999999999999, 53.18421052631579], [139.5, 53.18421052631579], [140.1, 53.18421052631579], [140.7, 53.18421052631579], [141.3, 53.18421052631579], [141.89999999999992, 53.18421052631579], [142.5, 53.18421052631579], [143.1, 53.18421052631579], [143.70000000000002, 53.18421052631579], [144.3, 53.18421052631579], [144.8999999999999, 53.18421052631579], [145.5, 53.18421052631579], [146.1, 53.18421052631579], [146.70000000000002, 53.18421052631579], [147.3, 53.18421052631579], [147.9, 53.18421052631579], [148.5, 53.18421052631579], [149.10000000000002, 53.18421052631579], [149.7, 53.18421052631579], [150.2999999999999, 53.18421052631579], [150.89999999999998, 53.18421052631579], [151.5, 53.18421052631579], [152.1, 53.18421052631579], [152.70000000000002, 53.18421052631579], [153.2999999999999, 53.18421052631579], [153.9, 53.18421052631579], [154.5, 53.18421052631579], [19.5, 52.57894736842105], [20.099999999999998, 52.57894736842105], [20.7, 52.57894736842105], [21.299999999999997, 52.57894736842105], [21.9, 52.57894736842105], [22.5, 52.57894736842105], [23.1, 52.57894736842105], [23.700000000000003, 52.57894736842105], [24.3, 52.57894736842105], [24.900000000000002, 52.57894736842105], [25.5, 52.57894736842105], [26.099999999999998, 52.57894736842105], [26.7, 52.57894736842105], [27.3, 52.57894736842105], [27.9, 52.57894736842105], [28.5, 52.57894736842105], [29.1, 52.57894736842105], [29.699999999999996, 52.57894736842105], [30.29999999999999, 52.57894736842105], [30.9, 52.57894736842105], [31.5, 52.57894736842105], [32.1, 52.57894736842105], [32.7, 52.57894736842105], [33.3, 52.57894736842105], [33.9, 52.57894736842105], [34.5, 52.57894736842105], [35.099999999999994, 52.57894736842105], [35.7, 52.57894736842105], [36.3, 52.57894736842105], [36.9, 52.57894736842105], [37.5, 52.57894736842105], [38.099999999999994, 52.57894736842105], [38.7, 52.57894736842105], [39.300000000000004, 52.57894736842105], [39.900000000000006, 52.57894736842105], [40.5, 52.57894736842105], [41.099999999999994, 52.57894736842105], [41.7, 52.57894736842105], [42.300000000000004, 52.57894736842105], [42.9, 52.57894736842105], [43.5, 52.57894736842105], [44.099999999999994, 52.57894736842105], [44.699999999999996, 52.57894736842105], [45.300000000000004, 52.57894736842105], [45.9, 52.57894736842105], [46.5, 52.57894736842105], [47.099999999999994, 52.57894736842105], [47.699999999999996, 52.57894736842105], [48.3, 52.57894736842105], [48.9, 52.57894736842105], [49.5, 52.57894736842105], [50.09999999999999, 52.57894736842105], [50.7, 52.57894736842105], [51.3, 52.57894736842105], [51.900000000000006, 52.57894736842105], [52.5, 52.57894736842105], [53.099999999999994, 52.57894736842105], [53.69999999999999, 52.57894736842105], [54.3, 52.57894736842105], [54.900000000000006, 52.57894736842105], [55.5, 52.57894736842105], [56.1, 52.57894736842105], [56.69999999999999, 52.57894736842105], [57.300000000000004, 52.57894736842105], [57.9, 52.57894736842105], [58.5, 52.57894736842105], [59.1, 52.57894736842105], [59.69999999999999, 52.57894736842105], [60.300000000000004, 52.57894736842105], [60.9, 52.57894736842105], [61.5, 52.57894736842105], [62.1, 52.57894736842105], [62.69999999999999, 52.57894736842105], [63.3, 52.57894736842105], [63.9, 52.57894736842105], [64.5, 52.57894736842105], [65.1, 52.57894736842105], [65.69999999999999, 52.57894736842105], [66.3, 52.57894736842105], [66.9, 52.57894736842105], [67.5, 52.57894736842105], [68.10000000000001, 52.57894736842105], [68.69999999999999, 52.57894736842105], [69.3, 52.57894736842105], [69.9, 52.57894736842105], [70.5, 52.57894736842105], [71.10000000000001, 52.57894736842105], [71.69999999999999, 52.57894736842105], [72.30000000000001, 52.57894736842105], [72.9, 52.57894736842105], [73.5, 52.57894736842105], [74.1, 52.57894736842105], [74.69999999999999, 52.57894736842105], [75.3, 52.57894736842105], [75.9, 52.57894736842105], [76.5, 52.57894736842105], [77.1, 52.57894736842105], [77.69999999999999, 52.57894736842105], [78.3, 52.57894736842105], [78.89999999999999, 52.57894736842105], [79.5, 52.57894736842105], [80.1, 52.57894736842105], [80.69999999999999, 52.57894736842105], [81.30000000000001, 52.57894736842105], [81.89999999999999, 52.57894736842105], [82.5, 52.57894736842105], [83.10000000000001, 52.57894736842105], [83.69999999999999, 52.57894736842105], [84.3, 52.57894736842105], [84.89999999999998, 52.57894736842105], [85.5, 52.57894736842105], [86.1, 52.57894736842105], [86.7, 52.57894736842105], [87.30000000000001, 52.57894736842105], [87.89999999999999, 52.57894736842105], [88.5, 52.57894736842105], [89.1, 52.57894736842105], [89.7, 52.57894736842105], [90.3, 52.57894736842105], [90.9, 52.57894736842105], [91.5, 52.57894736842105], [92.10000000000001, 52.57894736842105], [92.69999999999999, 52.57894736842105], [93.3, 52.57894736842105], [93.89999999999999, 52.57894736842105], [94.5, 52.57894736842105], [95.1, 52.57894736842105], [95.7, 52.57894736842105], [96.30000000000001, 52.57894736842105], [96.89999999999999, 52.57894736842105], [97.5, 52.57894736842105], [98.10000000000001, 52.57894736842105], [98.69999999999999, 52.57894736842105], [99.3, 52.57894736842105], [99.89999999999998, 52.57894736842105], [100.49999999999999, 52.57894736842105], [101.1, 52.57894736842105], [101.69999999999999, 52.57894736842105], [102.3, 52.57894736842105], [102.8999999999999, 52.57894736842105], [103.49999999999999, 52.57894736842105], [104.1, 52.57894736842105], [104.69999999999999, 52.57894736842105], [105.3, 52.57894736842105], [105.8999999999999, 52.57894736842105], [106.5, 52.57894736842105], [107.1, 52.57894736842105], [107.69999999999999, 52.57894736842105], [108.3, 52.57894736842105], [108.8999999999999, 52.57894736842105], [109.5, 52.57894736842105], [110.1, 52.57894736842105], [110.7, 52.57894736842105], [111.3, 52.57894736842105], [111.8999999999999, 52.57894736842105], [112.5, 52.57894736842105], [113.1, 52.57894736842105], [113.7, 52.57894736842105], [114.3, 52.57894736842105], [114.89999999999992, 52.57894736842105], [115.5, 52.57894736842105], [116.10000000000001, 52.57894736842105], [116.7, 52.57894736842105], [117.30000000000001, 52.57894736842105], [117.89999999999989, 52.57894736842105], [118.5, 52.57894736842105], [119.10000000000001, 52.57894736842105], [119.7, 52.57894736842105], [120.30000000000001, 52.57894736842105], [120.89999999999989, 52.57894736842105], [121.50000000000001, 52.57894736842105], [122.10000000000001, 52.57894736842105], [122.7, 52.57894736842105], [123.30000000000001, 52.57894736842105], [123.89999999999989, 52.57894736842105], [124.50000000000001, 52.57894736842105], [125.1, 52.57894736842105], [125.70000000000002, 52.57894736842105], [126.29999999999998, 52.57894736842105], [126.8999999999999, 52.57894736842105], [127.49999999999999, 52.57894736842105], [128.10000000000002, 52.57894736842105], [128.7, 52.57894736842105], [129.29999999999998, 52.57894736842105], [129.8999999999999, 52.57894736842105], [130.5, 52.57894736842105], [131.1, 52.57894736842105], [131.7, 52.57894736842105], [132.29999999999998, 52.57894736842105], [132.89999999999992, 52.57894736842105], [133.5, 52.57894736842105], [134.1, 52.57894736842105], [134.7, 52.57894736842105], [135.3, 52.57894736842105], [135.89999999999992, 52.57894736842105], [136.5, 52.57894736842105], [137.1, 52.57894736842105], [137.7, 52.57894736842105], [138.3, 52.57894736842105], [138.8999999999999, 52.57894736842105], [139.5, 52.57894736842105], [140.1, 52.57894736842105], [140.7, 52.57894736842105], [141.3, 52.57894736842105], [141.89999999999992, 52.57894736842105], [142.5, 52.57894736842105], [143.1, 52.57894736842105], [143.70000000000002, 52.57894736842105], [144.3, 52.57894736842105], [144.8999999999999, 52.57894736842105], [145.5, 52.57894736842105], [146.1, 52.57894736842105], [146.70000000000002, 52.57894736842105], [147.3, 52.57894736842105], [147.9, 52.57894736842105], [148.5, 52.57894736842105], [149.10000000000002, 52.57894736842105], [149.7, 52.57894736842105], [150.2999999999999, 52.57894736842105], [150.89999999999998, 52.57894736842105], [151.5, 52.57894736842105], [152.1, 52.57894736842105], [152.70000000000002, 52.57894736842105], [153.2999999999999, 52.57894736842105], [153.9, 52.57894736842105], [154.5, 52.57894736842105], [19.5, 51.97368421052631], [20.099999999999998, 51.97368421052631], [20.7, 51.97368421052631], [21.299999999999997, 51.97368421052631], [21.9, 51.97368421052631], [152.1, 51.97368421052631], [152.70000000000002, 51.97368421052631], [153.2999999999999, 51.97368421052631], [153.9, 51.97368421052631], [154.5, 51.97368421052631], [19.5, 51.36842105263157], [20.099999999999998, 51.36842105263157], [20.7, 51.36842105263157], [21.299999999999997, 51.36842105263157], [21.9, 51.36842105263157], [152.1, 51.36842105263157], [152.70000000000002, 51.36842105263157], [153.2999999999999, 51.36842105263157], [153.9, 51.36842105263157], [154.5, 51.36842105263157], [19.5, 50.763157894736835], [20.099999999999998, 50.763157894736835], [20.7, 50.763157894736835], [21.299999999999997, 50.763157894736835], [21.9, 50.763157894736835], [152.1, 50.763157894736835], [152.70000000000002, 50.763157894736835], [153.2999999999999, 50.763157894736835], [153.9, 50.763157894736835], [154.5, 50.763157894736835], [19.5, 50.15789473684211], [20.099999999999998, 50.15789473684211], [20.7, 50.15789473684211], [21.299999999999997, 50.15789473684211], [21.9, 50.15789473684211], [152.1, 50.15789473684211], [152.70000000000002, 50.15789473684211], [153.2999999999999, 50.15789473684211], [153.9, 50.15789473684211], [154.5, 50.15789473684211], [19.5, 49.55263157894737], [20.099999999999998, 49.55263157894737], [20.7, 49.55263157894737], [21.299999999999997, 49.55263157894737], [21.9, 49.55263157894737], [152.1, 49.55263157894737], [152.70000000000002, 49.55263157894737], [153.2999999999999, 49.55263157894737], [153.9, 49.55263157894737], [154.5, 49.55263157894737], [19.5, 48.94736842105263], [20.099999999999998, 48.94736842105263], [20.7, 48.94736842105263], [21.299999999999997, 48.94736842105263], [21.9, 48.94736842105263], [152.1, 48.94736842105263], [152.70000000000002, 48.94736842105263], [153.2999999999999, 48.94736842105263], [153.9, 48.94736842105263], [154.5, 48.94736842105263], [19.5, 48.34210526315789], [20.099999999999998, 48.34210526315789], [20.7, 48.34210526315789], [21.299999999999997, 48.34210526315789], [21.9, 48.34210526315789], [152.1, 48.34210526315789], [152.70000000000002, 48.34210526315789], [153.2999999999999, 48.34210526315789], [153.9, 48.34210526315789], [154.5, 48.34210526315789], [19.5, 47.73684210526316], [20.099999999999998, 47.73684210526316], [20.7, 47.73684210526316], [21.299999999999997, 47.73684210526316], [21.9, 47.73684210526316], [152.1, 47.73684210526316], [152.70000000000002, 47.73684210526316], [153.2999999999999, 47.73684210526316], [153.9, 47.73684210526316], [154.5, 47.73684210526316], [19.5, 47.13157894736842], [20.099999999999998, 47.13157894736842], [20.7, 47.13157894736842], [21.299999999999997, 47.13157894736842], [21.9, 47.13157894736842], [152.1, 47.13157894736842], [152.70000000000002, 47.13157894736842], [153.2999999999999, 47.13157894736842], [153.9, 47.13157894736842], [154.5, 47.13157894736842], [19.5, 46.52631578947368], [20.099999999999998, 46.52631578947368], [20.7, 46.52631578947368], [21.299999999999997, 46.52631578947368], [21.9, 46.52631578947368], [152.1, 46.52631578947368], [152.70000000000002, 46.52631578947368], [153.2999999999999, 46.52631578947368], [153.9, 46.52631578947368], [154.5, 46.52631578947368], [19.5, 45.92105263157894], [20.099999999999998, 45.92105263157894], [20.7, 45.92105263157894], [21.299999999999997, 45.92105263157894], [21.9, 45.92105263157894], [152.1, 45.92105263157894], [152.70000000000002, 45.92105263157894], [153.2999999999999, 45.92105263157894], [153.9, 45.92105263157894], [154.5, 45.92105263157894], [19.5, 45.315789473684205], [20.099999999999998, 45.315789473684205], [20.7, 45.315789473684205], [21.299999999999997, 45.315789473684205], [21.9, 45.315789473684205], [152.1, 45.315789473684205], [152.70000000000002, 45.315789473684205], [153.2999999999999, 45.315789473684205], [153.9, 45.315789473684205], [154.5, 45.315789473684205], [19.5, 44.710526315789465], [20.099999999999998, 44.710526315789465], [20.7, 44.710526315789465], [21.299999999999997, 44.710526315789465], [21.9, 44.710526315789465], [152.1, 44.710526315789465], [152.70000000000002, 44.710526315789465], [153.2999999999999, 44.710526315789465], [153.9, 44.710526315789465], [154.5, 44.710526315789465], [19.5, 44.10526315789474], [20.099999999999998, 44.10526315789474], [20.7, 44.10526315789474], [21.299999999999997, 44.10526315789474], [21.9, 44.10526315789474], [152.1, 44.10526315789474], [152.70000000000002, 44.10526315789474], [153.2999999999999, 44.10526315789474], [153.9, 44.10526315789474], [154.5, 44.10526315789474], [19.5, 43.5], [20.099999999999998, 43.5], [20.7, 43.5], [21.299999999999997, 43.5], [21.9, 43.5], [152.1, 43.5], [152.70000000000002, 43.5], [153.2999999999999, 43.5], [153.9, 43.5], [154.5, 43.5], [19.5, 42.89473684210526], [20.099999999999998, 42.89473684210526], [20.7, 42.89473684210526], [21.299999999999997, 42.89473684210526], [21.9, 42.89473684210526], [152.1, 42.89473684210526], [152.70000000000002, 42.89473684210526], [153.2999999999999, 42.89473684210526], [153.9, 42.89473684210526], [154.5, 42.89473684210526], [19.5, 42.289473684210535], [20.099999999999998, 42.289473684210535], [20.7, 42.289473684210535], [21.299999999999997, 42.289473684210535], [21.9, 42.289473684210535], [152.1, 42.289473684210535], [152.70000000000002, 42.289473684210535], [153.2999999999999, 42.289473684210535], [153.9, 42.289473684210535], [154.5, 42.289473684210535], [19.5, 41.684210526315795], [20.099999999999998, 41.684210526315795], [20.7, 41.684210526315795], [21.299999999999997, 41.684210526315795], [21.9, 41.684210526315795], [152.1, 41.684210526315795], [152.70000000000002, 41.684210526315795], [153.2999999999999, 41.684210526315795], [153.9, 41.684210526315795], [154.5, 41.684210526315795], [19.5, 41.07894736842105], [20.099999999999998, 41.07894736842105], [20.7, 41.07894736842105], [21.299999999999997, 41.07894736842105], [21.9, 41.07894736842105], [152.1, 41.07894736842105], [152.70000000000002, 41.07894736842105], [153.2999999999999, 41.07894736842105], [153.9, 41.07894736842105], [154.5, 41.07894736842105], [19.5, 40.47368421052631], [20.099999999999998, 40.47368421052631], [20.7, 40.47368421052631], [21.299999999999997, 40.47368421052631], [21.9, 40.47368421052631], [152.1, 40.47368421052631], [152.70000000000002, 40.47368421052631], [153.2999999999999, 40.47368421052631], [153.9, 40.47368421052631], [154.5, 40.47368421052631], [19.5, 39.86842105263157], [20.099999999999998, 39.86842105263157], [20.7, 39.86842105263157], [21.299999999999997, 39.86842105263157], [21.9, 39.86842105263157], [152.1, 39.86842105263157], [152.70000000000002, 39.86842105263157], [153.2999999999999, 39.86842105263157], [153.9, 39.86842105263157], [154.5, 39.86842105263157], [19.5, 39.26315789473684], [20.099999999999998, 39.26315789473684], [20.7, 39.26315789473684], [21.299999999999997, 39.26315789473684], [21.9, 39.26315789473684], [152.1, 39.26315789473684], [152.70000000000002, 39.26315789473684], [153.2999999999999, 39.26315789473684], [153.9, 39.26315789473684], [154.5, 39.26315789473684], [19.5, 38.6578947368421], [20.099999999999998, 38.6578947368421], [20.7, 38.6578947368421], [21.299999999999997, 38.6578947368421], [21.9, 38.6578947368421], [152.1, 38.6578947368421], [152.70000000000002, 38.6578947368421], [153.2999999999999, 38.6578947368421], [153.9, 38.6578947368421], [154.5, 38.6578947368421], [19.5, 38.05263157894737], [20.099999999999998, 38.05263157894737], [20.7, 38.05263157894737], [21.299999999999997, 38.05263157894737], [21.9, 38.05263157894737], [152.1, 38.05263157894737], [152.70000000000002, 38.05263157894737], [153.2999999999999, 38.05263157894737], [153.9, 38.05263157894737], [154.5, 38.05263157894737], [19.5, 37.44736842105263], [20.099999999999998, 37.44736842105263], [20.7, 37.44736842105263], [21.299999999999997, 37.44736842105263], [21.9, 37.44736842105263], [152.1, 37.44736842105263], [152.70000000000002, 37.44736842105263], [153.2999999999999, 37.44736842105263], [153.9, 37.44736842105263], [154.5, 37.44736842105263], [19.5, 36.842105263157904], [20.099999999999998, 36.842105263157904], [20.7, 36.842105263157904], [21.299999999999997, 36.842105263157904], [21.9, 36.842105263157904], [152.1, 36.842105263157904], [152.70000000000002, 36.842105263157904], [153.2999999999999, 36.842105263157904], [153.9, 36.842105263157904], [154.5, 36.842105263157904], [19.5, 36.236842105263165], [20.099999999999998, 36.236842105263165], [20.7, 36.236842105263165], [21.299999999999997, 36.236842105263165], [21.9, 36.236842105263165], [152.1, 36.236842105263165], [152.70000000000002, 36.236842105263165], [153.2999999999999, 36.236842105263165], [153.9, 36.236842105263165], [154.5, 36.236842105263165], [19.5, 35.631578947368425], [20.099999999999998, 35.631578947368425], [20.7, 35.631578947368425], [21.299999999999997, 35.631578947368425], [21.9, 35.631578947368425], [152.1, 35.631578947368425], [152.70000000000002, 35.631578947368425], [153.2999999999999, 35.631578947368425], [153.9, 35.631578947368425], [154.5, 35.631578947368425], [19.5, 35.02631578947368], [20.099999999999998, 35.02631578947368], [20.7, 35.02631578947368], [21.299999999999997, 35.02631578947368], [21.9, 35.02631578947368], [152.1, 35.02631578947368], [152.70000000000002, 35.02631578947368], [153.2999999999999, 35.02631578947368], [153.9, 35.02631578947368], [154.5, 35.02631578947368], [19.5, 34.42105263157894], [20.099999999999998, 34.42105263157894], [20.7, 34.42105263157894], [21.299999999999997, 34.42105263157894], [21.9, 34.42105263157894], [22.5, 34.42105263157894], [23.1, 34.42105263157894], [23.700000000000003, 34.42105263157894], [24.3, 34.42105263157894], [24.900000000000002, 34.42105263157894], [25.5, 34.42105263157894], [26.099999999999998, 34.42105263157894], [26.7, 34.42105263157894], [27.3, 34.42105263157894], [27.9, 34.42105263157894], [28.5, 34.42105263157894], [29.1, 34.42105263157894], [29.699999999999996, 34.42105263157894], [30.29999999999999, 34.42105263157894], [30.9, 34.42105263157894], [31.5, 34.42105263157894], [32.1, 34.42105263157894], [32.7, 34.42105263157894], [33.3, 34.42105263157894], [33.9, 34.42105263157894], [34.5, 34.42105263157894], [35.099999999999994, 34.42105263157894], [35.7, 34.42105263157894], [36.3, 34.42105263157894], [36.9, 34.42105263157894], [37.5, 34.42105263157894], [38.099999999999994, 34.42105263157894], [38.7, 34.42105263157894], [39.300000000000004, 34.42105263157894], [39.900000000000006, 34.42105263157894], [40.5, 34.42105263157894], [41.099999999999994, 34.42105263157894], [41.7, 34.42105263157894], [42.300000000000004, 34.42105263157894], [42.9, 34.42105263157894], [43.5, 34.42105263157894], [44.099999999999994, 34.42105263157894], [44.699999999999996, 34.42105263157894], [45.300000000000004, 34.42105263157894], [45.9, 34.42105263157894], [46.5, 34.42105263157894], [47.099999999999994, 34.42105263157894], [47.699999999999996, 34.42105263157894], [48.3, 34.42105263157894], [48.9, 34.42105263157894], [49.5, 34.42105263157894], [50.09999999999999, 34.42105263157894], [50.7, 34.42105263157894], [51.3, 34.42105263157894], [51.900000000000006, 34.42105263157894], [52.5, 34.42105263157894], [53.099999999999994, 34.42105263157894], [53.69999999999999, 34.42105263157894], [54.3, 34.42105263157894], [54.900000000000006, 34.42105263157894], [55.5, 34.42105263157894], [56.1, 34.42105263157894], [56.69999999999999, 34.42105263157894], [57.300000000000004, 34.42105263157894], [57.9, 34.42105263157894], [58.5, 34.42105263157894], [59.1, 34.42105263157894], [59.69999999999999, 34.42105263157894], [60.300000000000004, 34.42105263157894], [60.9, 34.42105263157894], [61.5, 34.42105263157894], [62.1, 34.42105263157894], [62.69999999999999, 34.42105263157894], [63.3, 34.42105263157894], [63.9, 34.42105263157894], [64.5, 34.42105263157894], [65.1, 34.42105263157894], [65.69999999999999, 34.42105263157894], [66.3, 34.42105263157894], [66.9, 34.42105263157894], [67.5, 34.42105263157894], [68.10000000000001, 34.42105263157894], [68.69999999999999, 34.42105263157894], [69.3, 34.42105263157894], [69.9, 34.42105263157894], [70.5, 34.42105263157894], [71.10000000000001, 34.42105263157894], [71.69999999999999, 34.42105263157894], [72.30000000000001, 34.42105263157894], [72.9, 34.42105263157894], [73.5, 34.42105263157894], [74.1, 34.42105263157894], [74.69999999999999, 34.42105263157894], [75.3, 34.42105263157894], [75.9, 34.42105263157894], [76.5, 34.42105263157894], [77.1, 34.42105263157894], [77.69999999999999, 34.42105263157894], [78.3, 34.42105263157894], [78.89999999999999, 34.42105263157894], [79.5, 34.42105263157894], [80.1, 34.42105263157894], [80.69999999999999, 34.42105263157894], [81.30000000000001, 34.42105263157894], [81.89999999999999, 34.42105263157894], [82.5, 34.42105263157894], [83.10000000000001, 34.42105263157894], [83.69999999999999, 34.42105263157894], [84.3, 34.42105263157894], [84.89999999999998, 34.42105263157894], [85.5, 34.42105263157894], [86.1, 34.42105263157894], [86.7, 34.42105263157894], [87.30000000000001, 34.42105263157894], [87.89999999999999, 34.42105263157894], [88.5, 34.42105263157894], [89.1, 34.42105263157894], [89.7, 34.42105263157894], [90.3, 34.42105263157894], [90.9, 34.42105263157894], [91.5, 34.42105263157894], [92.10000000000001, 34.42105263157894], [92.69999999999999, 34.42105263157894], [93.3, 34.42105263157894], [93.89999999999999, 34.42105263157894], [94.5, 34.42105263157894], [95.1, 34.42105263157894], [95.7, 34.42105263157894], [96.30000000000001, 34.42105263157894], [96.89999999999999, 34.42105263157894], [97.5, 34.42105263157894], [98.10000000000001, 34.42105263157894], [98.69999999999999, 34.42105263157894], [99.3, 34.42105263157894], [99.89999999999998, 34.42105263157894], [100.49999999999999, 34.42105263157894], [101.1, 34.42105263157894], [101.69999999999999, 34.42105263157894], [102.3, 34.42105263157894], [102.8999999999999, 34.42105263157894], [103.49999999999999, 34.42105263157894], [104.1, 34.42105263157894], [104.69999999999999, 34.42105263157894], [105.3, 34.42105263157894], [105.8999999999999, 34.42105263157894], [106.5, 34.42105263157894], [107.1, 34.42105263157894], [107.69999999999999, 34.42105263157894], [108.3, 34.42105263157894], [108.8999999999999, 34.42105263157894], [109.5, 34.42105263157894], [110.1, 34.42105263157894], [110.7, 34.42105263157894], [111.3, 34.42105263157894], [111.8999999999999, 34.42105263157894], [112.5, 34.42105263157894], [113.1, 34.42105263157894], [113.7, 34.42105263157894], [114.3, 34.42105263157894], [114.89999999999992, 34.42105263157894], [115.5, 34.42105263157894], [116.10000000000001, 34.42105263157894], [116.7, 34.42105263157894], [117.30000000000001, 34.42105263157894], [117.89999999999989, 34.42105263157894], [118.5, 34.42105263157894], [119.10000000000001, 34.42105263157894], [119.7, 34.42105263157894], [120.30000000000001, 34.42105263157894], [120.89999999999989, 34.42105263157894], [121.50000000000001, 34.42105263157894], [122.10000000000001, 34.42105263157894], [122.7, 34.42105263157894], [123.30000000000001, 34.42105263157894], [123.89999999999989, 34.42105263157894], [124.50000000000001, 34.42105263157894], [125.1, 34.42105263157894], [125.70000000000002, 34.42105263157894], [126.29999999999998, 34.42105263157894], [126.8999999999999, 34.42105263157894], [127.49999999999999, 34.42105263157894], [128.10000000000002, 34.42105263157894], [128.7, 34.42105263157894], [129.29999999999998, 34.42105263157894], [129.8999999999999, 34.42105263157894], [130.5, 34.42105263157894], [131.1, 34.42105263157894], [131.7, 34.42105263157894], [132.29999999999998, 34.42105263157894], [132.89999999999992, 34.42105263157894], [133.5, 34.42105263157894], [134.1, 34.42105263157894], [134.7, 34.42105263157894], [135.3, 34.42105263157894], [135.89999999999992, 34.42105263157894], [136.5, 34.42105263157894], [137.1, 34.42105263157894], [137.7, 34.42105263157894], [138.3, 34.42105263157894], [138.8999999999999, 34.42105263157894], [139.5, 34.42105263157894], [140.1, 34.42105263157894], [140.7, 34.42105263157894], [141.3, 34.42105263157894], [141.89999999999992, 34.42105263157894], [142.5, 34.42105263157894], [143.1, 34.42105263157894], [143.70000000000002, 34.42105263157894], [144.3, 34.42105263157894], [144.8999999999999, 34.42105263157894], [145.5, 34.42105263157894], [146.1, 34.42105263157894], [146.70000000000002, 34.42105263157894], [147.3, 34.42105263157894], [147.9, 34.42105263157894], [148.5, 34.42105263157894], [149.10000000000002, 34.42105263157894], [149.7, 34.42105263157894], [150.2999999999999, 34.42105263157894], [150.89999999999998, 34.42105263157894], [151.5, 34.42105263157894], [152.1, 34.42105263157894], [152.70000000000002, 34.42105263157894], [153.2999999999999, 34.42105263157894], [153.9, 34.42105263157894], [154.5, 34.42105263157894], [19.5, 33.81578947368421], [20.099999999999998, 33.81578947368421], [20.7, 33.81578947368421], [21.299999999999997, 33.81578947368421], [21.9, 33.81578947368421], [22.5, 33.81578947368421], [23.1, 33.81578947368421], [23.700000000000003, 33.81578947368421], [24.3, 33.81578947368421], [24.900000000000002, 33.81578947368421], [25.5, 33.81578947368421], [26.099999999999998, 33.81578947368421], [26.7, 33.81578947368421], [27.3, 33.81578947368421], [27.9, 33.81578947368421], [28.5, 33.81578947368421], [29.1, 33.81578947368421], [29.699999999999996, 33.81578947368421], [30.29999999999999, 33.81578947368421], [30.9, 33.81578947368421], [31.5, 33.81578947368421], [32.1, 33.81578947368421], [32.7, 33.81578947368421], [33.3, 33.81578947368421], [33.9, 33.81578947368421], [34.5, 33.81578947368421], [35.099999999999994, 33.81578947368421], [35.7, 33.81578947368421], [36.3, 33.81578947368421], [36.9, 33.81578947368421], [37.5, 33.81578947368421], [38.099999999999994, 33.81578947368421], [38.7, 33.81578947368421], [39.300000000000004, 33.81578947368421], [39.900000000000006, 33.81578947368421], [40.5, 33.81578947368421], [41.099999999999994, 33.81578947368421], [41.7, 33.81578947368421], [42.300000000000004, 33.81578947368421], [42.9, 33.81578947368421], [43.5, 33.81578947368421], [44.099999999999994, 33.81578947368421], [44.699999999999996, 33.81578947368421], [45.300000000000004, 33.81578947368421], [45.9, 33.81578947368421], [46.5, 33.81578947368421], [47.099999999999994, 33.81578947368421], [47.699999999999996, 33.81578947368421], [48.3, 33.81578947368421], [48.9, 33.81578947368421], [49.5, 33.81578947368421], [50.09999999999999, 33.81578947368421], [50.7, 33.81578947368421], [51.3, 33.81578947368421], [51.900000000000006, 33.81578947368421], [52.5, 33.81578947368421], [53.099999999999994, 33.81578947368421], [53.69999999999999, 33.81578947368421], [54.3, 33.81578947368421], [54.900000000000006, 33.81578947368421], [55.5, 33.81578947368421], [56.1, 33.81578947368421], [56.69999999999999, 33.81578947368421], [57.300000000000004, 33.81578947368421], [57.9, 33.81578947368421], [58.5, 33.81578947368421], [59.1, 33.81578947368421], [59.69999999999999, 33.81578947368421], [60.300000000000004, 33.81578947368421], [60.9, 33.81578947368421], [61.5, 33.81578947368421], [62.1, 33.81578947368421], [62.69999999999999, 33.81578947368421], [63.3, 33.81578947368421], [63.9, 33.81578947368421], [64.5, 33.81578947368421], [65.1, 33.81578947368421], [65.69999999999999, 33.81578947368421], [66.3, 33.81578947368421], [66.9, 33.81578947368421], [67.5, 33.81578947368421], [68.10000000000001, 33.81578947368421], [68.69999999999999, 33.81578947368421], [69.3, 33.81578947368421], [69.9, 33.81578947368421], [70.5, 33.81578947368421], [71.10000000000001, 33.81578947368421], [71.69999999999999, 33.81578947368421], [72.30000000000001, 33.81578947368421], [72.9, 33.81578947368421], [73.5, 33.81578947368421], [74.1, 33.81578947368421], [74.69999999999999, 33.81578947368421], [75.3, 33.81578947368421], [75.9, 33.81578947368421], [76.5, 33.81578947368421], [77.1, 33.81578947368421], [77.69999999999999, 33.81578947368421], [78.3, 33.81578947368421], [78.89999999999999, 33.81578947368421], [79.5, 33.81578947368421], [80.1, 33.81578947368421], [80.69999999999999, 33.81578947368421], [81.30000000000001, 33.81578947368421], [81.89999999999999, 33.81578947368421], [82.5, 33.81578947368421], [83.10000000000001, 33.81578947368421], [83.69999999999999, 33.81578947368421], [84.3, 33.81578947368421], [84.89999999999998, 33.81578947368421], [85.5, 33.81578947368421], [86.1, 33.81578947368421], [86.7, 33.81578947368421], [87.30000000000001, 33.81578947368421], [87.89999999999999, 33.81578947368421], [88.5, 33.81578947368421], [89.1, 33.81578947368421], [89.7, 33.81578947368421], [90.3, 33.81578947368421], [90.9, 33.81578947368421], [91.5, 33.81578947368421], [92.10000000000001, 33.81578947368421], [92.69999999999999, 33.81578947368421], [93.3, 33.81578947368421], [93.89999999999999, 33.81578947368421], [94.5, 33.81578947368421], [95.1, 33.81578947368421], [95.7, 33.81578947368421], [96.30000000000001, 33.81578947368421], [96.89999999999999, 33.81578947368421], [97.5, 33.81578947368421], [98.10000000000001, 33.81578947368421], [98.69999999999999, 33.81578947368421], [99.3, 33.81578947368421], [99.89999999999998, 33.81578947368421], [100.49999999999999, 33.81578947368421], [101.1, 33.81578947368421], [101.69999999999999, 33.81578947368421], [102.3, 33.81578947368421], [102.8999999999999, 33.81578947368421], [103.49999999999999, 33.81578947368421], [104.1, 33.81578947368421], [104.69999999999999, 33.81578947368421], [105.3, 33.81578947368421], [105.8999999999999, 33.81578947368421], [106.5, 33.81578947368421], [107.1, 33.81578947368421], [107.69999999999999, 33.81578947368421], [108.3, 33.81578947368421], [108.8999999999999, 33.81578947368421], [109.5, 33.81578947368421], [110.1, 33.81578947368421], [110.7, 33.81578947368421], [111.3, 33.81578947368421], [111.8999999999999, 33.81578947368421], [112.5, 33.81578947368421], [113.1, 33.81578947368421], [113.7, 33.81578947368421], [114.3, 33.81578947368421], [114.89999999999992, 33.81578947368421], [115.5, 33.81578947368421], [116.10000000000001, 33.81578947368421], [116.7, 33.81578947368421], [117.30000000000001, 33.81578947368421], [117.89999999999989, 33.81578947368421], [118.5, 33.81578947368421], [119.10000000000001, 33.81578947368421], [119.7, 33.81578947368421], [120.30000000000001, 33.81578947368421], [120.89999999999989, 33.81578947368421], [121.50000000000001, 33.81578947368421], [122.10000000000001, 33.81578947368421], [122.7, 33.81578947368421], [123.30000000000001, 33.81578947368421], [123.89999999999989, 33.81578947368421], [124.50000000000001, 33.81578947368421], [125.1, 33.81578947368421], [125.70000000000002, 33.81578947368421], [126.29999999999998, 33.81578947368421], [126.8999999999999, 33.81578947368421], [127.49999999999999, 33.81578947368421], [128.10000000000002, 33.81578947368421], [128.7, 33.81578947368421], [129.29999999999998, 33.81578947368421], [129.8999999999999, 33.81578947368421], [130.5, 33.81578947368421], [131.1, 33.81578947368421], [131.7, 33.81578947368421], [132.29999999999998, 33.81578947368421], [132.89999999999992, 33.81578947368421], [133.5, 33.81578947368421], [134.1, 33.81578947368421], [134.7, 33.81578947368421], [135.3, 33.81578947368421], [135.89999999999992, 33.81578947368421], [136.5, 33.81578947368421], [137.1, 33.81578947368421], [137.7, 33.81578947368421], [138.3, 33.81578947368421], [138.8999999999999, 33.81578947368421], [139.5, 33.81578947368421], [140.1, 33.81578947368421], [140.7, 33.81578947368421], [141.3, 33.81578947368421], [141.89999999999992, 33.81578947368421], [142.5, 33.81578947368421], [143.1, 33.81578947368421], [143.70000000000002, 33.81578947368421], [144.3, 33.81578947368421], [144.8999999999999, 33.81578947368421], [145.5, 33.81578947368421], [146.1, 33.81578947368421], [146.70000000000002, 33.81578947368421], [147.3, 33.81578947368421], [147.9, 33.81578947368421], [148.5, 33.81578947368421], [149.10000000000002, 33.81578947368421], [149.7, 33.81578947368421], [150.2999999999999, 33.81578947368421], [150.89999999999998, 33.81578947368421], [151.5, 33.81578947368421], [152.1, 33.81578947368421], [152.70000000000002, 33.81578947368421], [153.2999999999999, 33.81578947368421], [153.9, 33.81578947368421], [154.5, 33.81578947368421], [19.5, 33.21052631578947], [20.099999999999998, 33.21052631578947], [20.7, 33.21052631578947], [21.299999999999997, 33.21052631578947], [21.9, 33.21052631578947], [22.5, 33.21052631578947], [23.1, 33.21052631578947], [23.700000000000003, 33.21052631578947], [24.3, 33.21052631578947], [24.900000000000002, 33.21052631578947], [25.5, 33.21052631578947], [26.099999999999998, 33.21052631578947], [26.7, 33.21052631578947], [27.3, 33.21052631578947], [27.9, 33.21052631578947], [28.5, 33.21052631578947], [29.1, 33.21052631578947], [29.699999999999996, 33.21052631578947], [30.29999999999999, 33.21052631578947], [30.9, 33.21052631578947], [31.5, 33.21052631578947], [32.1, 33.21052631578947], [32.7, 33.21052631578947], [33.3, 33.21052631578947], [33.9, 33.21052631578947], [34.5, 33.21052631578947], [35.099999999999994, 33.21052631578947], [35.7, 33.21052631578947], [36.3, 33.21052631578947], [36.9, 33.21052631578947], [37.5, 33.21052631578947], [38.099999999999994, 33.21052631578947], [38.7, 33.21052631578947], [39.300000000000004, 33.21052631578947], [39.900000000000006, 33.21052631578947], [40.5, 33.21052631578947], [41.099999999999994, 33.21052631578947], [41.7, 33.21052631578947], [42.300000000000004, 33.21052631578947], [42.9, 33.21052631578947], [43.5, 33.21052631578947], [44.099999999999994, 33.21052631578947], [44.699999999999996, 33.21052631578947], [45.300000000000004, 33.21052631578947], [45.9, 33.21052631578947], [46.5, 33.21052631578947], [47.099999999999994, 33.21052631578947], [47.699999999999996, 33.21052631578947], [48.3, 33.21052631578947], [48.9, 33.21052631578947], [49.5, 33.21052631578947], [50.09999999999999, 33.21052631578947], [50.7, 33.21052631578947], [51.3, 33.21052631578947], [51.900000000000006, 33.21052631578947], [52.5, 33.21052631578947], [53.099999999999994, 33.21052631578947], [53.69999999999999, 33.21052631578947], [54.3, 33.21052631578947], [54.900000000000006, 33.21052631578947], [55.5, 33.21052631578947], [56.1, 33.21052631578947], [56.69999999999999, 33.21052631578947], [57.300000000000004, 33.21052631578947], [57.9, 33.21052631578947], [58.5, 33.21052631578947], [59.1, 33.21052631578947], [59.69999999999999, 33.21052631578947], [60.300000000000004, 33.21052631578947], [60.9, 33.21052631578947], [61.5, 33.21052631578947], [62.1, 33.21052631578947], [62.69999999999999, 33.21052631578947], [63.3, 33.21052631578947], [63.9, 33.21052631578947], [64.5, 33.21052631578947], [65.1, 33.21052631578947], [65.69999999999999, 33.21052631578947], [66.3, 33.21052631578947], [66.9, 33.21052631578947], [67.5, 33.21052631578947], [68.10000000000001, 33.21052631578947], [68.69999999999999, 33.21052631578947], [69.3, 33.21052631578947], [69.9, 33.21052631578947], [70.5, 33.21052631578947], [71.10000000000001, 33.21052631578947], [71.69999999999999, 33.21052631578947], [72.30000000000001, 33.21052631578947], [72.9, 33.21052631578947], [73.5, 33.21052631578947], [74.1, 33.21052631578947], [74.69999999999999, 33.21052631578947], [75.3, 33.21052631578947], [75.9, 33.21052631578947], [76.5, 33.21052631578947], [77.1, 33.21052631578947], [77.69999999999999, 33.21052631578947], [78.3, 33.21052631578947], [78.89999999999999, 33.21052631578947], [79.5, 33.21052631578947], [80.1, 33.21052631578947], [80.69999999999999, 33.21052631578947], [81.30000000000001, 33.21052631578947], [81.89999999999999, 33.21052631578947], [82.5, 33.21052631578947], [83.10000000000001, 33.21052631578947], [83.69999999999999, 33.21052631578947], [84.3, 33.21052631578947], [84.89999999999998, 33.21052631578947], [85.5, 33.21052631578947], [86.1, 33.21052631578947], [86.7, 33.21052631578947], [87.30000000000001, 33.21052631578947], [87.89999999999999, 33.21052631578947], [88.5, 33.21052631578947], [89.1, 33.21052631578947], [89.7, 33.21052631578947], [90.3, 33.21052631578947], [90.9, 33.21052631578947], [91.5, 33.21052631578947], [92.10000000000001, 33.21052631578947], [92.69999999999999, 33.21052631578947], [93.3, 33.21052631578947], [93.89999999999999, 33.21052631578947], [94.5, 33.21052631578947], [95.1, 33.21052631578947], [95.7, 33.21052631578947], [96.30000000000001, 33.21052631578947], [96.89999999999999, 33.21052631578947], [97.5, 33.21052631578947], [98.10000000000001, 33.21052631578947], [98.69999999999999, 33.21052631578947], [99.3, 33.21052631578947], [99.89999999999998, 33.21052631578947], [100.49999999999999, 33.21052631578947], [101.1, 33.21052631578947], [101.69999999999999, 33.21052631578947], [102.3, 33.21052631578947], [102.8999999999999, 33.21052631578947], [103.49999999999999, 33.21052631578947], [104.1, 33.21052631578947], [104.69999999999999, 33.21052631578947], [105.3, 33.21052631578947], [105.8999999999999, 33.21052631578947], [106.5, 33.21052631578947], [107.1, 33.21052631578947], [107.69999999999999, 33.21052631578947], [108.3, 33.21052631578947], [108.8999999999999, 33.21052631578947], [109.5, 33.21052631578947], [110.1, 33.21052631578947], [110.7, 33.21052631578947], [111.3, 33.21052631578947], [111.8999999999999, 33.21052631578947], [112.5, 33.21052631578947], [113.1, 33.21052631578947], [113.7, 33.21052631578947], [114.3, 33.21052631578947], [114.89999999999992, 33.21052631578947], [115.5, 33.21052631578947], [116.10000000000001, 33.21052631578947], [116.7, 33.21052631578947], [117.30000000000001, 33.21052631578947], [117.89999999999989, 33.21052631578947], [118.5, 33.21052631578947], [119.10000000000001, 33.21052631578947], [119.7, 33.21052631578947], [120.30000000000001, 33.21052631578947], [120.89999999999989, 33.21052631578947], [121.50000000000001, 33.21052631578947], [122.10000000000001, 33.21052631578947], [122.7, 33.21052631578947], [123.30000000000001, 33.21052631578947], [123.89999999999989, 33.21052631578947], [124.50000000000001, 33.21052631578947], [125.1, 33.21052631578947], [125.70000000000002, 33.21052631578947], [126.29999999999998, 33.21052631578947], [126.8999999999999, 33.21052631578947], [127.49999999999999, 33.21052631578947], [128.10000000000002, 33.21052631578947], [128.7, 33.21052631578947], [129.29999999999998, 33.21052631578947], [129.8999999999999, 33.21052631578947], [130.5, 33.21052631578947], [131.1, 33.21052631578947], [131.7, 33.21052631578947], [132.29999999999998, 33.21052631578947], [132.89999999999992, 33.21052631578947], [133.5, 33.21052631578947], [134.1, 33.21052631578947], [134.7, 33.21052631578947], [135.3, 33.21052631578947], [135.89999999999992, 33.21052631578947], [136.5, 33.21052631578947], [137.1, 33.21052631578947], [137.7, 33.21052631578947], [138.3, 33.21052631578947], [138.8999999999999, 33.21052631578947], [139.5, 33.21052631578947], [140.1, 33.21052631578947], [140.7, 33.21052631578947], [141.3, 33.21052631578947], [141.89999999999992, 33.21052631578947], [142.5, 33.21052631578947], [143.1, 33.21052631578947], [143.70000000000002, 33.21052631578947], [144.3, 33.21052631578947], [144.8999999999999, 33.21052631578947], [145.5, 33.21052631578947], [146.1, 33.21052631578947], [146.70000000000002, 33.21052631578947], [147.3, 33.21052631578947], [147.9, 33.21052631578947], [148.5, 33.21052631578947], [149.10000000000002, 33.21052631578947], [149.7, 33.21052631578947], [150.2999999999999, 33.21052631578947], [150.89999999999998, 33.21052631578947], [151.5, 33.21052631578947], [152.1, 33.21052631578947], [152.70000000000002, 33.21052631578947], [153.2999999999999, 33.21052631578947], [153.9, 33.21052631578947], [154.5, 33.21052631578947], [19.5, 32.60526315789474], [20.099999999999998, 32.60526315789474], [20.7, 32.60526315789474], [21.299999999999997, 32.60526315789474], [21.9, 32.60526315789474], [22.5, 32.60526315789474], [23.1, 32.60526315789474], [23.700000000000003, 32.60526315789474], [24.3, 32.60526315789474], [24.900000000000002, 32.60526315789474], [25.5, 32.60526315789474], [26.099999999999998, 32.60526315789474], [26.7, 32.60526315789474], [27.3, 32.60526315789474], [27.9, 32.60526315789474], [28.5, 32.60526315789474], [29.1, 32.60526315789474], [29.699999999999996, 32.60526315789474], [30.29999999999999, 32.60526315789474], [30.9, 32.60526315789474], [31.5, 32.60526315789474], [32.1, 32.60526315789474], [32.7, 32.60526315789474], [33.3, 32.60526315789474], [33.9, 32.60526315789474], [34.5, 32.60526315789474], [35.099999999999994, 32.60526315789474], [35.7, 32.60526315789474], [36.3, 32.60526315789474], [36.9, 32.60526315789474], [37.5, 32.60526315789474], [38.099999999999994, 32.60526315789474], [38.7, 32.60526315789474], [39.300000000000004, 32.60526315789474], [39.900000000000006, 32.60526315789474], [40.5, 32.60526315789474], [41.099999999999994, 32.60526315789474], [41.7, 32.60526315789474], [42.300000000000004, 32.60526315789474], [42.9, 32.60526315789474], [43.5, 32.60526315789474], [44.099999999999994, 32.60526315789474], [44.699999999999996, 32.60526315789474], [45.300000000000004, 32.60526315789474], [45.9, 32.60526315789474], [46.5, 32.60526315789474], [47.099999999999994, 32.60526315789474], [47.699999999999996, 32.60526315789474], [48.3, 32.60526315789474], [48.9, 32.60526315789474], [49.5, 32.60526315789474], [50.09999999999999, 32.60526315789474], [50.7, 32.60526315789474], [51.3, 32.60526315789474], [51.900000000000006, 32.60526315789474], [52.5, 32.60526315789474], [53.099999999999994, 32.60526315789474], [53.69999999999999, 32.60526315789474], [54.3, 32.60526315789474], [54.900000000000006, 32.60526315789474], [55.5, 32.60526315789474], [56.1, 32.60526315789474], [56.69999999999999, 32.60526315789474], [57.300000000000004, 32.60526315789474], [57.9, 32.60526315789474], [58.5, 32.60526315789474], [59.1, 32.60526315789474], [59.69999999999999, 32.60526315789474], [60.300000000000004, 32.60526315789474], [60.9, 32.60526315789474], [61.5, 32.60526315789474], [62.1, 32.60526315789474], [62.69999999999999, 32.60526315789474], [63.3, 32.60526315789474], [63.9, 32.60526315789474], [64.5, 32.60526315789474], [65.1, 32.60526315789474], [65.69999999999999, 32.60526315789474], [66.3, 32.60526315789474], [66.9, 32.60526315789474], [67.5, 32.60526315789474], [68.10000000000001, 32.60526315789474], [68.69999999999999, 32.60526315789474], [69.3, 32.60526315789474], [69.9, 32.60526315789474], [70.5, 32.60526315789474], [71.10000000000001, 32.60526315789474], [71.69999999999999, 32.60526315789474], [72.30000000000001, 32.60526315789474], [72.9, 32.60526315789474], [73.5, 32.60526315789474], [74.1, 32.60526315789474], [74.69999999999999, 32.60526315789474], [75.3, 32.60526315789474], [75.9, 32.60526315789474], [76.5, 32.60526315789474], [77.1, 32.60526315789474], [77.69999999999999, 32.60526315789474], [78.3, 32.60526315789474], [78.89999999999999, 32.60526315789474], [79.5, 32.60526315789474], [80.1, 32.60526315789474], [80.69999999999999, 32.60526315789474], [81.30000000000001, 32.60526315789474], [81.89999999999999, 32.60526315789474], [82.5, 32.60526315789474], [83.10000000000001, 32.60526315789474], [83.69999999999999, 32.60526315789474], [84.3, 32.60526315789474], [84.89999999999998, 32.60526315789474], [85.5, 32.60526315789474], [86.1, 32.60526315789474], [86.7, 32.60526315789474], [87.30000000000001, 32.60526315789474], [87.89999999999999, 32.60526315789474], [88.5, 32.60526315789474], [89.1, 32.60526315789474], [89.7, 32.60526315789474], [90.3, 32.60526315789474], [90.9, 32.60526315789474], [91.5, 32.60526315789474], [92.10000000000001, 32.60526315789474], [92.69999999999999, 32.60526315789474], [93.3, 32.60526315789474], [93.89999999999999, 32.60526315789474], [94.5, 32.60526315789474], [95.1, 32.60526315789474], [95.7, 32.60526315789474], [96.30000000000001, 32.60526315789474], [96.89999999999999, 32.60526315789474], [97.5, 32.60526315789474], [98.10000000000001, 32.60526315789474], [98.69999999999999, 32.60526315789474], [99.3, 32.60526315789474], [99.89999999999998, 32.60526315789474], [100.49999999999999, 32.60526315789474], [101.1, 32.60526315789474], [101.69999999999999, 32.60526315789474], [102.3, 32.60526315789474], [102.8999999999999, 32.60526315789474], [103.49999999999999, 32.60526315789474], [104.1, 32.60526315789474], [104.69999999999999, 32.60526315789474], [105.3, 32.60526315789474], [105.8999999999999, 32.60526315789474], [106.5, 32.60526315789474], [107.1, 32.60526315789474], [107.69999999999999, 32.60526315789474], [108.3, 32.60526315789474], [108.8999999999999, 32.60526315789474], [109.5, 32.60526315789474], [110.1, 32.60526315789474], [110.7, 32.60526315789474], [111.3, 32.60526315789474], [111.8999999999999, 32.60526315789474], [112.5, 32.60526315789474], [113.1, 32.60526315789474], [113.7, 32.60526315789474], [114.3, 32.60526315789474], [114.89999999999992, 32.60526315789474], [115.5, 32.60526315789474], [116.10000000000001, 32.60526315789474], [116.7, 32.60526315789474], [117.30000000000001, 32.60526315789474], [117.89999999999989, 32.60526315789474], [118.5, 32.60526315789474], [119.10000000000001, 32.60526315789474], [119.7, 32.60526315789474], [120.30000000000001, 32.60526315789474], [120.89999999999989, 32.60526315789474], [121.50000000000001, 32.60526315789474], [122.10000000000001, 32.60526315789474], [122.7, 32.60526315789474], [123.30000000000001, 32.60526315789474], [123.89999999999989, 32.60526315789474], [124.50000000000001, 32.60526315789474], [125.1, 32.60526315789474], [125.70000000000002, 32.60526315789474], [126.29999999999998, 32.60526315789474], [126.8999999999999, 32.60526315789474], [127.49999999999999, 32.60526315789474], [128.10000000000002, 32.60526315789474], [128.7, 32.60526315789474], [129.29999999999998, 32.60526315789474], [129.8999999999999, 32.60526315789474], [130.5, 32.60526315789474], [131.1, 32.60526315789474], [131.7, 32.60526315789474], [132.29999999999998, 32.60526315789474], [132.89999999999992, 32.60526315789474], [133.5, 32.60526315789474], [134.1, 32.60526315789474], [134.7, 32.60526315789474], [135.3, 32.60526315789474], [135.89999999999992, 32.60526315789474], [136.5, 32.60526315789474], [137.1, 32.60526315789474], [137.7, 32.60526315789474], [138.3, 32.60526315789474], [138.8999999999999, 32.60526315789474], [139.5, 32.60526315789474], [140.1, 32.60526315789474], [140.7, 32.60526315789474], [141.3, 32.60526315789474], [141.89999999999992, 32.60526315789474], [142.5, 32.60526315789474], [143.1, 32.60526315789474], [143.70000000000002, 32.60526315789474], [144.3, 32.60526315789474], [144.8999999999999, 32.60526315789474], [145.5, 32.60526315789474], [146.1, 32.60526315789474], [146.70000000000002, 32.60526315789474], [147.3, 32.60526315789474], [147.9, 32.60526315789474], [148.5, 32.60526315789474], [149.10000000000002, 32.60526315789474], [149.7, 32.60526315789474], [150.2999999999999, 32.60526315789474], [150.89999999999998, 32.60526315789474], [151.5, 32.60526315789474], [152.1, 32.60526315789474], [152.70000000000002, 32.60526315789474], [153.2999999999999, 32.60526315789474], [153.9, 32.60526315789474], [154.5, 32.60526315789474], [19.5, 32.0], [20.099999999999998, 32.0], [20.7, 32.0], [21.299999999999997, 32.0], [21.9, 32.0], [22.5, 32.0], [23.1, 32.0], [23.700000000000003, 32.0], [24.3, 32.0], [24.900000000000002, 32.0], [25.5, 32.0], [26.099999999999998, 32.0], [26.7, 32.0], [27.3, 32.0], [27.9, 32.0], [28.5, 32.0], [29.1, 32.0], [29.699999999999996, 32.0], [30.29999999999999, 32.0], [30.9, 32.0], [31.5, 32.0], [32.1, 32.0], [32.7, 32.0], [33.3, 32.0], [33.9, 32.0], [34.5, 32.0], [35.099999999999994, 32.0], [35.7, 32.0], [36.3, 32.0], [36.9, 32.0], [37.5, 32.0], [38.099999999999994, 32.0], [38.7, 32.0], [39.300000000000004, 32.0], [39.900000000000006, 32.0], [40.5, 32.0], [41.099999999999994, 32.0], [41.7, 32.0], [42.300000000000004, 32.0], [42.9, 32.0], [43.5, 32.0], [44.099999999999994, 32.0], [44.699999999999996, 32.0], [45.300000000000004, 32.0], [45.9, 32.0], [46.5, 32.0], [47.099999999999994, 32.0], [47.699999999999996, 32.0], [48.3, 32.0], [48.9, 32.0], [49.5, 32.0], [50.09999999999999, 32.0], [50.7, 32.0], [51.3, 32.0], [51.900000000000006, 32.0], [52.5, 32.0], [53.099999999999994, 32.0], [53.69999999999999, 32.0], [54.3, 32.0], [54.900000000000006, 32.0], [55.5, 32.0], [56.1, 32.0], [56.69999999999999, 32.0], [57.300000000000004, 32.0], [57.9, 32.0], [58.5, 32.0], [59.1, 32.0], [59.69999999999999, 32.0], [60.300000000000004, 32.0], [60.9, 32.0], [61.5, 32.0], [62.1, 32.0], [62.69999999999999, 32.0], [63.3, 32.0], [63.9, 32.0], [64.5, 32.0], [65.1, 32.0], [65.69999999999999, 32.0], [66.3, 32.0], [66.9, 32.0], [67.5, 32.0], [68.10000000000001, 32.0], [68.69999999999999, 32.0], [69.3, 32.0], [69.9, 32.0], [70.5, 32.0], [71.10000000000001, 32.0], [71.69999999999999, 32.0], [72.30000000000001, 32.0], [72.9, 32.0], [73.5, 32.0], [74.1, 32.0], [74.69999999999999, 32.0], [75.3, 32.0], [75.9, 32.0], [76.5, 32.0], [77.1, 32.0], [77.69999999999999, 32.0], [78.3, 32.0], [78.89999999999999, 32.0], [79.5, 32.0], [80.1, 32.0], [80.69999999999999, 32.0], [81.30000000000001, 32.0], [81.89999999999999, 32.0], [82.5, 32.0], [83.10000000000001, 32.0], [83.69999999999999, 32.0], [84.3, 32.0], [84.89999999999998, 32.0], [85.5, 32.0], [86.1, 32.0], [86.7, 32.0], [87.30000000000001, 32.0], [87.89999999999999, 32.0], [88.5, 32.0], [89.1, 32.0], [89.7, 32.0], [90.3, 32.0], [90.9, 32.0], [91.5, 32.0], [92.10000000000001, 32.0], [92.69999999999999, 32.0], [93.3, 32.0], [93.89999999999999, 32.0], [94.5, 32.0], [95.1, 32.0], [95.7, 32.0], [96.30000000000001, 32.0], [96.89999999999999, 32.0], [97.5, 32.0], [98.10000000000001, 32.0], [98.69999999999999, 32.0], [99.3, 32.0], [99.89999999999998, 32.0], [100.49999999999999, 32.0], [101.1, 32.0], [101.69999999999999, 32.0], [102.3, 32.0], [102.8999999999999, 32.0], [103.49999999999999, 32.0], [104.1, 32.0], [104.69999999999999, 32.0], [105.3, 32.0], [105.8999999999999, 32.0], [106.5, 32.0], [107.1, 32.0], [107.69999999999999, 32.0], [108.3, 32.0], [108.8999999999999, 32.0], [109.5, 32.0], [110.1, 32.0], [110.7, 32.0], [111.3, 32.0], [111.8999999999999, 32.0], [112.5, 32.0], [113.1, 32.0], [113.7, 32.0], [114.3, 32.0], [114.89999999999992, 32.0], [115.5, 32.0], [116.10000000000001, 32.0], [116.7, 32.0], [117.30000000000001, 32.0], [117.89999999999989, 32.0], [118.5, 32.0], [119.10000000000001, 32.0], [119.7, 32.0], [120.30000000000001, 32.0], [120.89999999999989, 32.0], [121.50000000000001, 32.0], [122.10000000000001, 32.0], [122.7, 32.0], [123.30000000000001, 32.0], [123.89999999999989, 32.0], [124.50000000000001, 32.0], [125.1, 32.0], [125.70000000000002, 32.0], [126.29999999999998, 32.0], [126.8999999999999, 32.0], [127.49999999999999, 32.0], [128.10000000000002, 32.0], [128.7, 32.0], [129.29999999999998, 32.0], [129.8999999999999, 32.0], [130.5, 32.0], [131.1, 32.0], [131.7, 32.0], [132.29999999999998, 32.0], [132.89999999999992, 32.0], [133.5, 32.0], [134.1, 32.0], [134.7, 32.0], [135.3, 32.0], [135.89999999999992, 32.0], [136.5, 32.0], [137.1, 32.0], [137.7, 32.0], [138.3, 32.0], [138.8999999999999, 32.0], [139.5, 32.0], [140.1, 32.0], [140.7, 32.0], [141.3, 32.0], [141.89999999999992, 32.0], [142.5, 32.0], [143.1, 32.0], [143.70000000000002, 32.0], [144.3, 32.0], [144.8999999999999, 32.0], [145.5, 32.0], [146.1, 32.0], [146.70000000000002, 32.0], [147.3, 32.0], [147.9, 32.0], [148.5, 32.0], [149.10000000000002, 32.0], [149.7, 32.0], [150.2999999999999, 32.0], [150.89999999999998, 32.0], [151.5, 32.0], [152.1, 32.0], [152.70000000000002, 32.0], [153.2999999999999, 32.0], [153.9, 32.0], [154.5, 32.0]]
test_sol: [546, 2656, 1633, 3162, 3139, 2223, 1826, 1180, 144, 672, 257, 3120, 2537, 2161, 2505, 737, 2248, 1504, 25, 1776, 824, 1900, 1990, 266, 718, 2790, 1470, 797, 796, 1091, 336, 592, 1936, 435, 1268, 85, 2689, 9, 2644, 2618, 976, 2045, 98, 2691, 2348, 2122, 2686, 2344, 2120, 1812, 322, 729, 2154, 472, 2075, 656, 2376, 3033, 1667, 1243, 2693, 3124, 401, 1105, 1985, 2640, 224, 2204, 1790, 813, 1641, 2345, 2564, 2533, 3040, 49, 1761, 3234, 2648, 1747, 2697, 1786, 2840, 294, 128, 848, 1208, 1608, 2081, 3090, 1492, 2331, 1998, 1516, 2327, 1437, 1418, 2585, 651, 3091, 1177, 2162, 2621, 1005, 946, 1546, 220, 689, 40, 1976, 3048, 2817, 229, 650, 178, 179, 1386, 2737, 712, 2152, 1088, 394, 192, 2904, 1457, 2896, 1246, 438, 2292, 2824, 242, 2584, 2601, 1240, 1008, 3170, 2673, 1873, 2100, 1164, 360, 425, 2240, 1395, 1375, 1599, 1148, 2177, 2818, 1433, 757, 393, 1584, 306, 24, 232, 1804, 2987, 2024, 2059, 2650, 1701, 558, 1258, 2636, 1021, 3154, 2416, 1674, 448, 365, 1918, 1917, 2088, 288, 856, 1242, 1273, 3122, 1264, 879, 742, 2606, 2804, 314, 1560, 2315, 292, 956, 1944, 779, 2074, 849, 1881, 2284, 3238, 1991, 2953, 840, 1137, 280, 18, 2356, 2730, 3054, 353, 2978, 835, 2432, 855, 2631, 1165, 105, 673, 1473, 1532, 2042, 748, 2647, 2272, 8, 1995, 488, 2716, 1032, 2928, 1427, 1827, 1955, 700, 2126, 2119, 2366, 2630, 1764, 1765, 1867, 2873, 2138, 2141, 2369, 1537, 1299, 913, 251, 2096, 1112, 1128, 2853, 187, 136, 368, 1168, 730, 905, 422, 1687, 1282, 2643, 2067, 1345, 1120, 234, 1434, 2757, 2962, 278, 2324, 3232, 3220, 2080, 1310, 3053, 1463, 2005, 1092, 1488, 1870, 1860, 1850, 1751, 854, 1311, 803, 1184, 2125, 2889, 2164, 2808, 2792, 2569, 2105, 3144, 1968, 1454, 1513, 2488, 809, 1097, 3078, 1883, 1886, 1530, 2863, 1123, 2932, 1913, 2499, 3008, 1882, 768, 841, 864, 72, 2834, 1848, 2193, 944, 2632, 2528, 344, 80, 964, 603, 1016, 2296, 2115, 1880, 1050, 2130, 1720, 256, 1431, 955, 1256, 2009, 2039, 146, 2089, 866, 483, 1448, 1233, 289, 2397, 2160, 600, 1224, 2561, 1625, 3153, 1676, 281, 91, 1312, 258, 1392, 1265, 509, 10, 2881, 3032, 751, 184, 19, 1328, 16, 839, 2988, 2764, 2328, 721, 2772, 2019, 1889, 2386, 2233, 808, 807, 175, 64, 1169, 1714, 269, 942, 717, 1001, 2153, 1404, 1054, 2017, 2690, 1562, 1078, 601, 2726, 891, 2747, 1100, 2522, 2722, 2721, 930, 2714, 2968, 586, 2318, 2948, 2243, 2170, 2095, 2098, 2411, 429, 1188, 611, 2504, 1084, 2612, 3062, 210, 1491, 958, 1809, 2743, 1622, 934, 3096, 3241, 2520, 853, 3202, 2672, 1429, 1728, 859, 212, 2473, 818, 2954, 2489, 2700, 1609, 1474, 452, 1361, 973, 2825, 2685, 1114, 88, 909, 320, 2474, 1540, 2940, 1066, 474, 1241, 619, 2456, 2946, 912, 2582, 533, 2512, 1322, 168, 2368, 112, 1200, 3105, 299, 1561, 484, 547, 2221, 307, 312, 1630, 1988, 696, 185, 2540, 1753, 624, 953, 1512, 1440, 1536, 720, 1251, 1775, 321, 1868, 3214, 681, 1144, 1945, 2343, 708, 2151, 1146, 2611, 3056, 1905, 2232, 1232, 2440, 920, 1450, 1104, 691, 1694, 537, 2838, 2839, 1063, 1292, 413, 1649, 628, 1828, 282, 270, 2602, 2705, 1865, 1744, 2016, 2921, 1428, 2966, 138, 535, 1715, 1735, 2843, 1313, 2041, 1593, 2698, 75, 1, 2828, 1236, 1509, 510, 177, 1557, 1038, 387, 1187, 2382, 3043, 1801, 1381, 3161, 1226, 373, 369, 2712, 162, 1969, 2568, 2980, 1552, 3216, 3160, 2769, 2915, 794, 2850, 657, 1626, 1403, 1602, 1444, 2952, 1817, 2563, 3146, 1891, 3104, 2872, 1436, 2626, 240, 497, 652, 1316, 1317, 540, 646, 2810, 800, 585, 1690, 664, 328, 2091, 1099, 1523, 1283, 784, 2281, 986, 2696, 1089, 3180, 3013, 1462, 1706, 1432, 58, 2862, 2861, 2635, 2461, 2748, 2027, 2037, 580, 274, 2813, 1702, 3203, 2793, 736, 2800, 3147, 1930, 3049, 2043, 441, 395, 534, 2884, 3201, 1528, 1040, 2339, 1285, 1650, 2931, 1977, 416, 749, 1221, 2011, 2171, 1162, 430, 829, 1173, 444, 940, 2892, 3115, 1823, 1596, 331, 660, 668, 1975, 1644, 2071, 2103, 127, 2742, 1829, 1893, 683, 1654, 607, 1934, 259, 2145, 2086, 2319, 1661, 1435, 1514, 3131, 260, 2434, 2370, 707, 3226, 2876, 2575, 2404, 1947, 882, 2260, 3029, 1525, 2595, 776, 89, 1759, 2196, 1116, 2916, 1191, 674, 1248, 2753, 1389, 571, 572, 3197, 2501, 2704, 2034, 795, 2596, 2598, 3052, 1034, 662, 728, 2593, 3044, 3042, 335, 338, 118, 2099, 727, 2483, 418, 1722, 1487, 543, 1703, 2463, 2523, 392, 2336, 2337, 677, 627, 297, 124, 2681, 286, 96, 2123, 2856, 1933, 3235, 1193, 2051, 2113, 1185, 15, 1406, 427, 3194, 3010, 1652, 1987, 706, 2168, 2167, 2169, 2132, 1494, 100, 3037, 301, 1567, 318, 317, 2574, 565, 2858, 248, 2734, 2735, 2508, 938, 2549, 1750, 170, 870, 2637, 3213, 2118, 2378, 2121, 2398, 977, 3068, 1306, 193, 2020, 2362, 1287, 1077, 1076, 386, 2377, 1665, 2371, 2372, 261, 1110, 1335, 2961, 1581, 32, 2460, 87, 2805, 1293, 2334, 2781, 2255, 2482, 503, 2006, 1858, 1846, 3119, 3, 2493, 2638, 2787, 2102, 110, 102, 2594, 2836, 3114, 2791, 2565, 604, 1393, 608, 2711, 147, 1274, 2545, 1042, 1675, 1249, 1094, 1098, 2740, 1578, 1926, 2396, 2181, 2628, 963, 1140, 436, 3057, 1834, 1906, 1340, 3182, 2956, 2829, 3055, 2412, 70, 2149, 2025, 774, 775, 550, 3065, 2012, 1303, 1302, 95, 2476, 2847, 3073, 941, 949, 455, 475, 2788, 2049, 802, 2388, 1771, 1549, 462, 471, 2183, 639, 927, 285, 2761, 1133, 3027, 1378, 745, 1579, 2360, 2666, 2675, 2985, 2532, 2307, 599, 869, 189, 2559, 198, 3223, 1950, 2363, 442, 2524, 2976, 2400, 514, 1190, 675, 1222, 522, 2257, 761, 305, 132, 2084, 3130, 2381, 2156, 2668, 2439, 36, 2235, 1789, 1788, 2842, 1006, 780, 2974, 948, 520, 2200, 2542, 3231, 1740, 860, 202, 2794, 2762, 1324, 2406, 1347, 1915, 358, 1037, 44, 574, 3023, 731, 1648, 3069, 1449, 640, 568, 1396, 1156, 1493, 499, 3217, 2766, 884, 2186, 375, 371, 3012, 921, 2137, 388, 2610, 1298, 2252, 347, 343, 339, 2717, 1899, 250, 2374, 2335, 1388, 947, 3116, 3118, 468, 1334, 31, 1895, 3102, 2423, 2197, 1230, 2646, 2206, 1126, 2855, 1383, 1157, 2101, 622, 971, 1197, 1198, 1399, 1519, 2671, 2959, 903, 1356, 3095, 1845, 747, 159, 3126, 3127, 1007, 2773, 1769, 1019, 284, 2641, 682, 1594, 1634, 988, 987, 2447, 1902, 374, 2572, 2799, 1484, 1129, 3158, 1414, 1533, 575, 227, 2403, 2570, 1558, 1370, 194, 2887, 2832, 1376, 400, 992, 1176, 1346, 1056, 2659, 2844, 2841, 2408, 2108, 2373, 1307, 850, 161, 2498, 3164, 267, 2877, 34, 1863, 1074, 1325, 470, 460, 3159, 3089, 3149, 2509, 2867, 1963, 2116, 2342, 1659, 466, 2304, 2068, 492, 2144, 1453, 2975, 1117, 887, 2023, 3177, 2148, 12, 3128, 701, 792, 1394, 244, 2000, 1732, 1172, 1803, 1295, 500, 2957, 1511, 834, 3208, 1553, 2056, 880, 370, 1263, 2649, 2216, 1280, 3059, 1685, 1460, 641, 2900, 2901, 2441, 2217, 1598, 1147, 3031, 2093, 3192, 1798, 1118, 415, 1805, 649, 2627, 972, 3047, 3070, 363, 364, 2212, 3064, 2682, 440, 1556, 2305, 2129, 867, 567, 493, 491, 1058, 150, 3108, 3109, 2346, 3172, 2269, 3002, 272, 1697, 785, 2617, 2322, 1443, 1253, 692, 3227, 2999, 1688, 2507, 1555, 2604, 1721, 2713, 1498, 881, 2692, 214, 890, 3058, 2060, 1756, 2511, 135, 143, 2510, 1755, 868, 1806, 2536, 3219, 3098, 2191, 1420, 1262, 2022, 1174, 3014, 2662, 93, 1878, 1245, 1051, 14, 2002, 197, 199, 1642, 1904, 1770, 1178, 2914, 1939, 348, 13, 2969, 2424, 2776, 1857, 1464, 528, 2562, 570, 555, 2930, 716, 960, 959, 1425, 249, 2444, 2445, 527, 3206, 3021, 236, 60, 2422, 3019, 589, 629, 1651, 1109, 3200, 560, 1417, 618, 1729, 1247, 1507, 1773, 389, 2573, 2917, 980, 1206, 2393, 1819, 1923, 3148, 464, 2996, 2771, 1227, 334, 1508, 1972, 669, 2702, 195, 1355, 1813, 410, 3016, 2077, 1993, 1442, 844, 1073, 1639, 1638, 1613, 2072, 1898, 424, 1824, 1270, 1271, 1887, 1916, 1663, 1794, 218, 1029, 3152, 2275, 616, 241, 2927, 724, 2848, 2895, 2670, 3061, 1382, 481, 738, 230, 84, 1877, 238, 581, 1238, 2146, 1182, 2026, 1832, 553, 2936, 1992, 1954, 1281, 1189, 2469, 2468, 2710, 2311, 3071, 2172, 625, 714, 970, 578, 1691, 2560, 1928, 3123, 1733, 74, 1948, 2494, 2313, 899, 121, 2104, 1352, 857, 1920, 2139, 2062, 878, 1103, 2044, 2078, 2723, 2556, 1027, 1521, 496, 3212, 1130, 2076, 637, 1469, 1695, 789, 1586, 221, 2004, 1938, 2822, 2732, 827, 831, 333, 2185, 1456, 2746, 1438, 2140, 3028, 2796, 247, 2158, 1086, 863, 203, 1808, 2251, 1830, 3157, 1269, 1831, 2878, 1228, 769, 2202, 1657, 2557, 3178, 1757, 630, 1526, 1071, 615, 614, 2069, 1402, 2157, 1018, 155, 1548, 152, 1192, 876, 1179, 457, 1580, 456, 2688, 2409, 3025, 1412, 2066, 825, 3129, 1524, 2939, 465, 3034, 1067, 2490, 1297, 2857, 1122, 1194, 2890, 1538, 2218, 2032, 679, 3084, 2854, 1467, 151, 63, 66, 2541, 623, 2187, 380, 1115, 1384, 65, 1368, 3242, 2920, 2538, 1201, 1869, 3142, 3141, 2548, 596, 531, 1338, 1793, 453, 1057, 820, 1134, 1220, 2971, 2190, 1423, 1301, 2947, 1797, 1925, 605, 1446, 1024, 2783, 1852, 107, 2300, 2623, 2812, 1081, 1465, 2053, 1250, 337, 2851, 2282, 1490, 952, 2394, 1323, 2064, 2567, 541, 1080, 296, 308, 529, 1529, 583, 1482, 1800, 1090, 2355, 1219, 943, 1391, 711, 2797, 1929, 810, 1083, 275, 2065, 1746, 576, 965, 1984, 569, 2785, 1186, 1154, 1082, 359, 1131, 449, 732, 431, 1570, 1874, 2448, 3176, 3187, 858, 915, 3063, 678, 3218, 106, 3189, 2984, 2184, 1841, 1734, 2254, 451, 2986, 1416, 771, 2778, 2007, 2030, 961, 798, 383, 598, 1924, 411, 3221, 2669, 606, 1669, 686, 2286, 1997, 1239, 1811, 2944, 165, 2531, 2525, 2750, 104, 1044, 2359, 2225, 1795, 799, 3188, 1612, 910, 3228, 1810, 3110, 2285, 1401, 658, 208, 2720, 1978, 385, 928, 907, 1211, 642, 593, 1683, 1682, 838, 2768, 477, 454, 2428, 3001, 226, 1339, 3196, 113, 1742, 191, 201, 2613, 2323, 205, 2210, 1897, 2587, 962, 2298, 753, 2870, 2888, 2938, 2208, 1400, 2680, 2654, 329, 3112, 2661, 2982, 821, 816, 1472, 340, 315, 303, 655, 215, 1699, 936, 1704, 2652, 889, 1894, 376, 412, 2330, 845, 847, 1802, 2350, 2546, 2964, 916, 2496, 1970, 3024, 3093, 445, 1518, 419, 2438, 3075, 1049, 33, 2664, 1545, 778, 3215, 1506, 2052, 1289, 490, 1330, 458, 1949, 1951, 2908, 2455, 702, 2995, 2997, 3222, 2624, 2466, 2192, 3165, 2942, 507, 1203, 3243, 3121, 2351, 1255, 41, 3097, 51, 1785, 2238, 2913, 1480, 233, 1752, 2264, 120, 287, 116, 2667, 2893, 2178, 2660, 1872, 3137, 1000, 1737, 498, 1452, 69, 2142, 897, 2265, 2608, 122, 42, 123, 2970, 1956, 3240, 1696, 1468, 1499, 50, 1138, 1459, 1621, 67, 76, 2358, 997, 1885, 1884, 922, 2384, 3224, 875, 883, 239, 231, 145, 2418, 1730, 1635, 904, 379, 30, 2430, 1305, 1065, 372, 1871, 504, 2491, 2266, 1371, 1597, 2472, 3198, 1974, 1158, 932, 2937, 200, 633, 1385, 638, 1357, 1358, 1854, 1855, 552, 791, 1411, 1632, 1619, 725, 1272, 37, 762, 216, 2329, 705, 2431, 4, 1223, 1698, 125, 2965, 1851, 865, 2010, 1907, 2943, 345, 512, 1409, 28, 1754, 577, 1762, 1079, 3086, 1476, 2891, 1489, 1461, 1475, 2963, 2981, 1257, 2786, 3143, 2695, 2516, 2166, 2287, 148, 1670, 1445, 1447, 1419, 1336, 1767, 3066, 1003, 2486, 924, 2925, 1048, 1152, 1888, 508, 1909, 283, 3239, 2003, 726, 1571, 3051, 2597, 1658, 169, 1840, 1986, 3237, 2789, 1275, 3077, 3079, 3020, 59, 2165, 1825, 983, 2234, 1397, 1618, 459, 2338, 1284, 1941, 2741, 842, 3190, 1333, 1181, 1407, 822, 1631, 2427, 1167, 1166, 172, 1068, 1363, 786, 157, 1517, 48, 3171, 2506, 2107, 2361, 680, 2977, 2530, 690, 1847, 1758, 1680, 1022, 2733, 2150, 1890, 659, 1379, 1796, 1266, 3179, 1451, 741, 1607, 1606, 341, 2341, 2219, 3099, 1314, 3233, 763, 544, 1600, 406, 1901, 914, 1566, 1331, 2173, 1725, 2133, 327, 610, 377, 2201, 2194, 874, 819, 2097, 2480, 467, 1304, 2592, 974, 746, 1960, 154, 487, 2320, 1161, 1932, 1879, 1892, 1495, 2280, 833, 2175, 2112, 676, 1441, 760, 2033, 2250, 1927, 2795, 3136, 2273, 1216, 1408, 832, 2008, 2880, 2609, 2244, 1709, 2090, 1261, 811, 551, 612, 1896, 1700, 3134, 408, 1576, 1010, 3050, 2128, 2898, 290, 1835, 2420, 1861, 1030, 2859, 140, 1643, 3185, 545, 3195, 3166, 3101, 254, 2347, 1628, 2589, 17, 826, 1060, 56, 1096, 777, 176, 1160, 704, 2864, 2801, 1645, 767, 995, 770, 1792, 2263, 1531, 1844, 186, 2387, 2634, 846, 355, 1778, 141, 1477, 352, 2571, 620, 772, 2485, 1544, 26, 3236, 2267, 1520, 1705, 180, 661, 2443, 2442, 1011, 130, 2806, 2579, 626, 1422, 2755, 617, 2392, 2708, 2993, 635, 984, 1296, 2784, 1577, 2744, 1568, 354, 164, 506, 302, 2070, 1864, 1777, 1736, 2738, 1210, 563, 2435, 579, 2707, 801, 423, 648, 211, 2651, 2229, 1315, 945, 888, 937, 1940, 1942, 1952, 134, 181, 3067, 2379, 2865, 3168, 1912, 1921, 1712, 632, 2622, 2083, 3041, 1202, 434, 2752, 209, 298, 97, 1496, 2001, 872, 505, 2147, 426, 663, 3184, 137, 2577, 3113, 993, 1843, 929, 2603, 1589, 2038, 1957, 1946, 3087, 182, 3186, 2912, 1914, 722, 1931, 27, 2918, 2242, 2481, 3009, 951, 77, 1624, 485, 2580, 2357, 3125, 83, 2552, 1276, 521, 3004, 502, 1294, 1062, 92, 3163, 1859, 2073, 2390, 235, 2544, 217, 1121, 2458, 2553, 384, 2402, 2657, 1398, 2906, 90, 2521, 1320, 2136, 129, 1481, 1028, 1616, 1601, 1374, 1288, 2833, 2401, 536, 482, 1763, 564, 1967, 1964, 817, 2897, 1497, 851, 1424, 3072, 2945, 2719, 1155, 3017, 3132, 634, 225, 2457, 2816, 1072, 1234, 1360, 1343, 1342, 350, 349, 2465, 3045, 2054, 1672, 1369, 2586, 1656, 783, 2449, 2029, 43, 573, 2258, 245, 2819, 3209, 362, 2414, 2413, 188, 3015, 806, 2114, 3074, 1910, 1337, 1983, 2277, 22, 1842, 1791, 2487, 62, 1485, 957, 1961, 2503, 489, 1125, 886, 432, 196, 119, 2079, 300, 1980, 906, 1135, 885, 2155, 1816, 2910, 3133, 2619, 2259, 1647, 584, 1415, 1640, 1291, 1290, 693, 2395, 1807, 103, 3207, 2958, 142, 325, 29, 877, 2780, 1981, 2082, 2289, 126, 149, 766, 582, 414, 397, 405, 174, 1421, 1052, 2198, 2314, 1046, 2815, 935, 1163, 653, 1623, 2492, 237, 1749, 2109, 2031, 1106, 2410, 1563, 1565, 1564, 324, 2875, 2207, 2391, 2615, 461, 1550, 1055, 1503, 219, 2852, 2845, 1629, 2725, 2923, 403, 901, 1849, 2297, 1784, 2775, 2774, 2450, 1344, 898, 900, 523, 1836, 1430, 1655, 685, 2830, 1059, 793, 2515, 3088, 1218, 787, 1015, 2484, 804, 1782, 443, 446, 463, 2309, 2308, 2182, 2407, 513, 1739, 1653, 621, 2926, 117, 2706, 1973, 316, 167, 183, 2321, 2429, 2092, 3145, 2767, 2539, 2642, 2021, 1483, 939, 2922, 1205, 1772, 532, 342, 2639, 2205, 2433, 2905, 1862, 2547, 1132, 356, 752, 1745, 476, 1837, 3107, 713, 2497, 3000, 2195, 3191, 2518, 2354, 2452, 2941, 2214, 47, 2529, 709, 710, 538, 139, 2451, 1036, 1053, 828, 1471, 2739, 2979, 2046, 902, 115, 1780, 1979, 1989, 2756, 2983, 1821, 433, 2419, 2883, 2960, 1723, 524, 1212, 1439, 2674, 2349, 2513, 765, 1252, 1017, 1953, 1170, 1033, 1486, 357, 2241, 782, 2729, 525, 526, 814, 1039, 3035, 1199, 2013, 3229, 919, 967, 966, 644, 1614, 3100, 367, 1919, 2527, 2526, 3138, 3193, 2967, 1908, 1689, 1716, 1047, 518, 519, 2036, 1965, 1958, 1183, 735, 734, 2256, 2934, 2933, 666, 750, 101, 1145, 2777, 2620, 2955, 836, 530, 131, 968, 1673, 1575, 1349, 3085, 2405, 1605, 2110, 1766, 2111, 613, 1604, 2827, 3106, 2437, 1582, 295, 2566, 2459, 2517, 2519, 2293, 2590, 2364, 2846, 2677, 2903, 2902, 587, 1387, 990, 1214, 1668, 243, 2811, 2694, 665, 2869, 654, 2055, 1318, 1741, 2665, 1693, 2625, 2417, 2475, 1814, 1390, 1260, 549, 1707, 163, 293, 1677, 1678, 2245, 1026, 228, 206, 2779, 2554, 2302, 1041, 3135, 381, 2798, 2209, 2057, 3205, 1479, 2222, 2220, 2837, 255, 3005, 2299, 2048, 57, 268, 647, 715, 1971, 190, 2470, 2471, 918, 917, 1367, 1853, 2605, 1061, 2991, 2990, 2312, 2495, 2270, 2271, 2879, 2014, 2415, 71, 2188, 2278, 3026, 1319, 1774, 3094, 2679, 2676, 399, 407, 1014, 1405, 636, 1004, 1111, 1087, 1500, 494, 1534, 1231, 2462, 2453, 23, 2228, 1278, 1279, 2899, 1505, 73, 3018, 1341, 2600, 1569, 2802, 1587, 402, 2399, 923, 2353, 3039, 173, 2989, 2911, 2230, 908, 1966, 20, 2929, 1426, 975, 1196, 631, 2227, 2279, 2731, 264, 2823, 2295, 332, 3006, 1718, 1175, 1592, 346, 2826, 428, 417, 2276, 2253, 694, 893, 1124, 2614, 2477, 1768, 1229, 1204, 978, 1209, 2653, 1994, 277, 279, 2699, 252, 253, 2375, 437, 1731, 1286, 2291, 979, 2203, 591, 590, 1666, 1551, 991, 1541, 3211, 559, 556, 1478, 1611, 409, 1539, 2514, 2749, 1085, 323, 326, 2124, 2555, 3081, 698, 160, 313, 1875, 378, 158, 764, 989, 81, 2246, 517, 1020, 1244, 3117, 351, 1833, 2703, 2479, 486, 2765, 931, 744, 1143, 1822, 2814, 439, 1627, 2174, 223, 684, 3003, 3230, 2087, 304, 1035, 1982, 1962, 2500, 2502, 2231, 2106, 950, 723, 843, 1025, 1664, 754, 1686, 2389, 94, 2709, 2724, 1636, 2655, 1113, 812, 1267, 2040, 699, 2316, 2543, 739, 1413, 1637, 670, 671, 2821, 2745, 2333, 688, 2576, 2385, 2994, 2992, 562, 2760, 1603, 2283, 954, 1410, 667, 1572, 1839, 398, 1142, 421, 2211, 2599, 262, 1149, 1141, 1139, 1779, 1207, 981, 982, 2645, 2871, 3199, 479, 2972, 1724, 2380, 2715, 3167, 53, 1515, 1743, 2909, 2325, 2326, 3169, 2683, 2701, 602, 204, 1522, 1069, 276, 2131, 469, 1547, 1095, 1321, 515, 2143, 263, 265, 3204, 420, 390, 1595, 1820, 207, 3103, 2425, 609, 68, 2436, 1195, 697, 695, 2629, 1662, 759, 1583, 3174, 1876, 1043, 561, 311, 79, 2199, 3080, 2860, 1213, 1354, 2189, 3011, 2558, 2352, 1031, 805, 1259, 52, 2176, 2718, 1002, 1542, 566, 1838, 1554, 3225, 2809, 2924, 1308, 2591, 740, 2159, 1999, 2247, 896, 114, 1585, 1362, 554, 2306, 2224, 11, 2446, 2261, 2301, 99, 1466, 1309, 1327, 1329, 2633, 330, 3140, 404, 1617, 1620, 480, 55, 2882, 1615, 643, 2849, 871, 873, 1856, 1866, 1009, 2728, 594, 1455, 2770, 3022, 2117, 2094, 2085, 756, 758, 985, 2998, 2127, 109, 111, 2365, 61, 2426, 2868, 1573, 1574, 1348, 2317, 1359, 911, 156, 2454, 2226, 21, 1903, 1911, 1380, 1277, 516, 1727, 1726, 2262, 2047, 1501, 2367, 790, 1013, 1012, 1225, 925, 926, 39, 2237, 82, 78, 495, 1748, 2249, 1717, 1127, 1353, 969, 450, 3038, 2050, 447, 3173, 3175, 1922, 1943, 2213, 2, 2578, 5, 2894, 2215, 1372, 2583, 1150, 1151, 38, 35, 3083, 1684, 2885, 3111, 2236, 2288, 2421, 2874, 588, 996, 501, 511, 7, 6, 45, 1351, 478, 2973, 1510, 539, 1713, 557, 1535, 1760, 687, 1660, 755, 3150, 2340, 3082, 1108, 1107, 2058, 1332, 1559, 1783, 1070, 1527, 548, 366, 1093, 837, 1502, 823, 86, 2478, 3155, 273, 1996, 2018, 1692, 1937, 1235, 1365, 1364, 1818, 1064, 2758, 2759, 1590, 1815, 2951, 2950, 2949, 2464, 1719, 815, 1171, 719, 271, 2135, 108, 2268, 3183, 3181, 2332, 788, 2134, 2588, 2803, 3210, 2534, 246, 2687, 2684, 2907, 1781, 1217, 3007, 396, 1350, 1646, 2807, 2581, 3036, 1787, 2658, 2754, 1153, 1377, 1102, 1101, 1959, 2061, 2063, 1237, 781, 1799, 153, 894, 892, 1119, 703, 733, 743, 291, 999, 2886, 1023, 542, 1711, 1710, 1708, 1254, 1458, 2835, 3060, 2616, 2163, 2035, 2015, 861, 862, 1543, 2736, 597, 595, 309, 310, 2179, 2180, 1738, 3076, 222, 54, 2663, 3156, 3151, 3046, 1373, 1326, 1681, 1679, 998, 213, 2820, 2831, 2607, 2551, 2550, 1588, 2678, 46, 994, 2866, 3092, 2782, 2763, 1935, 361, 1300, 1075, 852, 1591, 1366, 1136, 2294, 2290, 645, 1159, 933, 1671, 133, 2727, 2274, 2935, 3030, 319, 2028, 382, 1610, 473, 895, 830, 773, 1215, 166, 2303, 1045, 2239, 2467, 171, 2310, 2535, 2751, 391, 2919, 2383]
>>> test_sol[1]         
np.float64(0.018338712480617757)
>>> test_sol[2]
np.int64(14)
external expanded: [1400, (73.5, 33.21052631578947), (40.5, 52.57894736842105), (105.8999999999999, 32.0), (92.10000000000001, 32.0), (84.89999999999998, 34.42105263157894), (20.7, 51.97368421052631), (39.900000000000006, 53.78947368421053), 6013, 42, 5447, (80.69999999999999, 32.0), (137.7, 33.81578947368421), (47.699999999999996, 34.42105263157894), (118.5, 33.81578947368421), (45.300000000000004, 55.0), (99.89999999999998, 34.42105263157894), (98.69999999999999, 53.18421052631579), 6000, (126.29999999999998, 52.57894736842105), (97.5, 55.0), (152.70000000000002, 47.73684210526316), (152.70000000000002, 42.289473684210535), 5444, (33.9, 55.0), (153.9, 33.21052631578947), (78.3, 53.18421052631579), (81.30000000000001, 55.0), (80.69999999999999, 55.0), (122.10000000000001, 54.39473684210526), 3607, 239, (20.7, 45.315789473684205), 1725, (92.69999999999999, 53.78947368421053), 5749, (93.3, 33.21052631578947), 5991, (66.3, 33.21052631578947), (50.7, 33.21052631578947), (53.099999999999994, 54.39473684210526), (20.099999999999998, 38.6578947368421), 5757, (94.5, 33.21052631578947), (24.3, 33.81578947368421), (24.3, 34.42105263157894), (91.5, 33.21052631578947), (21.9, 33.81578947368421), (23.1, 34.42105263157894), (147.9, 52.57894736842105), 4272, (40.5, 55.0), (43.5, 34.42105263157894), 2390, (20.099999999999998, 36.842105263157904), 26, (41.099999999999994, 33.81578947368421), (28.5, 32.0), (60.9, 52.57894736842105), (77.69999999999999, 53.78947368421053), (95.7, 33.21052631578947), (83.10000000000001, 32.0), 2097, (130.5, 54.39473684210526), (20.099999999999998, 42.289473684210535), (63.9, 33.21052631578947), 5670, 5473, 5472, 5471, 5470, 5469, 5468, 5467, 5466, (73.5, 34.42105263157894), (134.7, 52.57894736842105), (90.9, 55.0), (45.300000000000004, 52.57894736842105), (22.5, 33.81578947368421), (153.9, 33.81578947368421), (135.3, 33.81578947368421), (32.7, 32.0), 5857, (117.30000000000001, 52.57894736842105), (149.10000000000002, 32.0), (68.69999999999999, 33.21052631578947), (108.8999999999999, 52.57894736842105), (98.10000000000001, 33.21052631578947), (132.29999999999998, 52.57894736842105), (48.3, 32.60526315789474), 5194, 5936, (111.8999999999999, 55.0), (56.69999999999999, 53.78947368421053), (25.5, 52.57894736842105), (153.2999999999999, 36.842105263157904), (62.69999999999999, 32.0), (91.5, 53.18421052631579), (149.7, 34.42105263157894), (21.9, 41.684210526315795), (105.8999999999999, 53.18421052631579), (147.3, 34.42105263157894), (58.5, 53.18421052631579), (47.099999999999994, 53.18421052631579), (30.9, 33.21052631578947), 21, (63.3, 32.0), (38.099999999999994, 53.78947368421053), (48.3, 34.42105263157894), (52.5, 33.21052631578947), (70.5, 54.39473684210526), (35.099999999999994, 54.39473684210526), (123.89999999999989, 53.18421052631579), 5674, 5477, 5673, 449, 5891, (20.7, 42.89473684210526), (37.5, 32.0), (34.5, 32.60526315789474), 5465, 20, 6047, 6048, (27.9, 53.18421052631579), (122.10000000000001, 33.21052631578947), (30.29999999999999, 55.0), (42.300000000000004, 34.42105263157894), (120.30000000000001, 54.39473684210526), 1752, 6061, (86.7, 32.60526315789474), (70.5, 53.18421052631579), (81.89999999999999, 32.60526315789474), (79.5, 53.78947368421053), 2076, 1722, 2075, (126.29999999999998, 34.42105263157894), (38.7, 32.60526315789474), 5657, (30.29999999999999, 33.21052631578947), (40.5, 33.21052631578947), (75.9, 53.78947368421053), (72.30000000000001, 54.39473684210526), (110.7, 32.0), (83.69999999999999, 33.21052631578947), (154.5, 49.55263157894737), (152.70000000000002, 35.631578947368425), (30.29999999999999, 53.78947368421053), 2397, 1736, (95.1, 34.42105263157894), (33.3, 53.18421052631579), (21.299999999999997, 53.18421052631579), (20.099999999999998, 52.57894736842105), (20.7, 53.78947368421053), (57.300000000000004, 34.42105263157894), (35.099999999999994, 32.60526315789474), (56.1, 53.18421052631579), (57.300000000000004, 55.0), 1751, (146.70000000000002, 53.18421052631579), 5181, 6072, 5664, (143.1, 52.57894736842105), (136.5, 32.60526315789474), (19.5, 39.86842105263157), (152.1, 38.05263157894737), (69.9, 33.21052631578947), (81.30000000000001, 52.57894736842105), 338, (86.7, 53.78947368421053), (61.5, 33.21052631578947), (80.1, 54.39473684210526), (101.1, 32.0), (65.1, 33.81578947368421), (65.1, 52.57894736842105), 2048, 2395, (21.9, 46.52631578947368), (21.299999999999997, 46.52631578947368), (21.9, 36.236842105263165), 5429, (116.7, 55.0), (77.1, 53.78947368421053), (95.7, 53.78947368421053), (81.89999999999999, 32.0), (90.3, 53.78947368421053), (130.5, 55.0), (48.3, 55.0), (43.5, 33.21052631578947), (26.7, 32.60526315789474), 4947, (132.29999999999998, 53.18421052631579), (140.1, 34.42105263157894), 5425, (41.099999999999994, 54.39473684210526), (19.5, 44.710526315789465), (70.5, 55.0), (19.5, 36.842105263157904), (112.5, 55.0), (153.2999999999999, 48.94736842105263), (121.50000000000001, 34.42105263157894), (151.5, 32.0), (153.2999999999999, 42.289473684210535), (116.10000000000001, 32.60526315789474), (107.1, 55.0), (149.7, 54.39473684210526), 5431, 6066, (29.1, 33.81578947368421), (117.89999999999989, 33.21052631578947), (41.099999999999994, 32.0), 2506, (131.1, 32.60526315789474), (104.1, 55.0), (74.69999999999999, 33.81578947368421), (116.10000000000001, 55.0), (58.5, 33.21052631578947), (30.9, 53.78947368421053), 5758, 5759, 5760, 5761, 5762, 5763, 5764, 5765, 5909, 43, (80.1, 53.18421052631579), (115.5, 53.18421052631579), (153.9, 39.26315789473684), (51.900000000000006, 55.0), (68.10000000000001, 33.21052631578947), (114.3, 34.42105263157894), 5990, (20.099999999999998, 41.684210526315795), 2374, (109.5, 33.21052631578947), (86.7, 54.39473684210526), (101.1, 32.60526315789474), (52.5, 53.18421052631579), (21.299999999999997, 51.97368421052631), (20.099999999999998, 44.10526315789474), (23.1, 55.0), (26.7, 34.42105263157894), (22.5, 34.42105263157894), (35.099999999999994, 33.81578947368421), (57.9, 33.21052631578947), (119.10000000000001, 52.57894736842105), (119.7, 52.57894736842105), (21.299999999999997, 49.55263157894737), (68.10000000000001, 32.60526315789474), (33.9, 34.42105263157894), (35.7, 34.42105263157894), (36.9, 33.81578947368421), (118.5, 53.18421052631579), (111.3, 53.78947368421053), (150.89999999999998, 55.0), 5453, (20.7, 35.631578947368425), (134.7, 54.39473684210526), (144.3, 54.39473684210526), (56.1, 32.60526315789474), 6056, 5926, 1998, (32.7, 53.78947368421053), (41.099999999999994, 55.0), (146.1, 55.0), 1737, (72.9, 52.57894736842105), (101.1, 53.78947368421053), (65.69999999999999, 33.21052631578947), (21.299999999999997, 37.44736842105263), (138.8999999999999, 53.78947368421053), (139.5, 54.39473684210526), 5663, (56.69999999999999, 53.18421052631579), (134.1, 33.21052631578947), (121.50000000000001, 32.60526315789474), 5432, (145.5, 34.42105263157894), (147.9, 32.0), (140.7, 32.0), (152.70000000000002, 36.842105263157904), (117.89999999999989, 53.78947368421053), (40.5, 32.0), (74.1, 53.18421052631579), (20.099999999999998, 41.07894736842105), (122.7, 54.39473684210526), (89.1, 53.18421052631579), (152.70000000000002, 49.55263157894737), (152.70000000000002, 50.15789473684211), (152.70000000000002, 50.763157894736835), (111.3, 52.57894736842105), (115.5, 55.0), (118.5, 53.78947368421053), (84.89999999999998, 55.0), (42.300000000000004, 53.78947368421053), (26.099999999999998, 34.42105263157894), (77.69999999999999, 32.60526315789474), (49.5, 34.42105263157894), (29.1, 32.60526315789474), (19.5, 32.60526315789474), (21.299999999999997, 33.21052631578947), (20.099999999999998, 35.02631578947368), (95.1, 32.0), (21.9, 43.5), (68.69999999999999, 53.18421052631579), (104.1, 53.18421052631579), (108.3, 33.81578947368421), (88.5, 55.0), (125.70000000000002, 54.39473684210526), (55.5, 32.0), (154.5, 48.94736842105263), (20.7, 48.34210526315789), (114.3, 53.18421052631579), (62.1, 32.60526315789474), (141.3, 54.39473684210526), (103.49999999999999, 32.60526315789474), (154.5, 47.13157894736842), (114.89999999999992, 33.81578947368421), (149.10000000000002, 32.60526315789474), (153.9, 48.94736842105263), (63.9, 55.0), (107.69999999999999, 55.0), (121.50000000000001, 55.0), 5686, (44.699999999999996, 32.60526315789474), (21.9, 50.763157894736835), (66.9, 34.42105263157894), (33.9, 54.39473684210526), (59.1, 33.21052631578947), (132.29999999999998, 33.81578947368421), 3166, 5698, (45.9, 54.39473684210526), 228, (77.1, 54.39473684210526), (128.7, 34.42105263157894), (20.099999999999998, 34.42105263157894), (152.70000000000002, 48.94736842105263), (97.5, 54.39473684210526), (29.1, 34.42105263157894), (92.69999999999999, 52.57894736842105), 5448, (54.900000000000006, 53.18421052631579), (40.5, 54.39473684210526), (85.5, 53.78947368421053), (152.1, 41.07894736842105), (152.1, 39.26315789473684), 6015, (152.1, 36.236842105263165), (122.7, 55.0), 2379, (65.1, 53.18421052631579), (71.69999999999999, 53.78947368421053), 5428, (53.69999999999999, 33.81578947368421), (47.099999999999994, 34.42105263157894), 231, (66.3, 53.78947368421053), (152.1, 33.81578947368421), (35.7, 52.57894736842105), (100.49999999999999, 32.0), (66.3, 52.57894736842105), 5647, 5894, (119.10000000000001, 53.78947368421053), 5446, (31.5, 53.18421052631579), (90.9, 53.78947368421053), 2353, 5992, (72.9, 32.60526315789474), (27.9, 32.0), (53.69999999999999, 55.0), 6053, 6067, (128.7, 53.78947368421053), 5997, (106.5, 55.0), (137.1, 32.60526315789474), (138.3, 33.21052631578947), (147.9, 34.42105263157894), (35.7, 55.0), (143.1, 33.21052631578947), (152.1, 40.47368421052631), (152.1, 48.34210526315789), (47.099999999999994, 33.81578947368421), (90.9, 34.42105263157894), (87.89999999999999, 55.0), (87.30000000000001, 55.0), 6044, 5842, (33.3, 53.78947368421053), (89.1, 52.57894736842105), 5441, (32.7, 54.39473684210526), (33.3, 55.0), (68.10000000000001, 54.39473684210526), (42.9, 34.42105263157894), (38.7, 53.18421052631579), (99.89999999999998, 54.39473684210526), (21.299999999999997, 40.47368421052631), (93.89999999999999, 33.21052631578947), (133.5, 53.18421052631579), (114.3, 54.39473684210526), 230, (115.5, 33.21052631578947), (137.7, 55.0), (128.10000000000002, 33.21052631578947), (127.49999999999999, 54.39473684210526), (128.7, 33.81578947368421), (113.1, 33.21052631578947), (112.5, 33.21052631578947), (25.5, 54.39473684210526), (108.3, 33.21052631578947), (125.1, 32.60526315789474), 441, (141.89999999999992, 34.42105263157894), (113.1, 32.60526315789474), (96.89999999999999, 34.42105263157894), (53.099999999999994, 34.42105263157894), (20.099999999999998, 35.631578947368425), (21.9, 35.631578947368425), (62.1, 33.81578947368421), 2084, (44.699999999999996, 53.78947368421053), 220, (117.89999999999989, 33.81578947368421), (117.89999999999989, 54.39473684210526), (47.099999999999994, 33.21052631578947), (45.9, 32.0), 5684, 5487, 5683, (90.9, 53.18421052631579), (42.300000000000004, 54.39473684210526), (146.1, 52.57894736842105), (125.70000000000002, 33.21052631578947), (33.9, 52.57894736842105), (27.9, 54.39473684210526), (66.3, 32.0), (153.2999999999999, 32.0), (127.49999999999999, 33.81578947368421), (114.89999999999992, 55.0), (129.8999999999999, 32.0), (83.10000000000001, 33.21052631578947), (53.69999999999999, 53.18421052631579), (97.5, 52.57894736842105), (118.5, 55.0), 5682, 5485, 5681, (99.3, 33.81578947368421), (93.89999999999999, 55.0), (116.7, 32.60526315789474), (108.8999999999999, 33.81578947368421), (99.89999999999998, 33.21052631578947), (26.099999999999998, 52.57894736842105), (80.69999999999999, 53.18421052631579), 2052, (148.5, 53.78947368421053), (51.3, 54.39473684210526), (39.300000000000004, 32.60526315789474), (90.9, 33.21052631578947), (135.89999999999992, 54.39473684210526), 5902, (148.5, 55.0), 4275, 4276, 4277, 4278, 4279, 4280, 4281, 4282, 4283, 4284, 4285, 4286, 4287, 4288, 4289, 4290, 4291, 4292, 4293, 4294, 4295, 4296, 4297, 4298, 4299, 4300, 4301, 4302, 4303, 4304, 4305, 4306, 4307, 4308, 4309, 4310, 4311, 4312, 4313, 4314, 4315, 4316, 4317, 4318, 4319, 4320, 4321, 4322, 4323, 4324, 4325, 4326, 4327, 4328, 4329, 4330, 4331, 4332, 4333, 4334, 4335, 4336, 4337, 4338, 4339, 4340, 4341, 4342, 4343, 4344, 4345, 4346, 4347, 4348, 4349, 4350, 4351, 4352, 4353, 4354, 4355, 4356, 4357, 4358, 4359, 4360, 4361, 4362, 4363, 4364, 4365, 4366, 4367, 4368, 4369, 4370, 4371, 4372, 4373, 4374, 4375, 4376, 4377, 4378, 4379, 4380, 4381, 4382, 4383, 4384, 4385, 4386, 4387, 4388, 4389, 4390, 4391, 4392, 4393, 4394, 4395, 4396, 4397, 4398, 4399, 4400, 4401, 4402, 4403, 4404, 4405, 4406, 4407, 4408, 4409, 4410, 4411, 4412, 4413, 4414, 4415, 4416, 4417, 4418, 4419, 4420, 4421, 4422, 4423, 4424, 4425, 4426, 4427, 4428, 4429, 4430, 4431, 4432, 4433, 4434, 4435, 4436, 4437, 4438, 4439, 4440, 4441, 4442, 4443, 4444, 4445, 4446, 4447, 4448, 4449, 4450, 4451, 4452, 4453, 4454, 4455, 4456, 4457, 4458, 4459, 4460, 4461, 4462, 4463, 4464, 4465, 4466, 4467, 4468, 4469, 4470, 4471, 4472, 4473, 4474, 4475, 4476, 4477, 4478, 4479, 4480, 4481, 4482, 4483, 4484, 4485, 4486, 4487, 4488, 4489, 4490, 4491, 4492, 4493, (99.89999999999998, 33.81578947368421), (120.30000000000001, 53.18421052631579), (108.3, 32.60526315789474), (107.1, 54.39473684210526), 2388, (76.5, 53.78947368421053), 212, (89.1, 33.81578947368421), (111.8999999999999, 32.60526315789474), (150.2999999999999, 55.0), (29.1, 33.21052631578947), 1416, (122.7, 33.81578947368421), (125.1, 53.78947368421053), 6037, (36.3, 33.81578947368421), 5772, (51.900000000000006, 53.78947368421053), (71.69999999999999, 32.0), 5196, 5197, 5198, 5199, 5200, 5201, 5202, 5203, 5204, 5205, 5206, 5207, 5208, 5209, 5210, 5211, 5212, 5213, 5214, 5215, 5216, 5217, 5218, 5219, 5220, 5221, 5222, 5223, 5224, 5225, 5226, 5227, 5228, 5229, 5230, 5231, 5232, 5233, 5234, 5235, 5236, 5237, 5238, 5239, 5240, 5241, 5242, 5243, 5244, 5245, 5246, 5247, 5248, 5249, 5250, 5251, 5252, 5253, 5254, 5255, 5256, 5257, 5258, 5259, 5260, 5261, 5262, 5263, 5264, 5265, 5266, 5267, 5268, 5269, 5270, 5271, 5272, 5273, 5274, 5275, 5276, 5277, 5278, 5279, 5280, 5281, 5282, 5283, 5284, 5285, 5286, 5287, 5288, 5289, 5290, 5291, 5292, 5293, 5294, 5295, 5296, 5297, 5298, 5299, 5300, 5301, 5302, 5303, 5304, 5305, 5306, 5307, 5308, 5309, 5310, 5311, 5312, 5313, 5314, 5315, 5316, 5317, 5318, 5319, 5320, 5321, 5322, 5323, 5324, 5325, 5326, 5327, 5328, 5329, 5330, 5331, 5332, 5333, 5334, 5335, 5336, 5337, 5338, 5339, 5340, 5341, 5342, 5343, 5344, 5345, 5346, 5347, 5348, 5349, 5350, 5351, 5352, 5353, 5354, 5355, 5356, 5357, 5358, 5359, 5360, 5361, 5362, 5363, 5364, 5365, 5366, 5367, 5368, 5369, 5370, 5371, 5372, 5373, 5374, 5375, 5376, 5377, 5378, 5379, 5380, 5381, 5382, 5383, 5384, 5385, 5386, 5387, 5388, 5389, 5390, 5391, 5392, 5393, 5394, 5395, 5396, 5397, 5398, 5399, 5400, 5401, 5402, 5403, 5404, 5405, 5406, 5407, 5408, 5409, 5410, 5411, 5412, (132.89999999999992, 53.18421052631579), 2378, 1399, (83.69999999999999, 34.42105263157894), 5182, 5183, 5184, 5185, 4956, 4958, 4957, 4955, 4954, 4953, 4952, 4951, 5179, 4720, (38.7, 52.57894736842105), (21.9, 42.289473684210535), (20.7, 55.0), 6054, (139.5, 33.81578947368421), (112.5, 52.57894736842105), 207, (39.300000000000004, 54.39473684210526), (103.49999999999999, 53.18421052631579), (60.300000000000004, 53.18421052631579), (117.89999999999989, 53.18421052631579), (35.099999999999994, 55.0), (82.5, 53.78947368421053), (125.70000000000002, 52.57894736842105), 4494, (21.9, 49.55263157894737), (137.1, 32.0), 51, (153.9, 54.39473684210526), (20.099999999999998, 44.710526315789465), (21.299999999999997, 33.81578947368421), (27.9, 55.0), (41.7, 34.42105263157894), (19.5, 53.78947368421053), (46.5, 33.21052631578947), (42.300000000000004, 32.0), (20.099999999999998, 47.13157894736842), (90.3, 34.42105263157894), (71.10000000000001, 53.78947368421053), (79.5, 33.81578947368421), (19.5, 54.39473684210526), (66.3, 53.18421052631579), (129.8999999999999, 54.39473684210526), 451, (77.1, 52.57894736842105), 918, (47.099999999999994, 32.60526315789474), (47.699999999999996, 32.60526315789474), (105.3, 54.39473684210526), (107.1, 53.78947368421053), 1740, (50.09999999999999, 52.57894736842105), 59, (21.9, 51.97368421052631), 5646, 5440, (41.099999999999994, 33.21052631578947), (102.8999999999999, 33.21052631578947), (20.099999999999998, 49.55263157894737), (107.1, 52.57894736842105), (20.7, 40.47368421052631), (96.89999999999999, 32.60526315789474), (53.099999999999994, 53.18421052631579), (123.89999999999989, 32.60526315789474), 5925, 920, (89.7, 52.57894736842105), (101.69999999999999, 52.57894736842105), (50.09999999999999, 32.60526315789474), (119.7, 53.78947368421053), (153.2999999999999, 39.26315789473684), (152.1, 53.18421052631579), (98.69999999999999, 33.21052631578947), 5694, 5983, (41.099999999999994, 32.60526315789474), (73.5, 53.78947368421053), (101.69999999999999, 53.18421052631579), 2352, 6046, (130.5, 53.18421052631579), (90.3, 54.39473684210526), 910, (44.099999999999994, 53.78947368421053), (44.699999999999996, 33.81578947368421), (34.5, 32.0), (141.3, 52.57894736842105), (24.900000000000002, 53.18421052631579), (105.3, 32.0), (67.5, 53.78947368421053), 1056, 1546, (107.1, 33.21052631578947), 6031, (152.1, 43.5), (20.7, 33.21052631578947), (132.29999999999998, 32.60526315789474), (127.49999999999999, 53.18421052631579), (138.3, 32.0), (104.69999999999999, 32.0), (141.3, 33.21052631578947), (93.3, 32.60526315789474), (79.5, 55.0), (54.3, 32.60526315789474), 27, (36.3, 52.57894736842105), (38.099999999999994, 53.18421052631579), (21.9, 52.57894736842105), (62.69999999999999, 53.18421052631579), (115.5, 32.60526315789474), (150.89999999999998, 52.57894736842105), (153.2999999999999, 33.81578947368421), (96.30000000000001, 32.0), (153.2999999999999, 48.34210526315789), (71.10000000000001, 32.0), (67.5, 32.60526315789474), (57.9, 53.18421052631579), (55.5, 33.21052631578947), 5658, 2365, 22, (121.50000000000001, 53.78947368421053), (122.10000000000001, 53.78947368421053), 915, 16, (30.29999999999999, 32.60526315789474), (83.10000000000001, 55.0), 442, (74.69999999999999, 52.57894736842105), 34, 3827, 3826, 3825, 3824, 3823, 3822, 3821, 3820, 3819, 3818, 3817, 3816, 3815, 3814, 3813, 3812, 3811, 3810, 3809, 3808, 3807, 3806, 3805, 3804, 3803, 3802, 3801, 3800, 3799, 3798, 3797, 3796, 3795, 3794, 3793, 3792, 3791, 3790, 3789, 3788, 3787, 3786, 3785, 3784, 3783, 3782, 3781, 3780, 3779, 3778, 3777, 3776, 3775, 3774, 3773, 3772, 3771, 3770, 3769, 3768, 3767, 3766, 3765, 3764, 3763, 3762, 3761, 3760, 3759, 3758, 3757, 3756, 3755, 3754, 3753, 3752, 3751, 3750, 3749, 3748, 3747, 3746, 3745, 3744, 3743, 3742, 3741, 3740, 3739, 3738, 3737, 3736, 3735, 3734, 3733, 3732, 3731, 3730, 3729, 3728, 3727, 3726, 3725, 3724, 3723, 3722, 3721, 3720, 3719, 3718, 3717, 3716, 3715, 3714, 3713, 3712, 3711, 3710, 3709, 3708, 3707, 3706, 3705, 3704, 3703, 3702, 3701, 3700, 3699, 3698, 3697, 3696, 3695, 3694, 3693, 3692, 3691, 3690, 3689, 3688, 3687, 3686, 3685, 3684, 3683, 3682, 3681, 3680, 3679, 3678, 3677, 3676, 3675, 3674, 3673, 3672, 3671, 3670, 3669, 3668, 3667, 3666, 3665, 3664, 3663, 3662, 3661, 3660, 3659, 3658, 3657, 3656, 3655, 3654, 3653, 3652, 3651, 3650, 3649, 3648, 3647, 3646, 3645, 3644, 3643, 3642, 3641, 3640, 3639, 3638, 3637, 3636, 3635, 3634, 3633, 3632, 3631, 3630, 3629, 3628, 3627, 3626, 3625, 3624, 3623, 3622, 3621, 3620, 3619, 3618, 3617, 3616, 3615, 3614, 3613, 3612, 3832, (153.2999999999999, 36.236842105263165), (126.8999999999999, 54.39473684210526), (110.1, 53.18421052631579), (101.69999999999999, 53.78947368421053), (73.5, 55.0), (119.7, 34.42105263157894), (59.1, 54.39473684210526), (97.5, 33.21052631578947), (120.89999999999989, 54.39473684210526), (116.7, 32.0), (152.1, 32.60526315789474), (73.5, 53.18421052631579), (84.3, 52.57894736842105), (55.5, 53.18421052631579), 5848, (61.5, 32.60526315789474), (60.9, 32.60526315789474), (60.9, 33.21052631578947), (92.10000000000001, 33.81578947368421), (128.7, 33.21052631578947), (21.299999999999997, 39.86842105263157), (21.299999999999997, 39.26315789473684), 447, 5436, (32.1, 32.60526315789474), (81.89999999999999, 52.57894736842105), (130.5, 32.0), (20.099999999999998, 32.60526315789474), (44.699999999999996, 55.0), (24.3, 32.60526315789474), (96.89999999999999, 32.0), (152.70000000000002, 45.92105263157894), (38.099999999999994, 32.0), (154.5, 39.26315789473684), 1719, 2104, 1417, 1418, 1419, 1420, 925, 924, 923, 922, 921, (74.69999999999999, 32.60526315789474), (129.29999999999998, 32.0), (113.1, 53.18421052631579), (91.5, 54.39473684210526), (154.5, 34.42105263157894), (102.8999999999999, 53.78947368421053), (50.7, 52.57894736842105), (102.8999999999999, 32.60526315789474), (21.299999999999997, 42.89473684210526), 1739, (52.5, 55.0), (64.5, 53.78947368421053), (153.2999999999999, 41.07894736842105), (53.69999999999999, 34.42105263157894), (29.1, 53.78947368421053), 2083, (100.49999999999999, 55.0), (35.7, 53.78947368421053), 2070, 1716, 2069, (31.5, 54.39473684210526), (79.5, 32.60526315789474), (77.69999999999999, 32.0), (154.5, 52.57894736842105), (153.9, 53.18421052631579), 3831, 3611, 3610, 30, 38, (20.099999999999998, 42.89473684210526), (47.099999999999994, 52.57894736842105), (153.2999999999999, 37.44736842105263), (154.5, 35.631578947368425), 5937, (125.1, 33.21052631578947), (152.1, 51.97368421052631), (154.5, 48.34210526315789), 53, (53.099999999999994, 52.57894736842105), 224, (19.5, 45.315789473684205), 5654, (38.099999999999994, 34.42105263157894), (20.7, 36.236842105263165), (142.5, 34.42105263157894), (57.300000000000004, 52.57894736842105), (57.300000000000004, 53.18421052631579), (104.69999999999999, 53.18421052631579), (87.30000000000001, 32.0), 5655, (75.9, 33.81578947368421), (37.5, 33.81578947368421), (27.3, 55.0), (144.3, 32.0), (69.9, 32.60526315789474), (24.900000000000002, 33.21052631578947), (57.9, 33.81578947368421), (21.299999999999997, 44.710526315789465), (132.29999999999998, 55.0), (107.1, 34.42105263157894), (26.099999999999998, 32.0), (111.3, 53.18421052631579), (36.9, 33.21052631578947), (68.69999999999999, 55.0), 5896, (116.10000000000001, 52.57894736842105), (68.69999999999999, 34.42105263157894), (137.1, 54.39473684210526), (93.89999999999999, 32.60526315789474), (46.5, 53.78947368421053), 44, (80.69999999999999, 53.78947368421053), (131.7, 33.21052631578947), (29.699999999999996, 53.18421052631579), 156, 157, (126.8999999999999, 32.0), (116.10000000000001, 33.81578947368421), (102.3, 33.21052631578947), (19.5, 39.26315789473684), (80.1, 55.0), (37.5, 33.21052631578947), (38.7, 33.21052631578947), (39.900000000000006, 32.0), (87.89999999999999, 54.39473684210526), 32, (39.900000000000006, 55.0), (35.7, 33.21052631578947), (35.099999999999994, 32.0), (33.9, 32.0), 3390, 3391, 3392, 3393, 3394, 3395, 3396, 3397, 3398, 3399, 3400, 3401, 3402, 3403, 3404, 3405, 3406, 3407, 3408, 3409, 3410, 3411, 3412, 3413, 3414, 3415, 3416, 3417, 3418, 3419, 3420, 3421, 3422, 3423, 3424, 3425, 3426, 3427, 3428, 3429, 3430, 3431, 3432, 3433, 3434, 3435, 3436, 3437, 3438, 3439, 3440, 3441, 3442, 3443, 3444, 3445, 3446, 3447, 3448, 3449, 3450, 3451, 3452, 3453, 3454, 3455, 3456, 3457, 3458, 3459, 3460, 3461, 3462, 3463, 3464, 3465, 3466, 3467, 3468, 3469, 3470, 3471, 3472, 3473, 3474, 3475, 3476, 3477, 3478, 3479, 3480, 3481, 3482, 3483, 3484, 3485, 3486, 3487, 3488, 3489, 3490, 3491, 3492, 3493, 3494, 3495, 3496, 3497, 3498, 3499, 3500, 3501, 3502, 3503, 3504, 3505, 3506, 3507, 3508, 3509, 3510, 3511, 3512, 3513, 3514, 3515, 3516, 3517, 3518, 3519, 3520, 3521, 3522, 3523, 3524, 3525, 3526, 3527, 3528, 3529, 3530, 3531, 3532, 3533, 3534, 3535, 3536, 3537, 3538, 3539, 3540, 3541, 3542, 3543, 3544, 3545, 3546, 3547, 3548, 3549, 3550, 3551, 3552, 3553, 3554, 3555, 3556, 3557, 3558, 3559, 3560, 3561, 3562, 3563, 3564, 3565, 3566, 3567, 3568, 3569, 3570, 3571, 3572, 3573, 3574, 3575, 3576, 3577, 3578, 3579, 3580, 3581, 3582, 3583, 3584, 3585, 3586, 3587, 3588, 3589, 3590, 3591, 3592, 3593, 3594, 3595, 3596, 3597, 3598, 3599, 3600, 3601, 3602, 3603, 3604, 3605, 3606, 3384, 3383, 3382, 3381, 3380, 3379, 3378, 3377, 3376, 3375, 3374, 3373, 3372, 3371, 3370, 3369, 3368, 3367, 3366, 3365, 3364, 3363, 3362, 3361, 3360, 3359, 3358, 3357, 3356, 3355, 3354, 3353, 3352, 3351, 3350, 3349, 3348, 3347, 3346, 3345, 3344, 3343, 3342, 3341, 3340, 3339, 3338, 3337, 3336, 3335, 3334, 3333, 3332, 3331, 3330, 3329, 3328, 3327, 3326, 3325, 3324, 3323, 3322, 3321, 3320, 3319, 3318, 3317, 3316, 3315, 3314, 3313, 3312, 3311, 3310, 3309, 3308, 3307, 3306, 3305, 3304, 3303, 3302, 3301, 3300, 3299, 3298, 3297, 3296, 3295, 3294, 3293, 3292, 3291, 3290, 3289, 3288, 3287, 3286, 3285, 3284, 3283, 3282, 3281, 3280, 3279, 3278, 3277, 3276, 3275, 3274, 3273, 3272, 3271, 3270, 3269, 3268, 3267, 3266, 3265, 3264, 3263, 3262, 3261, 3260, 3259, 3258, 3257, 3256, 3255, 3254, 3253, 3252, 3251, 3250, 3249, 3248, 3247, 3246, 3245, 3244, 3243, 3242, 3241, 3240, 3239, 3238, 3237, 3236, 3235, 3234, 3233, 3232, 3231, 3230, 3229, 3228, 3227, 3226, 3225, 3224, 3223, 3222, 3221, 3220, 3219, 3218, 3217, 3216, 3215, 3214, 3213, 3212, 3211, 3210, 3209, 3208, 3207, 3206, 3205, 3204, 3203, 3202, 3201, 3200, 3199, 3198, 3197, 3196, 3195, 3194, 3193, 3192, 3191, 3190, 3189, 3188, 3187, 3186, 3185, 3184, 3183, 3182, 3181, 3180, 3179, 3178, 3177, 3176, 3175, 3174, 3173, 3172, 3171, 3170, 3169, 5778, 5779, 5780, 5781, 5782, 5783, 5784, 5785, 5786, 5787, 5788, 5789, 5790, 5791, 5792, 5793, 5794, 5795, 5796, 5797, 5798, 5799, 5800, 5801, 5802, 5803, 5804, 5805, 5806, 5807, 5808, 5809, 5810, 5811, 5812, 5813, 5814, 5815, 5816, 5817, 5818, 5819, 5820, 5821, 5822, 5823, 5824, 5825, 5826, 5827, 5828, 5829, 5830, 5831, 5832, 5833, 5834, 5835, 5836, 5837, (152.1, 35.631578947368425), (39.300000000000004, 55.0), (105.3, 33.81578947368421), 2088, (93.89999999999999, 52.57894736842105), (88.5, 53.18421052631579), 912, (82.5, 52.57894736842105), (93.3, 33.81578947368421), (129.29999999999998, 33.81578947368421), 1750, (152.70000000000002, 34.42105263157894), (153.2999999999999, 34.42105263157894), 47, 1, 5420, 5940, (88.5, 33.21052631578947), 5433, 5901, (24.900000000000002, 34.42105263157894), (57.9, 32.60526315789474), (154.5, 45.92105263157894), (149.7, 32.0), (47.699999999999996, 53.78947368421053), (153.2999999999999, 38.6578947368421), (154.5, 35.02631578947368), (42.9, 53.78947368421053), 5996, (39.900000000000006, 53.18421052631579), 2091, (125.1, 32.0), (150.2999999999999, 32.60526315789474), (51.900000000000006, 52.57894736842105), (21.299999999999997, 42.289473684210535), (26.7, 55.0), (51.900000000000006, 34.42105263157894), (51.3, 34.42105263157894), (52.5, 34.42105263157894), (30.29999999999999, 34.42105263157894), (92.69999999999999, 53.18421052631579), 5907, (30.9, 32.0), 5176, (136.5, 53.18421052631579), 4273, 4495, (24.3, 33.21052631578947), 240, (59.1, 32.60526315789474), 5456, (120.30000000000001, 33.21052631578947), (120.89999999999989, 33.21052631578947), (120.30000000000001, 33.81578947368421), (30.29999999999999, 54.39473684210526), (144.8999999999999, 33.81578947368421), (110.7, 52.57894736842105), 6039, (125.1, 55.0), (62.1, 33.21052631578947), (136.5, 32.0), (21.9, 34.42105263157894), (42.300000000000004, 33.81578947368421), (23.700000000000003, 34.42105263157894), (54.3, 33.81578947368421), (53.69999999999999, 54.39473684210526), (49.5, 32.0), (115.5, 53.78947368421053), 6062, (152.70000000000002, 40.47368421052631), (32.7, 33.81578947368421), (104.1, 53.78947368421053), (113.7, 54.39473684210526), (113.1, 54.39473684210526), 456, 457, 458, 459, 460, 461, 462, 463, 464, 465, 466, 467, 468, 469, 470, 471, 472, 473, 474, 475, 476, 477, 478, 479, 480, 481, 482, 483, 484, 485, 486, 487, 488, 489, 490, 491, 492, 493, 494, 495, 496, 497, 498, 499, 500, 501, 502, 503, 504, 505, 506, 507, 508, 509, 510, 511, 512, 513, 514, 515, 516, 517, 518, 519, 520, 521, 522, 523, 524, 525, 526, 527, 528, 529, 530, 531, 532, 533, 534, 535, 536, 537, 538, 539, 540, 541, 542, 543, 544, 545, 546, 887, 888, 547, 889, 548, 890, 549, 891, 550, 892, 893, 894, 895, 896, 897, 898, 899, 900, 937, 938, 939, 561, 560, 559, 558, 557, 556, 555, 554, 553, 552, 551, 901, 902, 903, 904, 905, 906, 907, 908, 909, (41.7, 33.81578947368421), (59.69999999999999, 52.57894736842105), (38.099999999999994, 33.81578947368421), (38.7, 33.81578947368421), 5653, (133.5, 54.39473684210526), (132.89999999999992, 53.78947368421053), (120.89999999999989, 32.60526315789474), (144.8999999999999, 53.18421052631579), 6006, (91.5, 33.81578947368421), 5903, (27.3, 32.60526315789474), (107.69999999999999, 53.78947368421053), (151.5, 34.42105263157894), (148.5, 33.21052631578947), (104.1, 34.42105263157894), (104.69999999999999, 33.81578947368421), 2359, (20.7, 41.07894736842105), (21.9, 50.15789473684211), (20.7, 50.763157894736835), (80.1, 32.0), 5985, (111.3, 33.81578947368421), (62.69999999999999, 33.21052631578947), (152.1, 33.21052631578947), (153.9, 35.631578947368425), 5770, 5905, (36.3, 33.21052631578947), (45.9, 32.60526315789474), (77.1, 32.0), (154.5, 33.21052631578947), (154.5, 33.81578947368421), 227, (32.1, 53.18421052631579), 223, (106.5, 33.21052631578947), 6016, (96.30000000000001, 53.78947368421053), (142.5, 33.81578947368421), (92.69999999999999, 54.39473684210526), (65.69999999999999, 52.57894736842105), (81.30000000000001, 53.78947368421053), (123.89999999999989, 54.39473684210526), (126.29999999999998, 54.39473684210526), (123.89999999999989, 33.21052631578947), (143.1, 53.18421052631579), (20.7, 45.92105263157894), (53.099999999999994, 33.81578947368421), (59.69999999999999, 34.42105263157894), (56.69999999999999, 33.21052631578947), (45.300000000000004, 54.39473684210526), (151.5, 54.39473684210526), 2078, 1724, 2077, (42.9, 32.0), (19.5, 51.36842105263157), (20.7, 47.13157894736842), (135.89999999999992, 53.78947368421053), (117.89999999999989, 32.0), (117.89999999999989, 32.60526315789474), (41.7, 32.60526315789474), (41.7, 32.0), (62.69999999999999, 33.81578947368421), 5688, (40.5, 34.42105263157894), (20.099999999999998, 39.86842105263157), (67.5, 55.0), (68.10000000000001, 55.0), 770, (47.699999999999996, 32.0), (153.9, 41.07894736842105), (113.7, 53.78947368421053), (113.1, 53.78947368421053), 5904, (101.1, 33.81578947368421), (52.5, 32.60526315789474), (52.5, 32.0), (32.1, 54.39473684210526), (36.9, 54.39473684210526), 2055, 2387, (152.70000000000002, 33.21052631578947), (152.1, 38.6578947368421), (84.3, 55.0), (48.3, 33.81578947368421), (123.30000000000001, 52.57894736842105), (125.70000000000002, 53.18421052631579), 2061, 2391, (60.9, 34.42105263157894), 9, (23.700000000000003, 54.39473684210526), 5643, (136.5, 33.21052631578947), (147.3, 54.39473684210526), (24.900000000000002, 32.0), (23.1, 53.18421052631579), (50.09999999999999, 55.0), (143.70000000000002, 53.18421052631579), (31.5, 33.81578947368421), (79.5, 33.21052631578947), (84.89999999999998, 33.21052631578947), (135.3, 32.60526315789474), (134.7, 33.81578947368421), (135.3, 34.42105263157894), 232, (124.50000000000001, 55.0), 6058, (150.89999999999998, 33.81578947368421), 6082, (142.5, 32.0), (152.70000000000002, 44.710526315789465), (33.3, 33.81578947368421), 2072, 1718, 2071, (129.8999999999999, 33.81578947368421), (129.8999999999999, 32.60526315789474), (55.5, 33.81578947368421), 2348, (45.9, 53.78947368421053), 45, (65.1, 53.78947368421053), 2340, (105.3, 34.42105263157894), (59.69999999999999, 55.0), 5414, 5932, (19.5, 36.236842105263165), (86.7, 32.0), (44.099999999999994, 33.81578947368421), (44.699999999999996, 34.42105263157894), (80.69999999999999, 33.21052631578947), (78.89999999999999, 33.81578947368421), 6009, (92.10000000000001, 34.42105263157894), (134.1, 52.57894736842105), (133.5, 52.57894736842105), (49.5, 32.60526315789474), (71.10000000000001, 54.39473684210526), (71.10000000000001, 55.0), (128.7, 32.60526315789474), (36.3, 54.39473684210526), 2342, (71.10000000000001, 34.42105263157894), (140.7, 33.81578947368421), (147.3, 32.0), (104.69999999999999, 52.57894736842105), (119.10000000000001, 55.0), 6078, (20.7, 32.60526315789474), (137.1, 33.21052631578947), (126.29999999999998, 53.78947368421053), (59.1, 33.81578947368421), (140.1, 53.78947368421053), (20.099999999999998, 46.52631578947368), 2337, (89.7, 54.39473684210526), 5884, 159, (22.5, 32.0), (41.7, 55.0), (49.5, 52.57894736842105), (50.09999999999999, 32.0), (65.69999999999999, 53.18421052631579), 10, 153, (33.9, 53.18421052631579), (25.5, 53.78947368421053), (92.10000000000001, 53.18421052631579), 2363, (138.8999999999999, 32.0), (139.5, 33.21052631578947), (133.5, 55.0), (62.69999999999999, 34.42105263157894), 1054, 1053, 1052, 1051, 1050, 1049, 1048, 1047, 1046, 1045, 1044, 1043, 1042, 1041, 1040, 1039, 1038, 1037, 1036, 1035, 1034, 1033, 1032, 1031, 1030, 1029, 1028, 1027, 1026, 1025, 1024, 1023, 1022, 1021, 1020, 1019, 1018, 1017, 1016, 1015, 1014, 1013, 1012, 1011, 1010, 1009, 1008, 1007, 1006, 1005, 1004, 1003, 1002, 1001, 1000, 999, 998, 997, 996, 995, 994, 993, 992, 991, 990, 989, 988, 987, 986, 985, 984, 983, 982, 981, 980, 979, 978, 977, 976, 975, 974, 973, 972, 971, 970, 969, 968, 967, 966, 965, 964, 963, 962, 961, 960, 959, 958, 957, 956, 955, 954, 1547, 1548, 1549, 1550, 1551, 1552, 1553, 1554, 1555, 1556, 1557, 1558, 1559, 1560, 1561, 1461, 1460, 1459, 1458, 1457, 1456, 1455, 1454, 1453, 1452, 1451, 1450, 1449, 1448, 1447, 1446, 1445, 1444, 1443, 1442, 1441, 1440, 1439, 1438, 1437, 1436, 1863, 1862, 1861, 1860, 1859, 1858, 1857, 1856, 1855, 1854, 1853, 1852, 1851, 1850, 1849, 1848, 1847, 1846, 1845, 1844, 1843, 1842, 1841, 1840, 1839, 1838, 1837, 1836, 1835, 1834, 1833, 1832, 1831, 1830, 1829, 1828, 1827, 1826, 1825, 1824, 1823, 1822, 1821, 1820, 1819, 1818, 1817, 1816, 1815, 1814, 1813, 1812, 1811, 1810, 1809, 1808, 1807, 1806, 1805, 1804, 1803, 1802, 1801, 1800, 1799, 1798, 1797, 1796, 1795, 1794, 1793, 1792, 1791, 1790, 1789, 1788, 1787, 1786, 1785, 1784, 1783, 1782, 1781, 1780, 1779, 1778, 1777, 1776, 1775, 1774, 1773, 1772, 1771, 1770, 1769, 1768, 1767, 1766, 1765, 1764, 1763, 1762, 1761, 1760, 1759, 1758, 1757, 1756, 1755, 1754, 1640, (151.5, 32.60526315789474), (20.099999999999998, 54.39473684210526), (33.3, 34.42105263157894), 911, 1398, 1397, 1396, 1395, 1394, 1393, 1392, 929, 930, 931, 932, 933, 934, 935, 936, 941, 942, 940, 1429, 1428, 1427, 1426, 1425, 1424, 1864, 1865, 1866, 1867, 1868, 1869, 1403, 1404, 1405, (45.9, 33.21052631578947), (110.7, 53.78947368421053), (102.3, 34.42105263157894), 2946, 2947, 2948, 2949, 2950, 2951, 2952, 2953, 2954, 2955, 2956, 2957, 2958, 2959, 2960, 2961, 2962, 2963, 2964, 2965, 2966, 2967, 2968, 2969, 2970, 2971, 2972, 2973, 2974, 2975, 2976, 2977, 2978, 2979, 2980, 2981, 2982, 2983, 2984, 2985, 2986, 2987, 2988, 2989, 2990, 2991, 2992, 2993, 2994, 2995, 2996, 2997, 2998, 2999, 3000, 3001, 3002, 3003, 3004, 3005, 3006, 3007, 3008, 3009, 3010, 3011, 3012, 3013, 3014, 3015, 3016, 3017, 3018, 3019, 3020, 3021, 3022, 3023, 3024, 3025, 3026, 3027, 3028, 3029, 3030, 3031, 3032, 3033, 3034, 3035, 3036, 3037, 3038, 3039, 3040, 3041, 3042, 3043, 3044, 3045, 3046, 3047, 3048, 3049, 3050, 3051, 3052, 3053, 3054, 3055, 3056, 3057, 3058, 3059, 3060, 3061, 3062, 3063, 3064, 3065, 3066, 3067, 3068, 3069, 3070, 3071, 3072, 3073, 3074, 3075, 3076, 3077, 3078, 3079, 3080, 3081, 3082, 3083, 3084, 3085, 3086, 3087, 3088, 3089, 3090, 3091, 3092, 3093, 3094, 3095, 3096, 3097, 3098, 3099, 3100, 3101, 3102, 3103, 3104, 3105, 3106, 3107, 3108, 3109, 3110, 3111, 3112, 3113, 3114, 3115, 3116, 3117, 3118, 3119, 3120, 3121, 3122, 3123, 3124, 3125, 3126, 3127, 3128, 3129, 3130, 3131, 3132, 3133, 3134, 3135, 3136, 3137, 3138, 3139, 3140, 3141, 3142, 3143, 3144, 3145, 3146, 3147, 3148, 3149, 3150, 3151, 3152, 3153, 3154, 3155, 3156, 3157, 3158, 3159, 3160, 3161, 3162, 3163, 3167, 3168, (110.1, 33.21052631578947), (152.1, 47.73684210526316), 5454, (39.900000000000006, 33.81578947368421), (152.1, 34.42105263157894), (29.1, 53.18421052631579), (35.7, 54.39473684210526), (78.3, 32.0), (79.5, 32.0), 2063, (132.29999999999998, 53.78947368421053), 6005, (20.099999999999998, 47.73684210526316), (69.9, 32.0), (69.3, 33.81578947368421), (69.3, 34.42105263157894), (69.9, 53.78947368421053), (67.5, 33.21052631578947), (74.69999999999999, 34.42105263157894), (143.1, 54.39473684210526), (57.300000000000004, 32.60526315789474), (26.099999999999998, 53.18421052631579), (26.099999999999998, 53.78947368421053), (153.2999999999999, 35.631578947368425), 209, (50.09999999999999, 54.39473684210526), (50.09999999999999, 53.78947368421053), (50.7, 53.78947368421053), (35.7, 53.18421052631579), (107.69999999999999, 53.18421052631579), (82.5, 33.21052631578947), (119.7, 32.60526315789474), (144.8999999999999, 55.0), (145.5, 53.78947368421053), (65.69999999999999, 32.0), (20.099999999999998, 50.763157894736835), (51.3, 55.0), 6028, (84.3, 32.0), (84.89999999999998, 32.0), (71.69999999999999, 54.39473684210526), (143.70000000000002, 33.21052631578947), (122.10000000000001, 52.57894736842105), (78.89999999999999, 54.39473684210526), 5644, (64.5, 33.21052631578947), 52, (152.70000000000002, 53.18421052631579), (41.099999999999994, 52.57894736842105), (60.300000000000004, 54.39473684210526), (59.69999999999999, 54.39473684210526), (83.69999999999999, 33.81578947368421), (153.9, 47.73684210526316), 1055, (23.1, 33.21052631578947), (23.700000000000003, 32.60526315789474), (86.7, 53.18421052631579), (144.8999999999999, 54.39473684210526), (103.49999999999999, 32.0), (44.699999999999996, 53.18421052631579), (116.10000000000001, 53.18421052631579), 161, 5667, (57.300000000000004, 33.81578947368421), (21.9, 33.21052631578947), (131.1, 53.18421052631579), (153.9, 53.78947368421053), 6063, (76.5, 32.60526315789474), (43.5, 32.60526315789474), (21.9, 53.18421052631579), 2101, (62.69999999999999, 54.39473684210526), (37.5, 53.78947368421053), (139.5, 53.78947368421053), (101.1, 54.39473684210526), (75.3, 33.21052631578947), (50.7, 32.60526315789474), (48.9, 32.60526315789474), (60.300000000000004, 33.81578947368421), (21.9, 35.02631578947368), (39.300000000000004, 33.81578947368421), (116.10000000000001, 53.78947368421053), (113.1, 55.0), 6030, (114.3, 33.81578947368421), (107.1, 32.0), 5443, (70.5, 32.60526315789474), 6008, (154.5, 50.15789473684211), (111.8999999999999, 54.39473684210526), (126.8999999999999, 53.78947368421053), 2392, 2059, (104.1, 32.0), (62.1, 32.0), (98.10000000000001, 32.0), (120.89999999999989, 33.81578947368421), (64.5, 32.60526315789474), (154.5, 44.10526315789474), (20.7, 34.42105263157894), (20.7, 33.81578947368421), (56.1, 52.57894736842105), 2064, (133.5, 34.42105263157894), (21.9, 37.44736842105263), 2370, (37.5, 34.42105263157894), (68.10000000000001, 53.18421052631579), (129.29999999999998, 32.60526315789474), (137.7, 54.39473684210526), (135.3, 55.0), (154.5, 40.47368421052631), (114.89999999999992, 32.0), (39.900000000000006, 34.42105263157894), 5994, (85.5, 32.0), (23.700000000000003, 55.0), (78.3, 55.0), (32.7, 53.18421052631579), 5656, (152.70000000000002, 41.684210526315795), (99.89999999999998, 52.57894736842105), (35.099999999999994, 53.78947368421053), (142.5, 52.57894736842105), (108.8999999999999, 53.78947368421053), 2362, (118.5, 32.60526315789474), (102.8999999999999, 53.18421052631579), (103.49999999999999, 55.0), (133.5, 32.0), (128.10000000000002, 53.18421052631579), (20.7, 38.05263157894737), (131.1, 55.0), 1545, 1544, 1543, 1542, 1541, 1540, 1539, 1538, 1537, 1536, 1535, 1534, 1533, 1532, 1531, 1530, 1529, 1528, 1527, 1526, 1525, 1524, 1523, 1522, 1521, 1520, 1519, 1518, 1517, 1516, 1515, 1514, 1513, 1512, 1511, 1510, 1509, 1508, 1507, 1506, 1505, 1504, 1503, 1502, 1501, 1500, 1499, 1498, 1497, 1496, 1495, 1494, 1493, 1492, 1491, 1490, 1489, 1488, 1487, 1486, 1485, 1484, 1483, 1482, 1481, 1480, 1479, 1478, 1477, 1476, 1475, 1474, 1473, 1472, 1471, 1470, 1469, 1468, 1467, 1562, 1563, 1564, 1565, 1566, 1567, 1568, 1569, 1570, 1571, 1572, 1573, 1574, 1575, 1576, 1577, 1578, 1579, 1580, 1581, 1582, 1583, 1584, 1585, 1586, 1587, 1588, 1589, 1590, 1591, 1592, 1593, 1594, 1595, 1596, 1597, 1598, 1599, 1600, 1601, 1602, 1603, 1604, 1605, 1606, 1607, 1608, 1609, 1610, 1611, 1612, 1613, 1614, 1615, 1616, 1617, 1618, 1619, 1620, 1621, 1622, 1623, 1624, 1625, 1626, 1627, 1628, 1629, 1630, 1631, 1632, 1633, 1634, 1635, 1636, 1637, 1638, 1639, (89.7, 53.78947368421053), (69.3, 33.21052631578947), (80.69999999999999, 34.42105263157894), (99.89999999999998, 53.78947368421053), (44.099999999999994, 32.0), (71.69999999999999, 52.57894736842105), (72.30000000000001, 53.18421052631579), 11, (84.3, 32.60526315789474), (84.89999999999998, 32.60526315789474), (80.1, 33.81578947368421), (81.30000000000001, 34.42105263157894), (19.5, 52.57894736842105), (20.099999999999998, 53.78947368421053), (27.3, 32.0), (154.5, 36.236842105263165), (123.89999999999989, 32.0), (139.5, 52.57894736842105), (138.3, 54.39473684210526), 2089, (143.70000000000002, 52.57894736842105), 19, (56.1, 33.21052631578947), (50.7, 54.39473684210526), (36.9, 32.0), (50.7, 32.0), 2107, 2108, (78.3, 34.42105263157894), (47.099999999999994, 32.0), (89.1, 33.21052631578947), 2074, 1720, 2073, (129.8999999999999, 53.18421052631579), (134.1, 34.42105263157894), (28.5, 34.42105263157894), (123.30000000000001, 55.0), 69, 70, 71, 72, 73, 74, 75, 76, 77, 78, 79, 80, 81, 82, 83, 84, 85, 86, 87, 88, 89, 90, 91, 92, 93, 94, 95, 96, 97, 98, 99, 100, 101, 102, 103, 104, 105, 106, 107, 108, 109, 110, 111, 112, 113, 114, 115, 116, 117, 118, 119, 120, 121, 122, 123, 124, 125, 126, 127, 128, 129, 130, 131, 132, 133, 134, 135, 136, 137, 138, 139, 140, 141, 142, 143, 144, 145, 146, 147, 148, 149, 150, 151, 152, 2369, 2371, (102.3, 54.39473684210526), 6019, (73.5, 32.0), (74.1, 32.0), (23.1, 33.81578947368421), (111.8999999999999, 32.0), (112.5, 34.42105263157894), (145.5, 32.60526315789474), 5438, (78.89999999999999, 52.57894736842105), (74.1, 55.0), (50.09999999999999, 33.21052631578947), (144.3, 34.42105263157894), (62.1, 53.18421052631579), (83.69999999999999, 53.78947368421053), 452, (144.8999999999999, 32.0), (143.70000000000002, 32.60526315789474), (73.5, 52.57894736842105), (119.7, 33.81578947368421), (129.29999999999998, 53.18421052631579), (42.300000000000004, 33.21052631578947), (93.3, 52.57894736842105), (107.69999999999999, 33.21052631578947), (95.1, 53.18421052631579), (131.7, 55.0), (95.1, 33.21052631578947), 5680, 5483, 5679, (137.1, 55.0), (43.5, 32.0), (152.70000000000002, 38.05263157894737), (114.3, 52.57894736842105), (122.10000000000001, 33.81578947368421), 5930, 6012, (121.50000000000001, 33.81578947368421), (113.7, 52.57894736842105), (123.89999999999989, 55.0), (144.3, 52.57894736842105), (137.1, 33.81578947368421), (140.1, 32.0), (67.5, 32.0), (65.69999999999999, 34.42105263157894), (48.3, 53.18421052631579), (89.1, 53.78947368421053), (153.9, 40.47368421052631), (36.3, 53.78947368421053), (152.70000000000002, 32.60526315789474), (77.1, 33.21052631578947), 5892, (21.9, 48.94736842105263), (78.89999999999999, 53.78947368421053), (98.10000000000001, 54.39473684210526), 5995, (153.9, 41.684210526315795), 6083, 6081, (45.9, 52.57894736842105), (19.5, 47.13157894736842), (122.7, 52.57894736842105), (38.7, 53.78947368421053), (92.69999999999999, 32.60526315789474), (152.1, 45.315789473684205), 3164, 5998, (125.70000000000002, 32.60526315789474), (69.9, 33.81578947368421), (145.5, 33.21052631578947), (21.299999999999997, 50.15789473684211), (74.69999999999999, 53.18421052631579), 2225, 1880, 1881, 1882, 2007, 2008, 2009, 2010, 2011, 1658, 1657, 1656, 1655, 1654, 1423, 1422, 1421, 1879, 1878, 1877, (152.70000000000002, 33.81578947368421), 155, 1280, (102.3, 32.60526315789474), (32.7, 55.0), (43.5, 54.39473684210526), (42.9, 54.39473684210526), (51.3, 53.18421052631579), 5455, (81.89999999999999, 33.81578947368421), (82.5, 33.81578947368421), 2224, (132.29999999999998, 32.0), (21.299999999999997, 32.0), 5461, 5846, (68.69999999999999, 33.81578947368421), (20.099999999999998, 32.0), 438, 60, (51.3, 52.57894736842105), (132.89999999999992, 54.39473684210526), (128.7, 32.0), 434, (46.5, 53.18421052631579), 213, (98.10000000000001, 52.57894736842105), (80.1, 53.78947368421053), (100.49999999999999, 53.18421052631579), (124.50000000000001, 52.57894736842105), 1406, 1407, 1408, 1409, 1410, 1411, 1412, 1413, 1653, 1652, 1651, 2006, 2004, 2005, 1650, 1649, 1648, 1647, 1646, 1874, 1873, (23.700000000000003, 33.21052631578947), (94.5, 32.60526315789474), (55.5, 54.39473684210526), (55.5, 53.78947368421053), (51.3, 33.81578947368421), (152.1, 52.57894736842105), (154.5, 46.52631578947368), (97.5, 32.0), 2066, (141.89999999999992, 32.60526315789474), (142.5, 33.21052631578947), (68.10000000000001, 53.78947368421053), 3389, (101.1, 53.18421052631579), (153.9, 43.5), 39, (101.1, 33.21052631578947), 6064, (144.8999999999999, 53.78947368421053), (148.5, 52.57894736842105), 1742, (153.9, 32.60526315789474), (21.299999999999997, 36.842105263157904), (154.5, 42.289473684210535), (61.5, 53.18421052631579), (109.5, 55.0), (111.3, 54.39473684210526), (44.099999999999994, 52.57894736842105), (43.5, 52.57894736842105), (28.5, 52.57894736842105), (153.9, 37.44736842105263), (21.9, 47.73684210526316), 2086, (19.5, 51.97368421052631), (93.89999999999999, 53.78947368421053), (94.5, 53.78947368421053), (21.299999999999997, 48.34210526315789), (20.7, 46.52631578947368), (58.5, 52.57894736842105), (137.1, 52.57894736842105), 5676, 5479, 5675, (84.89999999999998, 54.39473684210526), (99.89999999999998, 32.0), (116.10000000000001, 34.42105263157894), 215, 5661, (100.49999999999999, 32.60526315789474), (37.5, 55.0), (53.099999999999994, 32.60526315789474), (81.30000000000001, 32.60526315789474), (81.89999999999999, 33.21052631578947), (45.300000000000004, 32.0), (25.5, 53.18421052631579), 2381, (45.9, 55.0), 5665, 5702, 5703, 5704, 5705, 5706, 5707, 5708, 5709, 5710, 5711, 5712, 5713, 5714, 5715, 5716, 5717, 5718, 5719, 5720, 5721, 5722, 5723, 5724, 5725, 5726, 5727, 5728, 5729, 5730, 5731, 5732, 5733, 5734, 5735, 5736, 5737, 5738, 5739, 5740, 5741, 5742, 5743, 5744, 5745, 5746, 5747, 5748, 5890, (21.299999999999997, 48.94736842105263), 5659, 446, (74.69999999999999, 53.78947368421053), (38.7, 34.42105263157894), (41.099999999999994, 53.78947368421053), (20.7, 39.86842105263157), (153.9, 51.97368421052631), 1278, (105.8999999999999, 32.60526315789474), (153.9, 42.289473684210535), (19.5, 44.10526315789474), (100.49999999999999, 53.78947368421053), (45.300000000000004, 53.78947368421053), (96.89999999999999, 33.81578947368421), (96.30000000000001, 33.81578947368421), (105.8999999999999, 33.21052631578947), (137.7, 34.42105263157894), (51.3, 32.0), (54.3, 34.42105263157894), 206, (31.5, 55.0), (49.5, 54.39473684210526), 160, (75.3, 52.57894736842105), (151.5, 33.81578947368421), (21.9, 45.92105263157894), (82.5, 32.0), (100.49999999999999, 52.57894736842105), 5693, (21.9, 44.710526315789465), (111.8999999999999, 33.81578947368421), (138.8999999999999, 34.42105263157894), (142.5, 55.0), 5981, 5980, 5979, 5978, 5977, 5976, 5975, 5974, 5973, 5972, 5971, 5970, 5969, 5968, 5967, 5966, 5965, 5964, 5963, 5962, 5961, 5960, 5959, 5958, 5957, 5956, 5955, 5954, 5953, 5952, 5951, 5950, 5949, 5948, 5947, 5946, 5945, 5944, 5943, (19.5, 35.02631578947368), (143.1, 53.78947368421053), (117.30000000000001, 55.0), (152.70000000000002, 46.52631578947368), (34.5, 34.42105263157894), (153.9, 38.05263157894737), (129.8999999999999, 55.0), (129.29999999999998, 54.39473684210526), (19.5, 38.6578947368421), (21.9, 36.842105263157904), (113.7, 33.21052631578947), (149.10000000000002, 33.81578947368421), (83.69999999999999, 54.39473684210526), (108.8999999999999, 53.18421052631579), 2366, (135.89999999999992, 32.0), (145.5, 54.39473684210526), (20.7, 36.842105263157904), 7, (77.69999999999999, 53.18421052631579), (77.69999999999999, 52.57894736842105), (76.5, 55.0), (147.9, 53.18421052631579), 5476, (19.5, 41.07894736842105), (21.9, 45.315789473684205), (37.5, 32.60526315789474), (119.10000000000001, 33.21052631578947), (99.3, 55.0), (101.69999999999999, 55.0), 3608, (62.1, 34.42105263157894), (69.9, 53.18421052631579), (127.49999999999999, 33.21052631578947), (59.1, 53.18421052631579), (35.099999999999994, 34.42105263157894), (25.5, 32.0), (21.9, 32.60526315789474), 5457, (45.9, 34.42105263157894), (119.10000000000001, 54.39473684210526), (120.89999999999989, 55.0), 6077, (145.5, 52.57894736842105), (101.69999999999999, 34.42105263157894), (152.70000000000002, 51.97368421052631), (102.8999999999999, 32.0), (93.3, 53.78947368421053), (153.2999999999999, 51.97368421052631), (71.10000000000001, 32.60526315789474), (68.69999999999999, 53.78947368421053), (64.5, 55.0), (72.30000000000001, 34.42105263157894), (54.900000000000006, 52.57894736842105), (149.7, 33.81578947368421), (115.5, 32.0), (114.89999999999992, 52.57894736842105), 61, (111.8999999999999, 53.18421052631579), (110.1, 54.39473684210526), 216, 217, (152.1, 37.44736842105263), (37.5, 53.18421052631579), (45.300000000000004, 34.42105263157894), (78.3, 54.39473684210526), 6024, (125.1, 53.18421052631579), 6021, (47.099999999999994, 53.78947368421053), (128.7, 55.0), (39.300000000000004, 53.78947368421053), 2057, (144.3, 53.18421052631579), 2056, (92.69999999999999, 33.21052631578947), (60.9, 33.81578947368421), (23.700000000000003, 32.0), (43.5, 53.18421052631579), (20.7, 37.44736842105263), (98.10000000000001, 55.0), (86.1, 32.0), (110.7, 53.18421052631579), (107.69999999999999, 32.60526315789474), 2065, (29.1, 32.0), (107.69999999999999, 54.39473684210526), (109.5, 33.81578947368421), (110.1, 53.78947368421053), (58.5, 32.60526315789474), (140.7, 54.39473684210526), (48.3, 53.78947368421053), (78.3, 32.60526315789474), (119.10000000000001, 53.18421052631579), (81.89999999999999, 34.42105263157894), (153.9, 39.86842105263157), 49, (59.1, 32.0), (56.69999999999999, 32.60526315789474), (76.5, 53.18421052631579), 6020, 5843, 5840, (140.1, 33.81578947368421), 208, (63.3, 34.42105263157894), 673, (136.5, 54.39473684210526), (26.7, 53.18421052631579), 5841, (152.70000000000002, 53.78947368421053), (153.9, 32.0), (96.30000000000001, 32.60526315789474), (138.3, 33.81578947368421), (52.5, 53.78947368421053), (152.1, 49.55263157894737), (93.89999999999999, 32.0), (93.3, 32.0), (144.3, 33.81578947368421), 235, 1415, (134.7, 53.78947368421053), (136.5, 52.57894736842105), 2053, (101.69999999999999, 54.39473684210526), (95.1, 55.0), (147.9, 54.39473684210526), (63.9, 53.78947368421053), (126.8999999999999, 32.60526315789474), (65.1, 34.42105263157894), (50.09999999999999, 53.18421052631579), (112.5, 53.78947368421053), (112.5, 32.60526315789474), (138.8999999999999, 52.57894736842105), (20.099999999999998, 45.92105263157894), 226, (63.9, 53.18421052631579), (81.89999999999999, 54.39473684210526), (149.7, 33.21052631578947), (153.9, 50.763157894736835), 5910, 5767, 5911, (131.1, 34.42105263157894), (53.69999999999999, 33.21052631578947), (31.5, 32.60526315789474), (116.10000000000001, 54.39473684210526), (75.3, 53.18421052631579), (154.5, 38.6578947368421), (81.89999999999999, 53.78947368421053), 3385, (54.900000000000006, 32.60526315789474), (120.30000000000001, 34.42105263157894), (90.3, 53.18421052631579), (38.7, 54.39473684210526), (51.900000000000006, 33.81578947368421), (125.70000000000002, 53.78947368421053), (19.5, 37.44736842105263), (20.099999999999998, 33.21052631578947), 914, (115.5, 54.39473684210526), 5192, 5178, 1876, (113.7, 53.18421052631579), 444, (85.5, 53.18421052631579), (140.7, 52.57894736842105), (121.50000000000001, 54.39473684210526), (28.5, 33.81578947368421), (63.3, 53.78947368421053), (33.3, 54.39473684210526), (30.9, 53.18421052631579), (29.699999999999996, 55.0), (22.5, 32.60526315789474), (152.1, 45.92105263157894), (89.1, 55.0), (117.30000000000001, 54.39473684210526), 5435, (20.099999999999998, 37.44736842105263), (108.3, 52.57894736842105), 163, (46.5, 54.39473684210526), (19.5, 42.289473684210535), 154, (150.89999999999998, 33.21052631578947), (43.5, 53.78947368421053), (24.3, 53.78947368421053), (116.7, 54.39473684210526), 2335, 2334, 2333, 2332, 2331, 2330, 2329, 2328, 2327, 2326, 2325, 2324, 2323, 2322, 2321, 2320, 2319, 2318, 2317, 2316, 2315, 2314, 2313, 2312, 2311, 2310, 2309, 2308, 2307, 2306, 2305, 2304, 2303, 2302, 2301, 2300, 2299, 2298, 2297, 2296, 2295, 2294, 2293, 2292, 2291, 2290, 2289, 2288, 2287, 2286, 2285, 2284, 2283, 2282, 2281, 2280, 2279, 2278, 2277, 2276, 2275, 2274, 2273, 2272, 2271, 2270, 2269, 2268, 2267, 2266, 2265, 2264, 2263, 2262, 2261, 2260, 2259, 2258, 2257, 2256, 2255, 2254, 2253, 2252, 2251, 2250, 2249, 2248, 2247, 2246, 2245, 2244, 2243, 2242, 2241, 2240, 2239, 2238, 2237, 2236, 2235, 2234, 2233, 2232, 2231, 2230, 2229, 2228, 2227, 2226, 2505, 2504, 2503, 2502, 2501, 2500, 2499, 2498, 2497, 2496, 2495, 2494, 2493, 2492, 2491, 2490, 2489, 2488, 2487, 2486, 2485, 2484, 2483, 2482, 2481, 2480, 2479, 2478, 2477, 2476, 2475, 2474, 2473, 2472, 2471, 2470, 2469, 2468, 2467, 2466, 2465, 2464, 2463, 2462, 2461, 2460, 2459, 2458, 2457, 2456, 2455, 2454, 2453, 2452, 2451, 2450, 2449, 2448, 2447, 2446, 2445, 2444, 2443, 2442, 2441, 2440, 2439, 2438, 2437, 2436, 2435, 2434, 2433, 2432, 2431, 2430, 2429, 2428, 2427, 2426, 2425, 2424, 2423, 2422, 2421, 2420, 2419, 2418, 2417, 2416, 2415, 2414, 2413, 2412, 2411, 2410, 2409, 2408, 2407, 2406, 2405, 2404, 2403, 2402, 2401, 2400, 2399, 2398, (146.1, 54.39473684210526), 2049, (42.300000000000004, 55.0), 2082, (138.3, 53.18421052631579), (19.5, 48.94736842105263), (84.3, 33.81578947368421), (114.3, 32.0), (120.89999999999989, 32.0), (117.89999999999989, 55.0), (152.1, 55.0), (46.5, 32.0), 48, (139.5, 32.0), 5766, (122.10000000000001, 32.0), (134.7, 32.60526315789474), (61.5, 34.42105263157894), (153.2999999999999, 51.36842105263157), (101.1, 52.57894736842105), (103.49999999999999, 34.42105263157894), 2051, (135.89999999999992, 32.60526315789474), (45.9, 53.18421052631579), (65.69999999999999, 55.0), (146.70000000000002, 33.21052631578947), (21.299999999999997, 41.07894736842105), (152.70000000000002, 39.86842105263157), (44.099999999999994, 54.39473684210526), (81.89999999999999, 55.0), 777, 233, (19.5, 45.92105263157894), 1741, (141.3, 32.0), (81.30000000000001, 33.21052631578947), 225, (62.1, 52.57894736842105), 56, (122.7, 34.42105263157894), (21.299999999999997, 41.684210526315795), (75.3, 53.78947368421053), (147.3, 52.57894736842105), (110.7, 32.60526315789474), 6034, (134.1, 33.81578947368421), (130.5, 33.81578947368421), (129.8999999999999, 33.21052631578947), 5898, (93.89999999999999, 54.39473684210526), (30.9, 33.81578947368421), (86.1, 34.42105263157894), (137.7, 52.57894736842105), (82.5, 55.0), (121.50000000000001, 32.0), (27.9, 52.57894736842105), (149.10000000000002, 55.0), (145.5, 32.0), (146.70000000000002, 52.57894736842105), (74.69999999999999, 32.0), (122.10000000000001, 34.42105263157894), (36.9, 53.18421052631579), 28, 5641, 5640, 5639, 5638, 5637, 5636, 5635, 5634, 5633, 5632, 5631, 5630, 5629, 5628, 5627, 5626, 5625, 5624, 5623, 5622, 5621, 5620, 5619, 5618, 5617, 5616, 5615, 5614, 5613, 5612, 5611, 5610, 5609, 5608, 5607, 5606, 5605, 5604, 5603, 5602, 5601, 5600, 5599, 5598, 5597, 5596, 5595, 5594, 5593, 5592, 5591, 5590, 5589, 5588, 5587, 5586, 5585, 5584, 5583, 5582, 5581, 5580, 5579, 5578, 5577, 5576, 5575, 5574, 5573, 5572, 5571, 5570, 5569, 5568, 5567, 5566, 5565, 5564, 5563, 5562, 5561, 5560, 5559, 5558, 5557, 5556, 5555, 5554, 5553, 5552, 5551, 5550, 5549, 5548, 5547, 5546, 5545, 5544, 5543, 5542, 5541, 5540, 5539, 5538, 5537, 5536, 5535, 5534, 5533, 5532, 5531, 5530, 5529, 5528, 5527, 5526, 5525, 5524, 5523, 5522, 5521, 5520, 5519, 5518, 5517, 5516, 5515, 5514, 5513, 5512, 5511, 5510, 5509, 5508, 5507, 5506, 5505, 5504, 5503, 5502, 5501, 5500, 5499, 5498, 5497, 5496, 5495, 5494, 5493, 5492, 5491, 5490, 5489, 5685, (111.8999999999999, 33.21052631578947), (21.9, 42.89473684210526), 455, (24.3, 54.39473684210526), (147.3, 55.0), (58.5, 53.78947368421053), 12, 238, (70.5, 52.57894736842105), (69.9, 52.57894736842105), (105.8999999999999, 55.0), (140.7, 33.21052631578947), 2385, 2054, (72.30000000000001, 33.81578947368421), (144.8999999999999, 32.60526315789474), 5668, (135.3, 53.78947368421053), (126.29999999999998, 32.0), 5916, 5773, 5917, (105.8999999999999, 52.57894736842105), 6060, 6079, (47.699999999999996, 33.21052631578947), (144.8999999999999, 34.42105263157894), 6075, (77.1, 34.42105263157894), (21.299999999999997, 47.73684210526316), (32.1, 33.21052631578947), (44.699999999999996, 54.39473684210526), (129.8999999999999, 34.42105263157894), (54.900000000000006, 55.0), (66.3, 32.60526315789474), (77.1, 32.60526315789474), (107.1, 32.60526315789474), (75.9, 34.42105263157894), (36.3, 53.18421052631579), (87.89999999999999, 33.21052631578947), (72.30000000000001, 33.21052631578947), 3829, (75.9, 32.0), (76.5, 33.21052631578947), (133.5, 32.60526315789474), (95.7, 55.0), (92.69999999999999, 55.0), (79.5, 53.18421052631579), 3388, 4719, 5174, 5173, 5172, 5171, 5170, 5169, 5168, 5167, 5166, 5165, 5164, 5163, 5162, 5161, 5160, 5159, 5158, 5157, 5156, 5155, 5154, 5153, 5152, 5151, 5150, 5149, 5148, 5147, 5146, 5145, 5144, 5143, 5142, 5141, 5140, 5139, 5138, 5137, 5136, 5135, 5134, 5133, 5132, 5131, 5130, 5129, 5128, 5127, 5126, 5125, 5124, 5123, 5122, 5121, 5120, 5119, 5118, 5117, 5116, 5115, 5114, 5113, 5112, 5111, 5110, 5109, 5108, 5107, 5106, 5105, 5104, 5103, 5102, 5101, 5100, 5099, 5098, 5097, 5096, 5095, 5094, 5093, 5092, 5091, 5090, 5089, 5088, 5087, 5086, 5085, 5084, 5083, 5082, 5081, 5080, 5079, 5078, 5077, 5076, 5075, 5074, 5073, 5072, 5071, 5070, 5069, 5068, 5067, 5066, 5065, 5064, 5063, 5062, 5061, 5060, 5059, 5058, 5057, 5056, 5055, 5054, 5053, 5052, 5051, 5050, 5049, 5048, 5047, 5046, 5045, 5044, 5043, 5042, 5041, 5040, 5039, 5038, 5037, 5036, 5035, 5034, 5033, 5032, 5031, 5030, 5029, 5028, 5027, 5026, 5025, 5024, 5023, 5022, 5021, 5020, 5019, 5018, 5017, 5016, 5015, 5014, 5013, 5012, 5011, 5010, 5009, 5008, 5007, 5006, 5005, 5004, 5003, 5002, 5001, 5000, 4999, 4998, 4997, 4996, 4995, 4994, 4993, 4992, 4991, 4990, 4989, 4988, 4987, 4986, 4985, 4984, 4983, 4982, 4981, 4980, 4979, 4978, 4977, 4976, 4975, 4974, 4973, 4972, 4971, 4970, 4969, 4968, 4967, 4966, 4965, 4964, 4963, 4962, 4961, 4960, 4959, 5191, 5190, 5189, 5188, 5187, 5186, 5419, 5418, 5417, 5416, 25, 5482, (80.1, 52.57894736842105), (29.1, 54.39473684210526), (83.10000000000001, 52.57894736842105), (71.10000000000001, 33.21052631578947), (136.5, 55.0), (19.5, 47.73684210526316), 1753, 2090, (149.10000000000002, 34.42105263157894), (110.1, 55.0), (111.3, 55.0), (141.89999999999992, 52.57894736842105), (25.5, 33.81578947368421), (143.1, 33.81578947368421), (122.7, 32.60526315789474), (152.70000000000002, 55.0), (113.1, 33.81578947368421), (152.70000000000002, 43.5), (23.1, 32.0), (64.5, 32.0), 1715, (107.1, 53.18421052631579), 1738, (78.3, 33.81578947368421), (53.69999999999999, 32.0), (96.89999999999999, 54.39473684210526), 6007, (78.3, 33.21052631578947), (123.30000000000001, 53.18421052631579), (69.9, 55.0), (137.7, 32.0), (99.89999999999998, 53.18421052631579), (153.9, 38.6578947368421), (105.3, 53.78947368421053), 2372, (129.8999999999999, 53.78947368421053), 2058, (152.1, 44.710526315789465), (153.2999999999999, 44.710526315789465), (89.1, 32.60526315789474), (88.5, 33.81578947368421), (24.3, 55.0), (141.3, 32.60526315789474), (142.5, 32.60526315789474), (141.89999999999992, 32.0), (54.3, 33.21052631578947), (95.1, 33.81578947368421), (66.3, 34.42105263157894), (107.69999999999999, 32.0), (109.5, 32.60526315789474), 2355, (53.69999999999999, 53.78947368421053), (154.5, 32.0), (81.30000000000001, 32.0), (26.099999999999998, 33.81578947368421), (84.89999999999998, 53.78947368421053), 5889, (66.9, 32.0), 5855, (131.7, 52.57894736842105), (93.89999999999999, 34.42105263157894), (92.10000000000001, 32.60526315789474), (84.3, 53.18421052631579), 5463, (111.8999999999999, 52.57894736842105), (109.5, 34.42105263157894), 5982, 5430, 5776, (80.1, 33.21052631578947), (80.1, 32.60526315789474), (57.9, 34.42105263157894), (75.9, 33.21052631578947), (153.9, 49.55263157894737), (90.9, 32.0), (67.5, 54.39473684210526), (102.8999999999999, 52.57894736842105), 2364, (67.5, 53.18421052631579), 5689, (36.3, 34.42105263157894), (141.3, 55.0), (110.1, 34.42105263157894), (44.699999999999996, 33.21052631578947), 5942, 5888, 5941, (126.29999999999998, 32.60526315789474), (20.7, 44.10526315789474), (152.70000000000002, 32.0), (78.3, 52.57894736842105), (77.1, 53.18421052631579), (95.7, 53.18421052631579), 5856, (150.2999999999999, 54.39473684210526), (71.69999999999999, 53.18421052631579), (33.3, 52.57894736842105), 5690, 5691, (30.29999999999999, 33.81578947368421), (65.69999999999999, 54.39473684210526), (20.099999999999998, 48.34210526315789), (19.5, 48.34210526315789), (20.7, 54.39473684210526), (45.9, 33.81578947368421), (143.1, 32.0), (128.10000000000002, 55.0), (132.89999999999992, 55.0), 5662, 5464, 6014, (66.3, 33.81578947368421), (98.69999999999999, 52.57894736842105), (41.7, 52.57894736842105), (145.5, 55.0), 1277, 6001, (73.5, 33.81578947368421), (114.89999999999992, 53.78947368421053), (106.5, 54.39473684210526), 1641, (153.2999999999999, 49.55263157894737), 2358, (110.1, 33.81578947368421), (110.7, 34.42105263157894), (154.5, 53.78947368421053), (154.5, 53.18421052631579), (98.69999999999999, 33.81578947368421), (127.49999999999999, 32.0), (19.5, 42.89473684210526), (26.7, 53.78947368421053), (26.7, 54.39473684210526), (106.5, 32.60526315789474), 6080, 64, (27.3, 53.18421052631579), 8, (146.1, 53.78947368421053), (146.70000000000002, 53.78947368421053), (19.5, 50.15789473684211), (20.099999999999998, 50.15789473684211), 776, (77.69999999999999, 55.0), (42.9, 53.18421052631579), (39.900000000000006, 52.57894736842105), (32.1, 52.57894736842105), (38.099999999999994, 55.0), (95.1, 53.78947368421053), 6010, (60.300000000000004, 55.0), 5678, 5481, 5677, (148.5, 34.42105263157894), (26.099999999999998, 55.0), (74.1, 33.81578947368421), 5986, (65.69999999999999, 53.78947368421053), (79.5, 52.57894736842105), 5939, (123.30000000000001, 32.60526315789474), (153.2999999999999, 50.763157894736835), (122.10000000000001, 55.0), (152.70000000000002, 41.07894736842105), (21.299999999999997, 47.13157894736842), (110.1, 32.60526315789474), 3165, 2350, (41.7, 53.18421052631579), 6003, (113.1, 52.57894736842105), 162, (117.89999999999989, 52.57894736842105), (114.89999999999992, 54.39473684210526), (60.300000000000004, 32.0), (81.89999999999999, 53.18421052631579), (78.89999999999999, 32.60526315789474), (89.7, 53.18421052631579), (72.9, 53.18421052631579), (81.30000000000001, 53.18421052631579), (122.10000000000001, 32.60526315789474), (132.89999999999992, 32.60526315789474), (86.1, 53.78947368421053), (151.5, 33.21052631578947), (94.5, 32.0), (96.89999999999999, 33.21052631578947), (125.1, 33.81578947368421), (50.7, 34.42105263157894), (123.30000000000001, 34.42105263157894), 6017, (62.69999999999999, 52.57894736842105), (63.3, 53.18421052631579), (64.5, 53.18421052631579), (47.699999999999996, 53.18421052631579), (133.5, 53.78947368421053), (120.89999999999989, 52.57894736842105), (48.3, 32.0), (69.3, 54.39473684210526), (107.1, 33.81578947368421), (21.9, 54.39473684210526), (99.3, 32.60526315789474), (96.30000000000001, 54.39473684210526), (23.1, 53.78947368421053), (21.9, 48.34210526315789), 2354, (152.1, 47.13157894736842), 5645, (152.1, 32.0), (154.5, 41.684210526315795), (38.7, 55.0), (138.8999999999999, 53.18421052631579), (39.300000000000004, 32.0), (38.099999999999994, 33.21052631578947), (55.5, 52.57894736842105), 6038, (152.70000000000002, 51.36842105263157), (20.7, 42.289473684210535), (150.89999999999998, 32.0), (153.2999999999999, 33.21052631578947), (96.89999999999999, 53.78947368421053), (54.900000000000006, 32.0), (56.1, 32.0), (20.7, 32.0), 5847, (50.09999999999999, 34.42105263157894), (20.099999999999998, 51.97368421052631), (57.300000000000004, 54.39473684210526), (91.5, 34.42105263157894), (34.5, 53.18421052631579), (31.5, 52.57894736842105), 2062, (153.9, 34.42105263157894), (102.3, 53.78947368421053), (153.2999999999999, 45.315789473684205), (124.50000000000001, 33.21052631578947), (108.3, 55.0), (122.7, 32.0), (131.7, 53.78947368421053), (40.5, 53.78947368421053), (40.5, 53.18421052631579), (96.30000000000001, 55.0), (39.300000000000004, 52.57894736842105), (71.69999999999999, 33.81578947368421), (32.1, 53.78947368421053), (31.5, 53.78947368421053), 6041, (108.3, 54.39473684210526), (149.7, 53.78947368421053), (74.69999999999999, 55.0), 6026, (106.5, 53.18421052631579), 5858, (111.3, 32.0), (119.10000000000001, 33.81578947368421), (21.299999999999997, 35.02631578947368), (32.1, 33.81578947368421), 50, (130.5, 32.60526315789474), (133.5, 33.81578947368421), 450, (21.299999999999997, 50.763157894736835), (115.5, 52.57894736842105), (68.69999999999999, 52.57894736842105), (80.69999999999999, 54.39473684210526), (119.7, 33.21052631578947), (41.099999999999994, 34.42105263157894), (152.70000000000002, 48.34210526315789), 29, (23.700000000000003, 53.18421052631579), (138.3, 52.57894736842105), (91.5, 53.78947368421053), (116.10000000000001, 32.0), (66.9, 53.18421052631579), (47.699999999999996, 55.0), (24.900000000000002, 52.57894736842105), (24.3, 52.57894736842105), 3387, (20.099999999999998, 33.81578947368421), (82.5, 34.42105263157894), (68.10000000000001, 32.0), (120.30000000000001, 53.78947368421053), (148.5, 32.0), (60.9, 55.0), 1402, (20.7, 52.57894736842105), 1746, (153.2999999999999, 47.73684210526316), (151.5, 55.0), (135.89999999999992, 53.18421052631579), (130.5, 53.78947368421053), (54.900000000000006, 34.42105263157894), (95.7, 52.57894736842105), (30.9, 34.42105263157894), 3828, 221, 1281, (71.69999999999999, 34.42105263157894), (67.5, 34.42105263157894), (127.49999999999999, 55.0), (94.5, 55.0), (21.299999999999997, 35.631578947368425), (103.49999999999999, 33.81578947368421), 2394, (114.3, 53.78947368421053), (35.099999999999994, 33.21052631578947), (51.900000000000006, 54.39473684210526), (50.7, 55.0), (152.70000000000002, 44.10526315789474), 6023, 2375, (143.1, 34.42105263157894), (28.5, 53.78947368421053), (153.9, 45.92105263157894), (152.1, 48.94736842105263), (153.9, 48.34210526315789), (93.3, 53.18421052631579), (119.10000000000001, 34.42105263157894), (102.8999999999999, 55.0), (56.1, 34.42105263157894), (153.9, 35.02631578947368), 46, (60.9, 53.18421052631579), (59.1, 55.0), (154.5, 39.86842105263157), (101.1, 34.42105263157894), (21.299999999999997, 45.92105263157894), (21.299999999999997, 32.60526315789474), (90.3, 32.0), (114.89999999999992, 34.42105263157894), (61.5, 53.78947368421053), (41.099999999999994, 53.18421052631579), (102.3, 55.0), (21.9, 41.07894736842105), (72.30000000000001, 32.60526315789474), (45.300000000000004, 33.21052631578947), (97.5, 34.42105263157894), (86.1, 52.57894736842105), (152.70000000000002, 36.236842105263165), (88.5, 53.78947368421053), (89.7, 55.0), 769, 768, 767, 766, 765, 764, 763, 762, 761, 760, 759, 758, 757, 756, 755, 754, 753, 752, 751, 750, 749, 748, 747, 746, 745, 744, 743, 742, 741, 740, 739, 738, 737, 736, 735, 734, 733, 732, 731, 730, 729, 728, 727, 726, 725, 724, 723, 722, 721, 720, 719, 718, 717, 716, 715, 714, 713, 712, 711, 710, 709, 708, 707, 706, 705, 704, 703, 702, 701, 700, 699, 698, 697, 696, 695, 694, 693, 692, 691, 690, 689, 688, 687, 686, 685, 684, 683, 682, 681, 680, 679, 678, 677, 676, 675, 674, 247, 248, 249, 250, 251, 252, 253, 254, 255, 256, 257, 258, 259, 260, 261, 262, 263, 264, 265, 266, 267, 268, 269, 270, 271, 272, 273, 274, 275, 276, 277, 278, 279, 280, 281, 282, 283, 284, 285, 286, 287, 288, 289, 290, 291, 292, 293, 294, 295, 296, 297, 298, 299, 300, 301, 302, 303, 304, 305, 306, 307, 308, 309, 310, 311, 312, 313, 314, 315, 316, 317, 318, 319, 320, 321, 322, 323, 324, 325, 326, 327, 328, 329, 330, 331, 332, 333, 334, 335, 336, 337, 773, 774, 775, 219, (20.7, 47.73684210526316), (80.69999999999999, 52.57894736842105), (89.1, 32.0), 1744, (141.89999999999992, 53.18421052631579), (73.5, 54.39473684210526), (38.7, 32.0), (27.9, 34.42105263157894), (83.10000000000001, 32.60526315789474), 5427, (20.099999999999998, 51.36842105263157), (67.5, 33.81578947368421), (153.2999999999999, 50.15789473684211), (85.5, 54.39473684210526), (59.69999999999999, 32.60526315789474), 5923, (46.5, 52.57894736842105), (119.7, 32.0), 1401, (125.70000000000002, 32.0), (108.3, 32.0), (69.3, 32.0), 5450, (23.700000000000003, 33.81578947368421), (37.5, 52.57894736842105), (33.3, 33.21052631578947), 5999, (98.69999999999999, 55.0), (103.49999999999999, 54.39473684210526), 5850, (125.1, 54.39473684210526), (69.3, 55.0), 6045, (27.9, 53.78947368421053), (25.5, 55.0), (62.69999999999999, 32.60526315789474), (24.900000000000002, 32.60526315789474), (47.699999999999996, 52.57894736842105), (63.3, 55.0), (64.5, 54.39473684210526), (65.1, 55.0), (135.89999999999992, 52.57894736842105), (108.8999999999999, 34.42105263157894), (114.89999999999992, 53.18421052631579), (19.5, 50.763157894736835), 6055, (47.699999999999996, 33.81578947368421), (60.300000000000004, 33.21052631578947), (110.7, 55.0), 2723, (127.49999999999999, 52.57894736842105), 5922, (82.5, 53.18421052631579), 2725, (22.5, 33.21052631578947), 211, (66.3, 55.0), (106.5, 33.81578947368421), (122.7, 53.18421052631579), 6073, (150.2999999999999, 32.0), (111.3, 34.42105263157894), (108.3, 53.18421052631579), (83.69999999999999, 52.57894736842105), 6049, 31, (81.30000000000001, 33.81578947368421), (80.69999999999999, 33.81578947368421), (74.1, 54.39473684210526), 5934, (27.9, 32.60526315789474), (27.3, 33.21052631578947), 205, 204, 203, 202, 201, 200, 199, 198, 197, 196, 195, 194, 193, 192, 191, 190, 189, 188, 187, 186, 185, 184, 183, 182, 181, 180, 179, 178, 177, 176, 175, 174, 173, 172, 171, 170, 169, 168, 167, 166, 165, 164, 6, 5, 4, 3, 2, (49.5, 53.18421052631579), (132.89999999999992, 33.21052631578947), 214, (50.7, 33.81578947368421), (104.69999999999999, 33.21052631578947), (140.1, 32.60526315789474), 66, (57.9, 54.39473684210526), (109.5, 53.78947368421053), (150.2999999999999, 33.21052631578947), (142.5, 53.18421052631579), (126.29999999999998, 33.21052631578947), (137.1, 53.18421052631579), 2507, 2508, 2509, 2510, 2511, 2512, 2513, 2514, 2515, 2516, 2517, 2518, 2519, 2520, 2521, 2522, 2523, 2524, 2525, 2526, 2527, 2528, 2529, 2530, 2531, 2532, 2533, 2534, 2535, 2536, 2537, 2538, 2539, 2540, 2541, 2542, 2543, 2544, 2545, 2546, 2547, 2548, 2549, 2550, 2551, 2552, 2553, 2554, 2555, 2556, 2557, 2558, 2559, 2560, 2561, 2562, 2563, 2564, 2565, 2566, 2567, 2568, 2569, 2570, 2571, 2572, 2573, 2574, 2575, 2576, 2577, 2578, 2579, 2580, 2581, 2582, 2583, 2584, 2585, 2586, 2587, 2588, 2589, 2590, 2591, 2592, 2593, 2594, 2595, 2596, 2597, 2598, 2599, 2600, 2601, 2602, 2603, 2604, 2605, 2606, 2607, 2608, 2609, 2610, 2611, 2612, 2613, 2614, 2615, 2616, 2617, 2618, 2619, 2620, 2621, 2622, 2623, 2624, 2625, 2626, 2627, 2628, 2629, 2630, 2631, 2632, 2633, 2634, 2635, 2636, 2637, 2638, 2639, 2640, 2641, 2642, 2643, 2644, 2645, 2646, 2647, 2648, 2649, 2650, 2651, 2652, 2653, 2654, 2655, 2656, 2657, 2658, 2659, 2660, 2661, 2662, 2663, 2664, 2665, 2666, 2667, 2668, 2669, 2670, 2671, 2672, 2673, 2674, 2675, 2676, 2677, 2678, 2679, 2680, 2681, 2682, 2683, 2684, 2685, 2686, 2687, 2688, 2689, 2690, 2691, 2692, 2693, 2694, 2695, 2696, 2697, 2698, 2699, 2700, 2701, 2702, 2703, 2704, 2705, 2706, 2707, 2708, 2709, 2710, 2711, 2712, 2713, 2714, 2715, 2716, 2717, 2718, 2719, 2720, 2721, 2722, 6033, 2356, 5175, (152.70000000000002, 37.44736842105263), (19.5, 49.55263157894737), (126.8999999999999, 52.57894736842105), (102.3, 52.57894736842105), (122.7, 33.21052631578947), (57.9, 53.78947368421053), 431, 430, 429, 428, 427, 426, 425, 424, 423, 422, 421, 420, 419, 418, 417, 416, 415, 414, 413, 412, 411, 410, 409, 408, 407, 406, 405, 404, 403, 402, 401, 400, 399, 398, 397, 396, 395, 394, 393, 392, 391, 390, 389, 388, 387, 386, 385, 384, 383, 382, 381, 380, 379, 378, 377, 376, 375, 374, 373, 372, 371, 370, 369, 368, 367, 366, 365, 364, 363, 362, 361, 360, 359, 358, 357, 356, 355, 354, 353, 352, 351, 350, 349, 348, 347, 346, 345, 344, 343, 246, 342, 341, 245, 244, 243, 242, (76.5, 33.81578947368421), 448, (104.1, 33.21052631578947), (83.69999999999999, 55.0), 2093, 18, 5486, (70.5, 33.21052631578947), (88.5, 34.42105263157894), (120.89999999999989, 53.78947368421053), (34.5, 54.39473684210526), (135.89999999999992, 55.0), (29.699999999999996, 54.39473684210526), (152.70000000000002, 45.315789473684205), (153.9, 45.315789473684205), (153.9, 44.710526315789465), 5927, 6050, (48.9, 32.0), (42.9, 33.81578947368421), (63.3, 32.60526315789474), (109.5, 32.0), (153.9, 47.13157894736842), (153.2999999999999, 46.52631578947368), (87.89999999999999, 52.57894736842105), 63, (53.099999999999994, 33.21052631578947), (154.5, 36.842105263157904), (33.3, 32.0), (53.099999999999994, 53.78947368421053), 2080, 1726, 2079, (131.1, 33.21052631578947), 5488, 5421, 5422, 5423, 5195, 5897, (93.89999999999999, 53.18421052631579), (153.2999999999999, 41.684210526315795), (126.29999999999998, 55.0), 2357, (39.300000000000004, 34.42105263157894), 2092, 33, (119.10000000000001, 32.0), 5929, (26.099999999999998, 33.21052631578947), (76.5, 32.0), (63.3, 54.39473684210526), (154.5, 51.36842105263157), (24.900000000000002, 54.39473684210526), (41.7, 33.21052631578947), (149.7, 53.18421052631579), (21.9, 39.26315789473684), (21.299999999999997, 44.10526315789474), (20.7, 44.710526315789465), (60.9, 32.0), 6051, (120.30000000000001, 32.0), (91.5, 32.60526315789474), (19.5, 46.52631578947368), (36.3, 55.0), (153.2999999999999, 45.92105263157894), 6002, (95.1, 32.60526315789474), (96.30000000000001, 34.42105263157894), (104.1, 33.81578947368421), (149.7, 32.60526315789474), (38.099999999999994, 54.39473684210526), 5695, (35.099999999999994, 52.57894736842105), 2377, (27.9, 33.21052631578947), (29.699999999999996, 33.81578947368421), (83.69999999999999, 32.0), 5701, (146.70000000000002, 33.81578947368421), (97.5, 53.78947368421053), 2341, (146.70000000000002, 32.60526315789474), 2360, (108.3, 53.78947368421053), (104.69999999999999, 54.39473684210526), 5893, (106.5, 32.0), (152.1, 50.15789473684211), (154.5, 37.44736842105263), (49.5, 33.81578947368421), 5462, (141.89999999999992, 33.81578947368421), 5480, (140.1, 54.39473684210526), (90.3, 33.81578947368421), (147.3, 33.81578947368421), 454, (56.69999999999999, 33.81578947368421), (74.1, 33.21052631578947), (35.099999999999994, 53.18421052631579), (87.89999999999999, 32.60526315789474), 5895, (128.10000000000002, 33.81578947368421), (123.89999999999989, 53.78947368421053), (32.7, 34.42105263157894), 5935, (84.89999999999998, 53.18421052631579), (84.3, 54.39473684210526), (30.29999999999999, 52.57894736842105), (21.299999999999997, 52.57894736842105), (20.7, 53.18421052631579), (104.69999999999999, 53.78947368421053), (44.099999999999994, 32.60526315789474), (56.1, 33.81578947368421), 919, 2380, (118.5, 52.57894736842105), 241, (21.299999999999997, 43.5), (19.5, 43.5), (93.3, 55.0), (82.5, 32.60526315789474), (94.5, 53.18421052631579), (113.7, 55.0), (50.7, 53.18421052631579), (51.900000000000006, 32.0), (111.3, 32.60526315789474), (111.3, 33.21052631578947), (24.900000000000002, 53.78947368421053), (154.5, 32.60526315789474), (87.89999999999999, 32.0), 65, 5669, (89.7, 33.81578947368421), (33.9, 32.60526315789474), (110.7, 54.39473684210526), (72.30000000000001, 53.78947368421053), (147.9, 53.78947368421053), (137.7, 53.78947368421053), (137.1, 53.78947368421053), 2943, 2944, (94.5, 33.81578947368421), (35.7, 32.0), (19.5, 38.05263157894737), (63.9, 52.57894736842105), (153.2999999999999, 53.78947368421053), (31.5, 33.21052631578947), (54.3, 52.57894736842105), (72.9, 55.0), (84.89999999999998, 33.81578947368421), (152.1, 39.86842105263157), 5885, 158, (105.8999999999999, 34.42105263157894), 5459, (35.7, 32.60526315789474), (134.1, 32.0), 2106, (63.9, 33.81578947368421), (63.3, 33.81578947368421), 6057, (153.2999999999999, 32.60526315789474), (86.7, 55.0), (19.5, 34.42105263157894), (53.099999999999994, 32.0), (152.70000000000002, 47.13157894736842), (134.1, 53.78947368421053), (154.5, 42.89473684210526), (117.30000000000001, 34.42105263157894), 6070, (153.9, 51.36842105263157), (135.3, 52.57894736842105), (107.69999999999999, 33.81578947368421), 5844, (87.30000000000001, 53.18421052631579), (41.7, 54.39473684210526), (153.2999999999999, 44.10526315789474), (117.30000000000001, 33.81578947368421), 2373, (142.5, 54.39473684210526), (134.7, 55.0), 1735, 1734, 1733, 1732, 1731, 1730, 1729, 1728, 2081, 6065, 5838, (152.1, 36.842105263157904), 5413, (152.70000000000002, 42.89473684210526), (146.70000000000002, 55.0), (148.5, 54.39473684210526), (134.1, 55.0), (44.099999999999994, 34.42105263157894), (150.2999999999999, 52.57894736842105), (90.3, 32.60526315789474), (88.5, 32.0), (51.3, 33.21052631578947), (106.5, 34.42105263157894), (48.9, 52.57894736842105), 443, (45.300000000000004, 53.18421052631579), (44.699999999999996, 52.57894736842105), (106.5, 53.78947368421053), (105.8999999999999, 53.78947368421053), 453, (52.5, 33.81578947368421), (144.8999999999999, 52.57894736842105), 5899, (132.89999999999992, 32.0), (119.10000000000001, 32.60526315789474), 5928, 3833, 3834, 3835, 3836, 3837, 3838, 3839, 3840, 3841, 3842, 3843, 3844, 3845, 3846, 3847, 3848, 3849, 3850, 3851, 3852, 3853, 3854, 3855, 3856, 3857, 3858, 3859, 3860, 3861, 3862, 3863, 3864, 3865, 3866, 3867, 3868, 3869, 3870, 3871, 3872, 3873, 3874, 3875, 3876, 3877, 3878, 3879, 3880, 3881, 3882, 3883, 3884, 3885, 3886, 3887, 3888, 3889, 3890, 3891, 3892, 3893, 3894, 3895, 3896, 3897, 3898, 3899, 3900, 3901, 3902, 3903, 3904, 3905, 3906, 3907, 3908, 3909, 3910, 3911, 3912, 3913, 3914, 3915, 3916, 3917, 3918, 3919, 3920, 3921, 3922, 3923, 3924, 3925, 3926, 3927, 3928, 3929, 3930, 3931, 3932, 3933, 3934, 3935, 3936, 3937, 3938, 3939, 3940, 3941, 3942, 3943, 3944, 3945, 3946, 3947, 3948, 3949, 3950, 3951, 3952, 3953, 3954, 3955, 3956, 3957, 3958, 3959, 3960, 3961, 3962, 3963, 3964, 3965, 3966, 3967, 3968, 3969, 3970, 3971, 3972, 3973, 3974, 3975, 3976, 3977, 3978, 3979, 3980, 3981, 3982, 3983, 3984, 3985, 3986, 3987, 3988, 3989, 3990, 3991, 3992, 3993, 3994, 3995, 3996, 3997, 3998, 3999, 4000, 4001, 4002, 4003, 4004, 4005, 4006, 4007, 4008, 4009, 4010, 4011, 4012, 4013, 4014, 4015, 4016, 4017, 4018, 4019, 4020, 4021, 4022, 4023, 4024, 4025, 4026, 4027, 4028, 4029, 4030, 4031, 4032, 4033, 4034, 4035, 4036, 4037, 4038, 4039, 4040, 4041, 4042, 4043, 4044, 4045, 4046, 4047, 4048, 4049, 6004, (129.29999999999998, 55.0), (147.9, 33.21052631578947), (153.2999999999999, 42.89473684210526), (153.9, 36.842105263157904), (124.50000000000001, 34.42105263157894), 5938, 6018, (62.69999999999999, 55.0), 445, 2096, 2099, 1747, 6043, (48.9, 53.18421052631579), (98.69999999999999, 54.39473684210526), (69.9, 34.42105263157894), (139.5, 34.42105263157894), (95.1, 54.39473684210526), (33.3, 32.60526315789474), (28.5, 54.39473684210526), (29.699999999999996, 53.78947368421053), 23, (34.5, 52.57894736842105), (110.7, 33.81578947368421), 5460, (110.1, 52.57894736842105), (152.1, 35.02631578947368), (153.2999999999999, 39.86842105263157), (131.1, 54.39473684210526), (61.5, 33.81578947368421), (134.1, 53.18421052631579), (135.3, 53.18421052631579), (134.7, 53.18421052631579), 4051, (69.3, 32.60526315789474), (75.3, 34.42105263157894), (50.09999999999999, 33.81578947368421), (48.9, 33.21052631578947), 2060, (126.29999999999998, 53.18421052631579), (100.49999999999999, 54.39473684210526), (98.10000000000001, 53.18421052631579), 5478, (55.5, 32.60526315789474), (51.3, 32.60526315789474), (38.099999999999994, 52.57894736842105), (114.89999999999992, 33.21052631578947), (98.10000000000001, 32.60526315789474), 1749, (143.70000000000002, 55.0), (152.1, 50.763157894736835), (129.29999999999998, 34.42105263157894), (131.1, 52.57894736842105), (144.8999999999999, 33.21052631578947), (144.3, 33.21052631578947), (85.5, 33.81578947368421), (138.3, 53.78947368421053), (141.89999999999992, 55.0), (143.1, 55.0), 2339, (20.7, 51.36842105263157), (54.3, 53.18421052631579), (53.69999999999999, 52.57894736842105), 55, (42.300000000000004, 32.60526315789474), (102.8999999999999, 54.39473684210526), (78.89999999999999, 55.0), (124.50000000000001, 33.81578947368421), (61.5, 32.0), (62.69999999999999, 53.78947368421053), (75.3, 55.0), (76.5, 54.39473684210526), (105.8999999999999, 33.81578947368421), (85.5, 55.0), (129.8999999999999, 52.57894736842105), 1717, 2068, 1714, 1713, 1712, 1711, 1710, 1709, 1708, 1707, 1706, 1705, 1704, 1703, 1702, 1701, 1700, 1699, 1698, 1697, 1696, 1695, 1694, 1693, 1692, 1691, 1690, 1689, 1688, 1687, 1686, 1685, 1684, 1683, 1682, 1681, 1680, 1679, 1678, 1677, 1676, 1675, 1674, 1673, 1672, 1671, 1670, 1669, 1668, 1667, 1666, 1665, 1664, 1663, 1662, 1661, 1660, 1659, 2012, 2013, 2014, 2015, 2016, 2017, 2018, 2019, 2020, 2021, 2022, 2023, 2024, 2025, 2026, 2027, 2028, 2029, 2030, 2031, 2032, 2033, 2034, 2035, 2036, 2037, 2038, 2039, 2040, 2041, 2042, 2043, 2044, 2045, 2046, 2067, (136.5, 34.42105263157894), (135.89999999999992, 34.42105263157894), (60.300000000000004, 34.42105263157894), (59.69999999999999, 33.81578947368421), 2349, (104.1, 52.57894736842105), (52.5, 52.57894736842105), 210, (99.89999999999998, 32.60526315789474), 5920, 5777, 5921, (103.49999999999999, 33.21052631578947), (154.5, 43.5), 4718, 4717, 4716, 4715, 4714, 4713, 4712, 4711, 4710, 4709, 4708, 4707, 4706, 4705, 4704, 4703, 4702, 4701, 4700, 4699, 4698, 4697, 4696, 4695, 4694, 4693, 4692, 4691, 4690, 4689, 4688, 4687, 4686, 4685, 4684, 4683, 4682, 4681, 4680, 4679, 4678, 4677, 4676, 4675, 4674, 4673, 4672, 4671, 4670, 4669, 4668, 4667, 4666, 4665, 4664, 4663, 4662, 4661, 4660, 4659, 4658, 4657, 4656, 4655, 4654, 4653, 4652, 4651, 4650, 4649, 4648, 4647, 4646, 4645, 4644, 4643, 4642, 4641, 4640, 4639, 4638, 4637, 4636, 4635, 4634, 4633, 4632, 4631, 4630, 4629, 4628, 4627, 4626, 4625, 4624, 4623, 4622, 4621, 4620, 4619, 4618, 4617, 4616, 4615, 4614, 4613, 4612, 4611, 4610, 4609, 4608, 4607, 4606, 4605, 4604, 4603, 4602, 4601, 4600, 4599, 4598, 4597, 4596, 4595, 4594, 4593, 4592, 4591, 4590, 4589, 4588, 4587, 4586, 4585, 4584, 4583, 4582, 4581, 4580, 4579, 4578, 4577, 4576, 4575, 4574, 4573, 4572, 4571, 4570, 4569, 4568, 4567, 4566, 4565, 4564, 4563, 4562, 4561, 4560, 4559, 4558, 4557, 4556, 4555, 4554, 4553, 4552, 4551, 4550, 4549, 4548, 4547, 4546, 4545, 4544, 4543, 4542, 4541, 4540, 4539, 4538, 4537, 4536, 4535, 4534, 4533, 4532, 4531, 4530, 4529, 4528, 4527, 4526, 4525, 4524, 4523, 4522, 4521, 4520, 4519, 4518, 4517, 4516, 4515, 4514, 4513, 4512, 4511, 4510, 4509, 4508, 4507, 4506, 4505, 4504, 4503, 4502, 4501, 4500, 4499, 4498, 4497, 4496, 6036, 6052, (143.70000000000002, 34.42105263157894), (72.9, 33.81578947368421), (153.9, 36.236842105263165), (95.7, 32.0), (140.1, 33.21052631578947), (138.8999999999999, 33.81578947368421), (65.1, 33.21052631578947), (153.2999999999999, 40.47368421052631), (86.1, 53.18421052631579), (30.9, 54.39473684210526), (97.5, 32.60526315789474), (54.900000000000006, 53.78947368421053), (123.89999999999989, 52.57894736842105), 1414, 3386, (63.3, 33.21052631578947), (74.1, 34.42105263157894), (75.3, 33.81578947368421), (87.30000000000001, 32.60526315789474), (153.9, 50.15789473684211), (143.70000000000002, 33.81578947368421), (146.70000000000002, 54.39473684210526), 2724, (54.3, 55.0), (107.69999999999999, 52.57894736842105), 2386, (21.299999999999997, 51.36842105263157), (72.9, 32.0), (30.9, 55.0), (113.7, 33.81578947368421), (144.3, 32.60526315789474), (68.10000000000001, 34.42105263157894), (123.30000000000001, 32.0), (126.29999999999998, 33.81578947368421), (27.9, 33.81578947368421), (86.7, 33.81578947368421), (108.8999999999999, 32.60526315789474), (79.5, 34.42105263157894), 5859, (132.89999999999992, 33.81578947368421), (28.5, 55.0), (29.1, 55.0), 917, 5924, (86.1, 33.81578947368421), (89.1, 54.39473684210526), (99.3, 54.39473684210526), (99.89999999999998, 55.0), (78.89999999999999, 53.18421052631579), (123.30000000000001, 33.21052631578947), (131.7, 32.60526315789474), (20.7, 38.6578947368421), (144.3, 55.0), 5918, 5775, 5919, (128.7, 52.57894736842105), (152.1, 42.89473684210526), (152.1, 42.289473684210535), (133.5, 33.21052631578947), (134.1, 32.60526315789474), (153.2999999999999, 52.57894736842105), 1727, (66.9, 33.81578947368421), (74.1, 32.60526315789474), (120.30000000000001, 32.60526315789474), (94.5, 52.57894736842105), 2338, (59.1, 53.78947368421053), (59.69999999999999, 53.18421052631579), (84.3, 33.21052631578947), (24.900000000000002, 33.81578947368421), (123.30000000000001, 33.81578947368421), (62.1, 55.0), (83.10000000000001, 53.78947368421053), (77.69999999999999, 54.39473684210526), (154.5, 44.710526315789465), (33.9, 53.78947368421053), (87.30000000000001, 54.39473684210526), (87.89999999999999, 53.18421052631579), 2336, (95.7, 34.42105263157894), (72.30000000000001, 55.0), (117.30000000000001, 33.21052631578947), 2222, 2223, (91.5, 55.0), (90.9, 54.39473684210526), (29.699999999999996, 32.0), (51.3, 53.78947368421053), (154.5, 41.07894736842105), (146.1, 32.0), (154.5, 55.0), (47.699999999999996, 54.39473684210526), (47.099999999999994, 54.39473684210526), 14, (29.1, 52.57894736842105), (68.69999999999999, 32.0), 2109, 2110, 2111, 2112, 2113, 2114, 2115, 2116, 2117, 2118, 2119, 2120, 2121, 2122, 2123, 2124, 2125, 2126, 2127, 2128, 2129, 2130, 2131, 2132, 2133, 2134, 2135, 2136, 2137, 2138, 2139, 2140, 2141, 2142, 2143, 2144, 2145, 2146, 2147, 2148, 2149, 2150, 2151, 2152, 2153, 2154, 2155, 2156, 2157, 2158, 2159, 2160, 2161, 2162, 2163, 2164, 2165, 2166, 2167, 2168, 2169, 2170, 2171, 2172, 2173, 2174, 2175, 2176, 2177, 2178, 2179, 2180, 2181, 2182, 2183, 2184, 2185, 2186, 2187, 2188, 2189, 2190, 2191, 2192, 2193, 2194, 2195, 2196, 2197, 2198, 2199, 2200, 2201, 2202, 2203, 2204, 2205, 2206, 2207, 2208, 2209, 2210, 2211, 2212, 2213, 2214, 2215, 2216, 1888, 1889, 1890, 1891, 1892, 1893, 1894, 1895, 1896, 1897, 1898, 1899, 1900, 1901, 1902, 1903, 1904, 1905, 1906, 1907, 1908, 1909, 1910, 1911, 1912, 1913, 1462, 1914, 1463, 1915, 1464, 1916, 1465, 1917, 1466, 1918, 1919, 1920, 1921, 1922, 1923, 1924, 1925, 1926, 1927, 1928, 1929, 1930, 1931, 1932, 1933, 1934, 1935, 1936, 1937, 1938, 1939, 1940, 1941, 1942, 1943, 1944, 1945, 1946, 1947, 1948, 1949, 1950, 1951, 1952, 1953, 1954, 1955, 1956, 1957, 1958, 1959, 1960, 1961, 1962, 1963, 1964, 1965, 1966, 1967, 1968, 1969, 1970, 1971, 1972, 1973, 1974, 1975, 1976, 1977, 1978, 1979, 1980, 1981, 1982, 1983, 1984, 1985, 1986, 1987, 1988, 1989, 1990, 1991, 1992, 1993, 1994, 1995, 1996, 1997, (152.1, 46.52631578947368), (131.7, 33.81578947368421), (131.1, 33.81578947368421), (91.5, 32.0), (124.50000000000001, 32.0), (124.50000000000001, 32.60526315789474), (21.9, 47.13157894736842), (74.1, 52.57894736842105), (90.3, 52.57894736842105), (95.7, 54.39473684210526), 2344, 2343, (20.7, 39.26315789473684), (20.099999999999998, 43.5), (21.9, 44.10526315789474), (41.7, 53.78947368421053), (44.099999999999994, 55.0), (43.5, 55.0), (104.69999999999999, 34.42105263157894), (104.69999999999999, 32.60526315789474), (104.1, 32.60526315789474), 36, (53.099999999999994, 55.0), 5906, (154.5, 54.39473684210526), (146.1, 33.21052631578947), (51.900000000000006, 33.21052631578947), (117.30000000000001, 32.60526315789474), (104.69999999999999, 55.0), 1875, 5933, (48.3, 54.39473684210526), (64.5, 52.57894736842105), (141.3, 53.18421052631579), (141.3, 53.78947368421053), (59.69999999999999, 32.0), (58.5, 33.81578947368421), (23.700000000000003, 52.57894736842105), (152.70000000000002, 35.02631578947368), (120.30000000000001, 52.57894736842105), (153.2999999999999, 35.02631578947368), 218, (23.1, 52.57894736842105), (40.5, 32.60526315789474), (72.30000000000001, 32.0), (77.69999999999999, 33.81578947368421), (145.5, 53.18421052631579), 5193, (19.5, 33.21052631578947), (90.9, 33.81578947368421), (125.70000000000002, 33.81578947368421), (126.8999999999999, 33.81578947368421), (126.8999999999999, 34.42105263157894), (33.9, 33.21052631578947), (33.9, 33.81578947368421), (51.900000000000006, 32.60526315789474), (86.1, 33.21052631578947), (86.1, 32.60526315789474), (85.5, 32.60526315789474), 440, (28.5, 53.18421052631579), (61.5, 54.39473684210526), (60.300000000000004, 53.78947368421053), (61.5, 52.57894736842105), 5660, (30.9, 32.60526315789474), (96.30000000000001, 33.21052631578947), 35, (65.69999999999999, 32.60526315789474), 24, (20.099999999999998, 38.05263157894737), (122.7, 53.78947368421053), (105.3, 52.57894736842105), (78.89999999999999, 33.21052631578947), (76.5, 52.57894736842105), (54.900000000000006, 33.21052631578947), (65.69999999999999, 33.81578947368421), (100.49999999999999, 33.81578947368421), (149.10000000000002, 52.57894736842105), (30.29999999999999, 53.18421052631579), (87.89999999999999, 53.78947368421053), 771, (84.89999999999998, 52.57894736842105), 6032, 5424, (66.9, 52.57894736842105), (67.5, 52.57894736842105), (98.10000000000001, 34.42105263157894), (83.10000000000001, 54.39473684210526), 5666, 6074, (147.3, 33.21052631578947), (147.9, 33.81578947368421), (132.29999999999998, 34.42105263157894), (92.10000000000001, 54.39473684210526), (89.7, 32.0), 672, 671, 670, 669, 668, 667, 666, 665, 664, 663, 662, 661, 660, 659, 658, 657, 656, 655, 654, 653, 652, 651, 650, 649, 648, 647, 646, 645, 644, 643, 642, 641, 640, 639, 638, 637, 636, 635, 634, 633, 632, 631, 630, 629, 628, 627, 626, 625, 624, 623, 622, 621, 620, 619, 618, 617, 616, 615, 614, 613, 612, 611, 610, 609, 608, 607, 606, 605, 604, 603, 602, 601, 600, 599, 598, 597, 596, 595, 594, 593, 592, 591, 590, 589, 588, 587, 586, 585, 584, 583, 582, 581, 580, 579, 578, 577, 576, 575, 574, 573, 572, 571, 570, 569, 568, 567, 566, 565, 564, 563, 562, 886, 885, 884, 883, 882, 881, 880, 879, 878, 877, 876, 875, 874, 873, 872, 871, 870, 869, 868, 867, 866, 865, 864, 863, 862, 861, 860, 859, 858, 857, 856, 855, 854, 853, 852, 851, 850, 849, 848, 847, 846, 845, 844, 843, 842, 841, 840, 839, 838, 837, 836, 835, 834, 833, 832, 831, 830, 829, 828, 827, 826, 825, 824, 823, 822, 821, 820, 819, 818, 817, 816, 815, 814, 813, 812, 811, 810, 809, 808, 807, 806, 805, 804, 803, 802, 801, 800, 799, 798, 797, 796, 795, 794, 793, 792, 791, 790, 789, 788, 787, 786, 785, 784, 783, 782, 781, 780, 779, (23.1, 32.60526315789474), (76.5, 34.42105263157894), (21.299999999999997, 38.05263157894737), (131.7, 32.0), (83.69999999999999, 53.18421052631579), (84.3, 34.42105263157894), (83.10000000000001, 34.42105263157894), (46.5, 32.60526315789474), 5449, (147.3, 32.60526315789474), (130.5, 34.42105263157894), (21.9, 38.6578947368421), 5849, 5442, 17, (32.1, 55.0), (153.2999999999999, 43.5), 6059, (97.5, 33.81578947368421), (98.10000000000001, 33.81578947368421), (153.9, 55.0), (153.2999999999999, 55.0), (152.1, 53.78947368421053), (154.5, 50.763157894736835), (42.9, 33.21052631578947), (104.1, 54.39473684210526), (138.8999999999999, 32.60526315789474), (138.3, 32.60526315789474), (138.3, 34.42105263157894), (112.5, 33.81578947368421), (113.1, 34.42105263157894), (113.7, 34.42105263157894), (71.69999999999999, 32.60526315789474), (19.5, 40.47368421052631), (64.5, 33.81578947368421), 5687, (63.9, 34.42105263157894), (117.89999999999989, 34.42105263157894), (24.3, 32.0), (123.30000000000001, 53.78947368421053), (125.1, 52.57894736842105), (65.1, 32.0), (87.30000000000001, 33.21052631578947), (85.5, 33.21052631578947), 2098, 1745, (75.9, 54.39473684210526), (39.300000000000004, 53.18421052631579), 67, (69.9, 54.39473684210526), (134.1, 54.39473684210526), (119.7, 54.39473684210526), (96.30000000000001, 53.18421052631579), 2368, (116.7, 53.18421052631579), (70.5, 53.78947368421053), (92.69999999999999, 33.81578947368421), (87.30000000000001, 33.81578947368421), 6071, (87.89999999999999, 34.42105263157894), (98.69999999999999, 53.78947368421053), (99.3, 53.78947368421053), (83.69999999999999, 32.60526315789474), (99.3, 53.18421052631579), 5692, (19.5, 32.0), (136.5, 53.78947368421053), (39.900000000000006, 33.21052631578947), (137.7, 53.18421052631579), (25.5, 32.60526315789474), (148.5, 53.18421052631579), 2100, (54.900000000000006, 33.81578947368421), (21.299999999999997, 54.39473684210526), (27.3, 33.81578947368421), (32.1, 32.0), 6042, (137.7, 32.60526315789474), (90.9, 32.60526315789474), (89.1, 34.42105263157894), (147.9, 55.0), (20.7, 43.5), 6068, (101.69999999999999, 32.60526315789474), (51.900000000000006, 53.18421052631579), (52.5, 54.39473684210526), (49.5, 53.78947368421053), 62, (87.30000000000001, 34.42105263157894), (118.5, 34.42105263157894), (118.5, 33.21052631578947), 5650, (38.099999999999994, 32.60526315789474), (128.10000000000002, 34.42105263157894), 3609, (147.9, 32.60526315789474), (91.5, 52.57894736842105), (36.9, 53.78947368421053), (151.5, 53.18421052631579), 2945, (39.900000000000006, 32.60526315789474), 2085, 2095, (116.7, 34.42105263157894), (102.8999999999999, 34.42105263157894), (19.5, 55.0), (138.8999999999999, 55.0), (141.89999999999992, 54.39473684210526), (48.3, 33.21052631578947), (101.69999999999999, 33.81578947368421), (121.50000000000001, 52.57894736842105), (69.3, 53.78947368421053), (54.3, 53.78947368421053), (54.3, 54.39473684210526), (57.300000000000004, 53.78947368421053), (71.69999999999999, 33.21052631578947), (19.5, 41.684210526315795), 5649, 5648, (99.3, 33.21052631578947), 5452, 5451, (40.5, 33.81578947368421), 1723, (99.3, 52.57894736842105), (103.49999999999999, 53.78947368421053), (125.70000000000002, 34.42105263157894), (54.900000000000006, 54.39473684210526), (72.9, 34.42105263157894), 436, 437, (60.300000000000004, 52.57894736842105), (126.8999999999999, 53.18421052631579), (62.1, 54.39473684210526), (120.89999999999989, 53.18421052631579), (135.3, 32.0), 435, 340, (83.10000000000001, 53.18421052631579), (27.3, 52.57894736842105), 1743, (119.7, 53.18421052631579), (123.89999999999989, 33.81578947368421), (129.29999999999998, 33.21052631578947), (118.5, 54.39473684210526), 4271, 4270, 4269, 4268, 4267, 4266, 4265, 4264, 4263, 4262, 4261, 4260, 4259, 4258, 4257, 4256, 4255, 4254, 4253, 4252, 4251, 4250, 4249, 4248, 4247, 4246, 4245, 4244, 4243, 4242, 4241, 4240, 4239, 4238, 4237, 4236, 4235, 4234, 4233, 4232, 4231, 4230, 4229, 4228, 4227, 4226, 4225, 4224, 4223, 4222, 4221, 4220, 4219, 4218, 4217, 4216, 4215, 4214, 4213, 4212, 4211, 4210, 4209, 4208, 4207, 4206, 4205, 4204, 4203, 4202, 4201, 4200, 4199, 4198, 4197, 4196, 4195, 4194, 4193, 4192, 4191, 4190, 4189, 4188, 4187, 4186, 4185, 4184, 4183, 4182, 4181, 4180, 4179, 4178, 4177, 4176, 4175, 4174, 4173, 4172, 4171, 4170, 4169, 4168, 4167, 4166, 4165, 4164, 4163, 4162, 4161, 4160, 4159, 4158, 4157, 4156, 4155, 4154, 4153, 4152, 4151, 4150, 4149, 4148, 4147, 4146, 4145, 4144, 4143, 4142, 4141, 4140, 4139, 4138, 4137, 4136, 4135, 4134, 4133, 4132, 4131, 4130, 4129, 4128, 4127, 4126, 4125, 4124, 4123, 4122, 4121, 4120, 4119, 4118, 4117, 4116, 4115, 4114, 4113, 4112, 4111, 4110, 4109, 4108, 4107, 4106, 4105, 4104, 4103, 4102, 4101, 4100, 4099, 4098, 4097, 4096, 4095, 4094, 4093, 4092, 4091, 4090, 4089, 4088, 4087, 4086, 4085, 4084, 4083, 4082, 4081, 4080, 4079, 4078, 4077, 4076, 4075, 4074, 4073, 4072, 4071, 4070, 4069, 4068, 4067, 4066, 4065, 4064, 4063, 4062, 4061, 4060, 4059, 4058, 4057, 4056, 4055, 4054, 4053, 4052, 4050, (25.5, 34.42105263157894), (148.5, 33.81578947368421), (57.300000000000004, 32.0), (21.9, 55.0), 6029, 4721, 4722, 4723, 4724, 4725, 4726, 4727, 4728, 4729, 4730, 4731, 4733, 4732, 4734, 4735, 4736, 4737, 4738, 4739, 4740, 4741, 4742, 4743, 4744, 4745, 4746, 4747, 4748, 4749, 4750, 4751, 4752, 4753, 4754, 4755, 4756, 4757, 4758, 4759, 4760, 4761, 4762, 4763, 4764, 4765, 4766, 4767, 4768, 4769, 4770, 4771, 4772, 4773, 4774, 4775, 4776, 4777, 4778, 4779, 4780, 4781, 4782, 4783, 4784, 4785, 4786, 4787, 4788, 4789, 4790, 4791, 4792, 4793, 4794, 4795, 4796, 4797, 4798, 4799, 4800, 4801, 4802, 4803, 4804, 4805, 4806, 4807, 4808, 4809, 4810, 4811, 4812, 4813, 4814, 4815, 4816, 4817, 4818, 4819, 4820, 4821, 4822, 4823, 4824, 4825, 4826, 4827, 4828, 4829, 4830, 4831, 4832, 4833, 4834, 4835, 4836, 4837, 4838, 4839, 4840, 4841, 4842, 4843, 4844, 4845, 4846, 4847, 4848, 4849, 4850, 4851, 4852, 4853, 4854, 4855, 4856, 4857, 4858, 4859, 4860, 4861, 4862, 4863, 4864, 4865, 4866, 4867, 4868, 4869, 4870, 4871, 4872, 4873, 4874, 4875, 4876, 4877, 4878, 4879, 4880, 4881, 4882, 4883, 4884, 4885, 4886, 4887, 4888, 4889, 4890, 4891, 4892, 4893, 4894, 4895, 4896, 4897, 4898, 4899, 4900, 4901, 4902, 4903, 4904, 4905, 4906, 4907, 4908, 4909, 4910, 4911, 4912, 4913, 4914, 4915, 4916, 4917, 4918, 4919, 4920, 4921, 4922, 4923, 4924, 4925, 4926, 4927, 4928, 4929, 4930, 4931, 4932, 4933, 4934, 4935, 4936, 4937, 4938, 4939, 4940, 4941, 4942, 4943, 4944, 4945, 4946, (20.099999999999998, 48.94736842105263), 1282, 1283, 1284, 1285, 1286, 1287, 1288, 1289, 1290, 1291, 1292, 1293, 1294, 1295, 1296, 1297, 1298, 1299, 1300, 1301, 1302, 1303, 1304, 1305, 1306, 1307, 1308, 1309, 1310, 1311, 1312, 1313, 1314, 1315, 1316, 1317, 1318, 1319, 1320, 1321, 1322, 1323, 1324, 1325, 1326, 1327, 1328, 1329, 1330, 1331, 1332, 1333, 1334, 1335, 1336, 1337, 1338, 1339, 1340, 1341, 1342, 1343, 1344, 1345, 1346, 1347, 1348, 1349, 1350, 1351, 1352, 1353, 1354, 1355, 1356, 1357, 1358, 1359, 1360, 1361, 1362, 1363, 1364, 1365, 1366, 1367, 1368, 1369, 1370, 1371, 1372, 1373, 1374, 1375, 1376, 1377, 1378, 1379, 1380, 1381, 1382, 1383, 1384, 1385, 1386, 1387, 1388, 1389, 1390, 1391, 946, 947, 948, 949, 950, 951, 1072, 1073, 1074, 952, 1075, 953, 1076, 1077, 1078, 1079, 1080, 1081, 1082, 1083, 1084, 1085, 1086, 1185, 1186, 1187, 1188, 1189, 1190, 1191, 1192, 1193, 1194, 1195, 1196, 1197, 1198, 1199, 1200, 1201, 1202, 1203, 1204, 1205, 1206, 1207, 1208, 1209, 1210, 1211, 1212, 1213, 1214, 1215, 1216, 1217, 1218, 1219, 1220, 1221, 1222, 1223, 1224, 1225, 1226, 1227, 1228, 1229, 1230, 1231, 1232, 1233, 1234, 1235, 1236, 1237, 1238, 1239, 1240, 1241, 1242, 1243, 1244, 1245, 1246, 1247, 1248, 1249, 1250, 1251, 1252, 1253, 1254, 1255, 1256, 1257, 1258, 1259, 1260, 1261, 1262, 1263, 1264, 1265, 1266, 1267, 1268, 1269, 1270, 1271, 1272, 1273, 1274, 1275, 1276, 6027, (61.5, 55.0), (60.9, 54.39473684210526), 5699, (98.69999999999999, 34.42105263157894), 2345, (79.5, 54.39473684210526), (78.3, 53.78947368421053), (78.89999999999999, 32.0), 2942, 2941, 2940, 2939, 2938, 2937, 2936, 2935, 2934, 2933, 2932, 2931, 2930, 2929, 2928, 2927, 2926, 2925, 2924, 2923, 2922, 2921, 2920, 2919, 2918, 2917, 2916, 2915, 2914, 2913, 2912, 2911, 2910, 2909, 2908, 2907, 2906, 2905, 2904, 2903, 2902, 2901, 2900, 2899, 2898, 2897, 2896, 2895, 2894, 2893, 2892, 2891, 2890, 2889, 2888, 2887, 2886, 2885, 2884, 2883, 2882, 2881, 2880, 2879, 2878, 2877, 2876, 2875, 2874, 2873, 2872, 2871, 2870, 2869, 2868, 2867, 2866, 2865, 2864, 2863, 2862, 2861, 2860, 2859, 2858, 2857, 2856, 2855, 2854, 2853, 2852, 2851, 2850, 2849, 2848, 2847, 2846, 2845, 2844, 2843, 2842, 2841, 2840, 2839, 2838, 2837, 2836, 2835, 2834, 2833, 2832, 2831, 2830, 2829, 2828, 2827, 2826, 2825, 2824, 2823, 2822, 2821, 2820, 2819, 2818, 2817, 2816, 2815, 2814, 2813, 2812, 2811, 2810, 2809, 2808, 2807, 2806, 2805, 2804, 2803, 2802, 2801, 2800, 2799, 2798, 2797, 2796, 2795, 2794, 2793, 2792, 2791, 2790, 2789, 2788, 2787, 2786, 2785, 2784, 2783, 2782, 2781, 2780, 2779, 2778, 2777, 2776, 2775, 2774, 2773, 2772, 2771, 2770, 2769, 2768, 2767, 2766, 2765, 2764, 2763, 2762, 2761, 2760, 2759, 2758, 2757, 2756, 2755, 2754, 2753, 2752, 2751, 2750, 2749, 2748, 2747, 2746, 2745, 2744, 2743, 2742, 2741, 2740, 2739, 2738, 2737, 2736, 2735, 2734, 2733, 2732, 2731, 2730, 2729, 2728, 2727, 2726, (154.5, 51.97368421052631), (101.69999999999999, 33.21052631578947), (102.8999999999999, 33.81578947368421), 2376, (138.8999999999999, 33.21052631578947), (26.099999999999998, 54.39473684210526), (49.5, 55.0), (153.2999999999999, 54.39473684210526), (153.9, 52.57894736842105), (32.7, 32.60526315789474), 1721, (36.9, 52.57894736842105), (55.5, 34.42105263157894), 5474, 54, (146.1, 32.60526315789474), (146.70000000000002, 32.0), (21.299999999999997, 36.236842105263165), 5415, (88.5, 54.39473684210526), (153.9, 42.89473684210526), (153.9, 44.10526315789474), (115.5, 33.81578947368421), (116.7, 33.81578947368421), (89.7, 34.42105263157894), (20.7, 35.02631578947368), (37.5, 54.39473684210526), (36.9, 55.0), (108.8999999999999, 55.0), (82.5, 54.39473684210526), (59.1, 52.57894736842105), (55.5, 55.0), (72.30000000000001, 52.57894736842105), (48.9, 33.81578947368421), 5756, (105.3, 33.21052631578947), (114.3, 33.21052631578947), (42.300000000000004, 52.57894736842105), (72.9, 33.21052631578947), (135.3, 54.39473684210526), (90.3, 55.0), (92.10000000000001, 53.78947368421053), (152.70000000000002, 39.26315789473684), (22.5, 55.0), (140.7, 34.42105263157894), (141.3, 33.81578947368421), (46.5, 55.0), (44.099999999999994, 53.18421052631579), (42.9, 52.57894736842105), 40, 41, (36.9, 32.60526315789474), (126.8999999999999, 33.21052631578947), (150.89999999999998, 34.42105263157894), 58, (25.5, 33.21052631578947), (46.5, 33.81578947368421), (140.7, 32.60526315789474), (139.5, 32.60526315789474), 432, (135.89999999999992, 33.21052631578947), (22.5, 52.57894736842105), (120.89999999999989, 34.42105263157894), (39.900000000000006, 54.39473684210526), (42.300000000000004, 53.18421052631579), 37, (139.5, 53.18421052631579), (152.1, 51.36842105263157), 2102, (152.70000000000002, 54.39473684210526), 2087, (77.69999999999999, 34.42105263157894), (39.300000000000004, 33.21052631578947), 5652, (21.299999999999997, 53.78947368421053), (152.1, 54.39473684210526), (150.89999999999998, 54.39473684210526), (128.10000000000002, 52.57894736842105), (56.1, 53.78947368421053), (56.1, 54.39473684210526), (56.69999999999999, 54.39473684210526), (66.9, 33.21052631578947), (66.9, 32.60526315789474), (128.10000000000002, 32.0), 2383, (127.49999999999999, 32.60526315789474), (95.1, 52.57894736842105), (43.5, 33.81578947368421), (108.8999999999999, 33.21052631578947), (108.8999999999999, 32.0), 5853, (105.3, 53.18421052631579), (106.5, 52.57894736842105), (89.7, 32.60526315789474), (146.1, 34.42105263157894), (146.70000000000002, 34.42105263157894), (110.1, 32.0), (89.7, 33.21052631578947), (100.49999999999999, 33.21052631578947), 229, 6076, (109.5, 53.18421052631579), (108.8999999999999, 54.39473684210526), 5434, (29.699999999999996, 34.42105263157894), 2393, (124.50000000000001, 53.18421052631579), (124.50000000000001, 54.39473684210526), (124.50000000000001, 53.78947368421053), 2347, (36.9, 34.42105263157894), 5651, 5445, (131.1, 32.0), 2094, 2221, 2220, 1870, 1872, 1871, 2219, 2217, 2218, 1885, 1883, 1884, 1886, 1887, 1430, 1431, 1432, 943, 944, 945, 1057, 1058, 1435, 1434, 1433, 2003, 2002, 1645, 1644, 1643, 1642, 2000, 1999, 2001, 1061, 1060, 1059, 1062, 1063, 1064, 1065, 1066, 1067, 1068, 1069, 1070, 1071, 926, 927, 928, 1087, 1088, 1089, 1090, 1091, 1092, 1093, 1094, 1095, 1096, 1097, 1098, 1099, 1100, 1101, 1102, 1103, 1104, 1105, 1106, 1107, 1108, 1109, 1110, 1111, 1112, 1113, 1114, 1115, 1116, 1117, 1118, 1119, 1120, 1121, 1122, 1123, 1124, 1125, 1126, 1127, 1128, 1129, 1130, 1131, 1132, 1133, 1134, 1135, 1136, 1137, 1138, 1139, 1140, 1141, 1142, 1143, 1144, 1145, 1146, 1147, 1148, 1149, 1150, 1151, 1152, 1153, 1154, 1155, 1156, 1157, 1158, 1159, 1160, 1161, 1162, 1163, 1164, 1165, 1166, 1167, 1168, 1169, 1170, 1171, 1172, 1173, 1174, 1175, 1176, 1177, 1178, 1179, 1180, 1181, 1182, 1183, (153.2999999999999, 53.18421052631579), (152.70000000000002, 52.57894736842105), 5642, (70.5, 32.0), (70.5, 33.81578947368421), 222, 5839, (77.1, 33.81578947368421), (48.9, 53.78947368421053), (21.299999999999997, 55.0), (20.099999999999998, 55.0), (57.300000000000004, 33.21052631578947), (57.9, 52.57894736842105), (58.5, 55.0), (146.1, 53.18421052631579), (113.1, 32.0), (20.7, 48.94736842105263), (93.3, 54.39473684210526), 433, 4948, 5697, (70.5, 34.42105263157894), (56.69999999999999, 32.0), (60.300000000000004, 32.60526315789474), (59.69999999999999, 53.78947368421053), (144.3, 53.78947368421053), (64.5, 34.42105263157894), (150.89999999999998, 32.60526315789474), (150.2999999999999, 33.81578947368421), (26.7, 33.81578947368421), (86.1, 54.39473684210526), (86.1, 55.0), (87.30000000000001, 53.78947368421053), 5854, (56.69999999999999, 34.42105263157894), (110.7, 33.21052631578947), (68.69999999999999, 54.39473684210526), (121.50000000000001, 53.18421052631579), 68, (21.9, 51.36842105263157), (128.7, 53.18421052631579), (143.70000000000002, 32.0), (29.699999999999996, 32.60526315789474), (98.69999999999999, 32.60526315789474), (116.7, 53.78947368421053), (34.5, 33.21052631578947), (47.099999999999994, 55.0), (46.5, 34.42105263157894), (152.1, 41.684210526315795), (99.3, 34.42105263157894), (140.7, 55.0), 5774, (147.3, 53.18421052631579), (149.10000000000002, 53.78947368421053), 1279, (134.7, 34.42105263157894), (85.5, 34.42105263157894), 5993, (83.10000000000001, 33.81578947368421), (107.69999999999999, 34.42105263157894), (131.7, 34.42105263157894), 5908, (75.9, 53.18421052631579), (117.30000000000001, 53.78947368421053), (128.10000000000002, 53.78947368421053), (129.29999999999998, 53.78947368421053), (59.69999999999999, 33.21052631578947), 3830, (92.69999999999999, 32.0), 1748, (30.9, 52.57894736842105), (32.7, 52.57894736842105), 2382, 5851, (73.5, 32.60526315789474), (29.699999999999996, 52.57894736842105), 13, (53.69999999999999, 32.60526315789474), (125.70000000000002, 55.0), (126.8999999999999, 55.0), (20.7, 50.15789473684211), (20.7, 49.55263157894737), (72.9, 54.39473684210526), (116.7, 33.21052631578947), 237, (69.3, 53.18421052631579), (141.89999999999992, 33.21052631578947), (21.9, 32.0), (21.299999999999997, 34.42105263157894), (19.5, 35.631578947368425), (20.099999999999998, 36.236842105263165), (56.69999999999999, 55.0), (57.9, 55.0), (58.5, 54.39473684210526), (143.1, 32.60526315789474), (27.3, 34.42105263157894), 5912, 5769, 5913, 5914, 5771, 5915, (34.5, 33.81578947368421), 5845, (71.10000000000001, 33.81578947368421), (65.1, 32.60526315789474), (140.1, 53.18421052631579), (140.7, 53.18421052631579), (140.7, 53.78947368421053), (141.3, 34.42105263157894), (147.3, 53.78947368421053), (149.7, 55.0), 6025, (87.89999999999999, 33.81578947368421), (86.7, 34.42105263157894), 6069, (154.5, 47.73684210526316), (153.2999999999999, 47.13157894736842), (24.3, 53.18421052631579), (98.10000000000001, 53.78947368421053), 2346, (96.89999999999999, 52.57894736842105), (96.30000000000001, 52.57894736842105), (108.3, 34.42105263157894), (21.299999999999997, 38.6578947368421), (96.89999999999999, 53.18421052631579), (35.7, 33.81578947368421), (77.1, 55.0), (75.3, 54.39473684210526), (74.69999999999999, 54.39473684210526), (66.9, 53.78947368421053), (22.5, 54.39473684210526), (23.1, 54.39473684210526), 6011, (93.3, 34.42105263157894), 5700, 5696, 2367, (109.5, 52.57894736842105), (100.49999999999999, 34.42105263157894), (90.9, 52.57894736842105), (143.70000000000002, 54.39473684210526), (143.70000000000002, 53.78947368421053), (48.9, 54.39473684210526), 2050, (31.5, 32.0), (152.70000000000002, 38.6578947368421), 2047, (112.5, 32.0), (113.7, 32.0), (153.9, 46.52631578947368), (154.5, 45.315789473684205), (78.89999999999999, 34.42105263157894), 5984, (26.7, 33.21052631578947), 5987, (80.69999999999999, 32.60526315789474), (80.1, 34.42105263157894), (19.5, 53.18421052631579), (29.699999999999996, 33.21052631578947), (21.9, 53.78947368421053), (22.5, 53.78947368421053), 5887, 5886, (58.5, 32.0), (71.10000000000001, 52.57894736842105), (75.3, 32.60526315789474), (75.3, 32.0), (92.69999999999999, 34.42105263157894), (123.89999999999989, 34.42105263157894), (68.10000000000001, 33.81578947368421), (68.69999999999999, 32.60526315789474), 439, (65.1, 54.39473684210526), 2361, 2351, 5989, 5988, 5883, 5882, 5881, 5880, 5879, 5878, 5877, 5876, 5875, 5874, 5873, 5872, 5871, 5870, 5869, 5868, 5867, 5866, 5865, 5864, 5863, 5862, 5861, (142.5, 53.78947368421053), 2384, (128.10000000000002, 32.60526315789474), (102.3, 53.18421052631579), 916, (88.5, 52.57894736842105), 339, (117.30000000000001, 53.18421052631579), (116.7, 52.57894736842105), 57, (56.69999999999999, 52.57894736842105), (56.1, 55.0), (98.69999999999999, 32.0), (19.5, 33.81578947368421), (57.9, 32.0), (132.29999999999998, 54.39473684210526), (131.7, 54.39473684210526), (21.9, 38.05263157894737), (131.1, 53.78947368421053), (131.7, 53.18421052631579), (130.5, 52.57894736842105), (109.5, 54.39473684210526), (112.5, 53.18421052631579), 772, 2396, (123.30000000000001, 54.39473684210526), (105.3, 55.0), (97.5, 53.18421052631579), (96.89999999999999, 55.0), 5900, 5750, 5751, 5752, 5753, 5754, 5755, (102.3, 33.81578947368421), (101.69999999999999, 32.0), 5437, (20.7, 41.684210526315795), (21.9, 40.47368421052631), (75.9, 52.57894736842105), (21.299999999999997, 45.315789473684205), (72.9, 53.78947368421053), (150.89999999999998, 53.78947368421053), (150.2999999999999, 53.78947368421053), (151.5, 52.57894736842105), (105.8999999999999, 54.39473684210526), (134.7, 33.21052631578947), (135.3, 33.21052631578947), (150.2999999999999, 53.18421052631579), (149.7, 52.57894736842105), (114.89999999999992, 32.60526315789474), (114.3, 32.60526315789474), (113.7, 32.60526315789474), (93.89999999999999, 33.81578947368421), (92.10000000000001, 52.57894736842105), (92.10000000000001, 55.0), (34.5, 53.78947368421053), (34.5, 55.0), 5439, (32.1, 34.42105263157894), 5768, (111.8999999999999, 34.42105263157894), (118.5, 32.0), (117.30000000000001, 32.0), (150.2999999999999, 34.42105263157894), (75.9, 55.0), (31.5, 34.42105263157894), (32.7, 33.21052631578947), (26.099999999999998, 32.60526315789474), (134.7, 32.0), (135.89999999999992, 33.81578947368421), 5458, (92.10000000000001, 33.21052631578947), (90.3, 33.21052631578947), (88.5, 32.60526315789474), (129.29999999999998, 52.57894736842105), (62.1, 53.78947368421053), (148.5, 32.60526315789474), 2103, (141.89999999999992, 53.78947368421053), (48.3, 52.57894736842105), (28.5, 32.60526315789474), (28.5, 33.21052631578947), (30.29999999999999, 32.0), (132.89999999999992, 52.57894736842105), (74.69999999999999, 33.21052631578947), (132.29999999999998, 33.21052631578947), (23.700000000000003, 53.78947368421053), (22.5, 53.18421052631579), (128.7, 54.39473684210526), (128.10000000000002, 54.39473684210526), (152.1, 44.10526315789474), (153.2999999999999, 38.05263157894737), (154.5, 38.05263157894737), (74.1, 53.78947368421053), (71.69999999999999, 55.0), (140.1, 52.57894736842105), 6022, (139.5, 55.0), (138.3, 55.0), (138.8999999999999, 54.39473684210526), (24.900000000000002, 55.0), (42.9, 55.0), (48.9, 55.0), 5426, (66.9, 54.39473684210526), (75.9, 32.60526315789474), (81.30000000000001, 54.39473684210526), 913, (87.30000000000001, 52.57894736842105), (86.7, 52.57894736842105), (85.5, 52.57894736842105), (84.3, 53.78947368421053), (71.10000000000001, 53.18421052631579), (45.300000000000004, 32.60526315789474), (44.699999999999996, 32.0), (49.5, 33.21052631578947), (48.9, 34.42105263157894), (20.099999999999998, 39.26315789473684), (20.099999999999998, 40.47368421052631), (119.7, 55.0), (120.30000000000001, 55.0), (122.10000000000001, 53.18421052631579), (121.50000000000001, 33.21052631578947), 234, 236, 5177, 5180, 4950, 4949, (58.5, 34.42105263157894), (59.1, 34.42105263157894), (103.49999999999999, 52.57894736842105), (54.3, 32.0), 5672, 5475, 5671, 5852, (77.69999999999999, 33.21052631578947), (102.3, 32.0), (99.3, 32.0), (36.3, 32.0), (20.099999999999998, 53.18421052631579), (127.49999999999999, 53.78947368421053), (69.3, 52.57894736842105), (68.10000000000001, 52.57894736842105), (66.3, 54.39473684210526), 5484, (36.3, 32.60526315789474), (42.9, 32.60526315789474), (44.099999999999994, 33.21052631578947), (146.1, 33.81578947368421), (145.5, 33.81578947368421), (149.10000000000002, 53.18421052631579), (86.7, 33.21052631578947), 5860, (63.9, 54.39473684210526), (63.9, 32.60526315789474), (63.9, 32.0), (149.10000000000002, 33.21052631578947), (137.7, 33.21052631578947), (20.099999999999998, 45.315789473684205), 2105, (111.8999999999999, 53.78947368421053), (112.5, 54.39473684210526), (114.3, 55.0), (150.89999999999998, 53.18421052631579), (151.5, 53.78947368421053), (149.10000000000002, 54.39473684210526), (127.49999999999999, 34.42105263157894), (125.1, 34.42105263157894), 15, (27.3, 53.78947368421053), (27.3, 54.39473684210526), (63.3, 52.57894736842105), 5931, (116.10000000000001, 33.21052631578947), (115.5, 34.42105263157894), (105.3, 32.60526315789474), (26.7, 32.0), 4274, (21.9, 39.86842105263157), 778, (26.7, 52.57894736842105), 2389, (140.1, 55.0), (101.1, 55.0), (66.9, 55.0), (60.9, 53.78947368421053), 6035, (132.89999999999992, 34.42105263157894), (94.5, 54.39473684210526), (94.5, 34.42105263157894), (95.7, 33.81578947368421), 6040, (137.1, 34.42105263157894), (136.5, 33.81578947368421), (130.5, 33.21052631578947), 1184, (95.7, 32.60526315789474), (45.300000000000004, 33.81578947368421)]
